ISO-10303-21;
HEADER;
FILE_DESCRIPTION (( 'STEP AP214' ),
    '1' );
FILE_NAME ('XH-YJ38-LJ-015-A0-方通-侧.STEP',
    '2026-06-04T11:01:25',
    ( 'Microsoft' ),
    ( 'Microsoft' ),
    'SwSTEP 2.0',
    'SolidWorks 2020',
    '' );
FILE_SCHEMA (( 'AUTOMOTIVE_DESIGN' ));
ENDSEC;

DATA;
#1 = ADVANCED_BREP_SHAPE_REPRESENTATION ( 'XH-YJ38-LJ-015-A0-方通-侧', ( #1081, #582 ), #1124 ) ;
#2 = EDGE_CURVE ( 'NONE', #244, #64, #1597, .T. ) ;
#3 = CARTESIAN_POINT ( 'NONE',  ( 454.3289876822187239, -3.000000000000000888, 151.0008021506929765 ) ) ;
#4 = DIRECTION ( 'NONE',  ( -0.000000000000000000, 1.000000000000000000, -0.000000000000000000 ) ) ;
#5 = ORIENTED_EDGE ( 'NONE', *, *, #939, .F. ) ;
#6 = DIRECTION ( 'NONE',  ( 0.000000000000000000, -1.000000000000000000, 0.000000000000000000 ) ) ;
#7 = CYLINDRICAL_SURFACE ( 'NONE', #117, 5.000000000000004441 ) ;
#8 = EDGE_LOOP ( 'NONE', ( #1204, #176, #1677, #643 ) ) ;
#9 = CARTESIAN_POINT ( 'NONE',  ( 446.0002626869999744, 0.000000000000000000, 226.2909261970000045 ) ) ;
#10 = ADVANCED_FACE ( 'NONE', ( #1388 ), #894, .F. ) ;
#11 =( NAMED_UNIT ( * ) SI_UNIT ( $, .STERADIAN. ) SOLID_ANGLE_UNIT ( ) );
#12 = ORIENTED_EDGE ( 'NONE', *, *, #1148, .T. ) ;
#13 = CARTESIAN_POINT ( 'NONE',  ( 432.0000000000000000, -44.00000000000000000, 167.0000000000000000 ) ) ;
#14 = PRESENTATION_STYLE_ASSIGNMENT (( #285 ) ) ;
#15 = ORIENTED_EDGE ( 'NONE', *, *, #578, .T. ) ;
#16 = VECTOR ( 'NONE', #446, 1000.000000000000000 ) ;
#17 = CYLINDRICAL_SURFACE ( 'NONE', #1406, 2.999999999999891642 ) ;
#18 = SURFACE_SIDE_STYLE ('',( #651 ) ) ;
#19 = ORIENTED_EDGE ( 'NONE', *, *, #1267, .T. ) ;
#20 = FACE_BOUND ( 'NONE', #686, .T. ) ;
#21 = CIRCLE ( 'NONE', #1411, 5.000000000000004441 ) ;
#22 = VERTEX_POINT ( 'NONE', #746 ) ;
#23 = AXIS2_PLACEMENT_3D ( 'NONE', #280, #1316, #1580 ) ;
#24 = CARTESIAN_POINT ( 'NONE',  ( 429.0000000000000000, -20.00000000000000000, 201.2909261969999761 ) ) ;
#25 = CARTESIAN_POINT ( 'NONE',  ( 432.0000000000000000, -50.00000000000000000, 1042.000000000000000 ) ) ;
#26 = ORIENTED_EDGE ( 'NONE', *, *, #62, .F. ) ;
#27 = ORIENTED_EDGE ( 'NONE', *, *, #111, .F. ) ;
#28 = CYLINDRICAL_SURFACE ( 'NONE', #1566, 2.999999999999891642 ) ;
#29 = COLOUR_RGB ( '',0.6274509803921568540, 0.6274509803921568540, 0.6431372549019607199 ) ;
#30 = CYLINDRICAL_SURFACE ( 'NONE', #413, 5.000000000000000888 ) ;
#31 = CYLINDRICAL_SURFACE ( 'NONE', #674, 5.000000000000000888 ) ;
#32 = ORIENTED_EDGE ( 'NONE', *, *, #590, .F. ) ;
#33 = DIRECTION ( 'NONE',  ( 0.000000000000000000, 0.000000000000000000, -1.000000000000000000 ) ) ;
#34 = VERTEX_POINT ( 'NONE', #93 ) ;
#35 = EDGE_CURVE ( 'NONE', #1462, #896, #1650, .T. ) ;
#36 = CIRCLE ( 'NONE', #1215, 5.000000000000004441 ) ;
#37 = FACE_OUTER_BOUND ( 'NONE', #913, .T. ) ;
#38 = STYLED_ITEM ( 'NONE', ( #127 ), #1082 ) ;
#39 = LINE ( 'NONE', #184, #472 ) ;
#40 = DIRECTION ( 'NONE',  ( -1.000000000000000000, 0.000000000000000000, 0.000000000000000000 ) ) ;
#41 = COLOUR_RGB ( '',0.6274509803921568540, 0.6274509803921568540, 0.6431372549019607199 ) ;
#42 = ORIENTED_EDGE ( 'NONE', *, *, #956, .F. ) ;
#43 = CARTESIAN_POINT ( 'NONE',  ( 451.0002626869999744, -1.000000000000000000, 226.2909261970000045 ) ) ;
#44 = VECTOR ( 'NONE', #961, 1000.000000000000000 ) ;
#45 = ORIENTED_EDGE ( 'NONE', *, *, #1435, .T. ) ;
#46 = MECHANICAL_DESIGN_GEOMETRIC_PRESENTATION_REPRESENTATION (  '', ( #741 ), #632 ) ;
#47 = EDGE_CURVE ( 'NONE', #265, #1368, #1417, .T. ) ;
#48 = CARTESIAN_POINT ( 'NONE',  ( 446.0002626869999744, -47.00000000000000000, 226.2909261970000045 ) ) ;
#49 = PRESENTATION_STYLE_ASSIGNMENT (( #1456 ) ) ;
#50 = EDGE_CURVE ( 'NONE', #1478, #1318, #1301, .T. ) ;
#51 = MECHANICAL_DESIGN_GEOMETRIC_PRESENTATION_REPRESENTATION (  '', ( #574 ), #1449 ) ;
#52 = CARTESIAN_POINT ( 'NONE',  ( 470.0000000000000000, -6.000000000000000000, 410.0000000000000000 ) ) ;
#53 = DIRECTION ( 'NONE',  ( 0.000000000000000000, 0.000000000000000000, -1.000000000000000000 ) ) ;
#54 = ORIENTED_EDGE ( 'NONE', *, *, #1646, .F. ) ;
#55 = CARTESIAN_POINT ( 'NONE',  ( 470.0000000000000000, -50.00000000000000000, 167.0000000000000000 ) ) ;
#56 = COLOUR_RGB ( '',0.6274509803921568540, 0.6274509803921568540, 0.6431372549019607199 ) ;
#57 = PRODUCT_DEFINITION_FORMATION_WITH_SPECIFIED_SOURCE ( '任何', '', #1224, .NOT_KNOWN. ) ;
#58 = ORIENTED_EDGE ( 'NONE', *, *, #131, .F. ) ;
#59 = DIRECTION ( 'NONE',  ( 0.000000000000000000, 1.000000000000000000, 0.000000000000000000 ) ) ;
#60 = DIRECTION ( 'NONE',  ( 0.000000000000000000, 0.000000000000000000, 1.000000000000000000 ) ) ;
#61 = DIRECTION ( 'NONE',  ( 1.000000000000000000, 0.000000000000000000, 0.000000000000000000 ) ) ;
#62 = EDGE_CURVE ( 'NONE', #818, #1391, #490, .T. ) ;
#63 = DIRECTION ( 'NONE',  ( 0.000000000000000000, 0.000000000000000000, 1.000000000000000000 ) ) ;
#64 = VERTEX_POINT ( 'NONE', #24 ) ;
#65 = DIRECTION ( 'NONE',  ( -0.000000000000000000, -1.000000000000000000, -0.000000000000000000 ) ) ;
#66 = DIRECTION ( 'NONE',  ( 0.000000000000000000, 0.000000000000000000, 1.000000000000000000 ) ) ;
#67 = ORIENTED_EDGE ( 'NONE', *, *, #939, .T. ) ;
#68 = AXIS2_PLACEMENT_3D ( 'NONE', #993, #1129, #1010 ) ;
#69 = CARTESIAN_POINT ( 'NONE',  ( 441.7651913768700638, -46.99999999999997868, 1040.233802836899031 ) ) ;
#70 = SURFACE_STYLE_FILL_AREA ( #732 ) ;
#71 = VECTOR ( 'NONE', #1199, 1000.000000000000000 ) ;
#72 = CARTESIAN_POINT ( 'NONE',  ( 441.0723500405770778, 0.000000000000000000, 166.9999999999942872 ) ) ;
#73 = DIRECTION ( 'NONE',  ( 0.000000000000000000, 1.000000000000000000, 0.000000000000000000 ) ) ;
#74 = COLOUR_RGB ( '',0.6274509803921568540, 0.6274509803921568540, 0.6431372549019607199 ) ;
#75 = EDGE_CURVE ( 'NONE', #515, #1134, #392, .T. ) ;
#76 = EDGE_LOOP ( 'NONE', ( #878, #763 ) ) ;
#77 = PRODUCT_CONTEXT ( 'NONE', #1059, 'mechanical' ) ;
#78 = ORIENTED_EDGE ( 'NONE', *, *, #817, .F. ) ;
#79 = AXIS2_PLACEMENT_3D ( 'NONE', #527, #1489, #680 ) ;
#80 = LINE ( 'NONE', #1213, #1386 ) ;
#81 = CARTESIAN_POINT ( 'NONE',  ( 476.0000000000000000, -44.00000000000000000, 1042.000000000000000 ) ) ;
#82 = STYLED_ITEM ( 'NONE', ( #1136 ), #1559 ) ;
#83 = SURFACE_STYLE_FILL_AREA ( #599 ) ;
#84 = LINE ( 'NONE', #618, #1593 ) ;
#85 = VERTEX_POINT ( 'NONE', #907 ) ;
#86 = UNCERTAINTY_MEASURE_WITH_UNIT (LENGTH_MEASURE( 1.000000000000000082E-05 ), #1156, 'distance_accuracy_value', 'NONE');
#87 = VERTEX_POINT ( 'NONE', #521 ) ;
#88 = EDGE_CURVE ( 'NONE', #1127, #1368, #704, .T. ) ;
#89 = CARTESIAN_POINT ( 'NONE',  ( 432.0000000000000000, -6.000000000000000000, 1042.000000000000000 ) ) ;
#90 = DIRECTION ( 'NONE',  ( 1.000000000000000000, 0.000000000000000000, 0.000000000000000000 ) ) ;
#91 = CARTESIAN_POINT ( 'NONE',  ( 465.5361751555014962, 0.000000000000000000, 167.0000000000000000 ) ) ;
#92 = LINE ( 'NONE', #362, #1322 ) ;
#93 = CARTESIAN_POINT ( 'NONE',  ( 476.0000000000000000, -44.00000000000000000, 1042.000000000000000 ) ) ;
#94 = ORIENTED_EDGE ( 'NONE', *, *, #484, .T. ) ;
#95 = LINE ( 'NONE', #245, #874 ) ;
#96 = ADVANCED_FACE ( 'NONE', ( #1430 ), #136, .F. ) ;
#97 =( NAMED_UNIT ( * ) SI_UNIT ( $, .STERADIAN. ) SOLID_ANGLE_UNIT ( ) );
#98 = CARTESIAN_POINT ( 'NONE',  ( 470.0000000000000000, -6.000000000000000000, 1042.000000000000000 ) ) ;
#99 = CARTESIAN_POINT ( 'NONE',  ( 476.0000000000000000, -6.000000000000000000, 167.0000000000000000 ) ) ;
#100 = CIRCLE ( 'NONE', #1107, 5.000000000000004441 ) ;
#101 = VECTOR ( 'NONE', #1332, 1000.000000000000000 ) ;
#102 = ORIENTED_EDGE ( 'NONE', *, *, #994, .T. ) ;
#103 = CARTESIAN_POINT ( 'NONE',  ( 476.0000000000000000, -25.00000000000000000, 201.2909261969999761 ) ) ;
#104 = UNCERTAINTY_MEASURE_WITH_UNIT (LENGTH_MEASURE( 1.000000000000000082E-05 ), #658, 'distance_accuracy_value', 'NONE');
#105 = VERTEX_POINT ( 'NONE', #1033 ) ;
#106 = DIRECTION ( 'NONE',  ( 0.000000000000000000, -1.000000000000000000, 0.000000000000000000 ) ) ;
#107 = CARTESIAN_POINT ( 'NONE',  ( 454.3289876546479604, -50.00000000000000000, 151.0008021506933460 ) ) ;
#108 = VECTOR ( 'NONE', #358, 1000.000000000000000 ) ;
#109 = FILL_AREA_STYLE ('',( #1373 ) ) ;
#110 = CARTESIAN_POINT ( 'NONE',  ( 460.2348086235907090, -50.00000000000000000, 1040.233802837384928 ) ) ;
#111 = EDGE_CURVE ( 'NONE', #1304, #754, #1181, .T. ) ;
#112 = ORIENTED_EDGE ( 'NONE', *, *, #1157, .F. ) ;
#113 = CARTESIAN_POINT ( 'NONE',  ( 451.0002626869999744, 0.000000000000000000, 226.2909261970000045 ) ) ;
#114 = ORIENTED_EDGE ( 'NONE', *, *, #1657, .T. ) ;
#115 = AXIS2_PLACEMENT_3D ( 'NONE', #1586, #423, #941 ) ;
#116 = CARTESIAN_POINT ( 'NONE',  ( 461.0723503110039019, -47.00000000000000000, 166.9999999999985221 ) ) ;
#117 = AXIS2_PLACEMENT_3D ( 'NONE', #1045, #662, #1171 ) ;
#118 = PRESENTATION_STYLE_ASSIGNMENT (( #150 ) ) ;
#119 = ADVANCED_FACE ( 'NONE', ( #126, #1058, #1293 ), #807, .T. ) ;
#120 = ORIENTED_EDGE ( 'NONE', *, *, #1626, .F. ) ;
#121 = DIRECTION ( 'NONE',  ( 0.000000000000000000, 1.000000000000000000, 0.000000000000000000 ) ) ;
#122 = EDGE_LOOP ( 'NONE', ( #709, #146, #1653, #1038 ) ) ;
#123 = AXIS2_PLACEMENT_3D ( 'NONE', #1384, #1130, #609 ) ;
#124 = CARTESIAN_POINT ( 'NONE',  ( 470.0000000000000000, -6.000000000000000000, 167.0000000000000000 ) ) ;
#125 = CARTESIAN_POINT ( 'NONE',  ( 470.0000000000000000, -44.00000000000000000, 1042.000000000000000 ) ) ;
#126 = FACE_BOUND ( 'NONE', #1493, .T. ) ;
#127 = PRESENTATION_STYLE_ASSIGNMENT (( #522 ) ) ;
#128 = EDGE_CURVE ( 'NONE', #344, #1572, #1414, .T. ) ;
#129 = VERTEX_POINT ( 'NONE', #415 ) ;
#130 = AXIS2_PLACEMENT_3D ( 'NONE', #538, #1317, #1052 ) ;
#131 = EDGE_CURVE ( 'NONE', #265, #482, #638, .T. ) ;
#132 = CIRCLE ( 'NONE', #509, 5.000000000000000888 ) ;
#133 = VECTOR ( 'NONE', #1051, 1000.000000000000000 ) ;
#134 = CARTESIAN_POINT ( 'NONE',  ( 429.0000000000000000, -6.000000000000000000, 167.0000000000000000 ) ) ;
#135 = VECTOR ( 'NONE', #1209, 1000.000000000000000 ) ;
#136 = CYLINDRICAL_SURFACE ( 'NONE', #868, 5.000000000000000888 ) ;
#137 = FACE_OUTER_BOUND ( 'NONE', #526, .T. ) ;
#138 = AXIS2_PLACEMENT_3D ( 'NONE', #124, #1283, #1675 ) ;
#139 = ORIENTED_EDGE ( 'NONE', *, *, #47, .T. ) ;
#140 = CARTESIAN_POINT ( 'NONE',  ( 439.0306474368937870, -50.00000000000000000, 1039.000000000000227 ) ) ;
#141 =( NAMED_UNIT ( * ) PLANE_ANGLE_UNIT ( ) SI_UNIT ( $, .RADIAN. ) );
#142 = ORIENTED_EDGE ( 'NONE', *, *, #88, .T. ) ;
#143 = EDGE_CURVE ( 'NONE', #716, #1069, #848, .T. ) ;
#144 = DIRECTION ( 'NONE',  ( 0.000000000000000000, 1.000000000000000000, 0.000000000000000000 ) ) ;
#145 = CARTESIAN_POINT ( 'NONE',  ( 476.0000000000000000, -6.000000000000000000, 167.0000000000000000 ) ) ;
#146 = ORIENTED_EDGE ( 'NONE', *, *, #1212, .T. ) ;
#147 = CARTESIAN_POINT ( 'NONE',  ( 460.2348086235904248, 0.000000000000000000, 1040.233802837384246 ) ) ;
#148 =( NAMED_UNIT ( * ) SI_UNIT ( $, .STERADIAN. ) SOLID_ANGLE_UNIT ( ) );
#149 = ORIENTED_EDGE ( 'NONE', *, *, #645, .F. ) ;
#150 = SURFACE_STYLE_USAGE ( .BOTH. , #666 ) ;
#151 = DIRECTION ( 'NONE',  ( -0.000000000000000000, -1.000000000000000000, -0.000000000000000000 ) ) ;
#152 = PLANE ( 'NONE',  #1075 ) ;
#153 = ORIENTED_EDGE ( 'NONE', *, *, #1614, .F. ) ;
#154 = FACE_OUTER_BOUND ( 'NONE', #251, .T. ) ;
#155 = VECTOR ( 'NONE', #73, 1000.000000000000000 ) ;
#156 = ORIENTED_EDGE ( 'NONE', *, *, #1604, .T. ) ;
#157 = AXIS2_PLACEMENT_3D ( 'NONE', #43, #465, #474 ) ;
#158 = DIRECTION ( 'NONE',  ( 0.000000000000000000, 0.000000000000000000, 1.000000000000000000 ) ) ;
#159 = DIRECTION ( 'NONE',  ( 0.000000000000000000, 0.000000000000000000, 1.000000000000000000 ) ) ;
#160 = ADVANCED_FACE ( 'NONE', ( #1216 ), #579, .F. ) ;
#161 = CARTESIAN_POINT ( 'NONE',  ( 451.0002626869999744, -136.0000000000000000, 226.2909261970000045 ) ) ;
#162 = ORIENTED_EDGE ( 'NONE', *, *, #178, .F. ) ;
#163 = DIRECTION ( 'NONE',  ( -1.000000000000000000, 0.000000000000000000, 0.000000000000000000 ) ) ;
#164 = AXIS2_PLACEMENT_3D ( 'NONE', #865, #182, #731 ) ;
#165 = FACE_OUTER_BOUND ( 'NONE', #1155, .T. ) ;
#166 = ORIENTED_EDGE ( 'NONE', *, *, #484, .F. ) ;
#167 = CARTESIAN_POINT ( 'NONE',  ( 439.0306474368937870, -3.000000000000000000, 1039.000000000000227 ) ) ;
#168 = DIRECTION ( 'NONE',  ( 0.000000000000000000, 1.000000000000000000, 0.000000000000000000 ) ) ;
#169 = EDGE_CURVE ( 'NONE', #383, #1211, #588, .T. ) ;
#170 = ORIENTED_EDGE ( 'NONE', *, *, #655, .F. ) ;
#171 = CARTESIAN_POINT ( 'NONE',  ( 473.0000000000000000, -25.00000000000000000, 201.2909261969999761 ) ) ;
#172 = SURFACE_STYLE_USAGE ( .BOTH. , #1236 ) ;
#173 = ORIENTED_EDGE ( 'NONE', *, *, #397, .T. ) ;
#174 = DIRECTION ( 'NONE',  ( 0.000000000000000000, 1.000000000000000000, 0.000000000000000000 ) ) ;
#175 = DIRECTION ( 'NONE',  ( 0.000000000000000000, 1.000000000000000000, 0.000000000000000000 ) ) ;
#176 = ORIENTED_EDGE ( 'NONE', *, *, #287, .F. ) ;
#177 = CARTESIAN_POINT ( 'NONE',  ( 429.0000000000000000, -30.00000000000000000, 201.2909261969999761 ) ) ;
#178 = EDGE_CURVE ( 'NONE', #1208, #283, #1250, .T. ) ;
#179 = VERTEX_POINT ( 'NONE', #1459 ) ;
#180 = EDGE_CURVE ( 'NONE', #1609, #1601, #320, .T. ) ;
#181 = AXIS2_PLACEMENT_3D ( 'NONE', #1611, #441, #450 ) ;
#182 = DIRECTION ( 'NONE',  ( 0.000000000000000000, 1.000000000000000000, 0.000000000000000000 ) ) ;
#183 = LINE ( 'NONE', #964, #1028 ) ;
#184 = CARTESIAN_POINT ( 'NONE',  ( 436.5000000000134719, 0.000000000000000000, 1042.000000000000000 ) ) ;
#185 = CARTESIAN_POINT ( 'NONE',  ( 451.0002626869999744, -47.00000000000000000, 176.2909261969999761 ) ) ;
#186 = ORIENTED_EDGE ( 'NONE', *, *, #1521, .T. ) ;
#187 = CARTESIAN_POINT ( 'NONE',  ( 432.0000000000000000, -3.000000000000000000, 1042.000000000000000 ) ) ;
#188 = VERTEX_POINT ( 'NONE', #451 ) ;
#189 = ADVANCED_FACE ( 'NONE', ( #567, #434 ), #1241, .F. ) ;
#190 = LINE ( 'NONE', #1230, #1602 ) ;
#191 = CARTESIAN_POINT ( 'NONE',  ( 500.0000000000000000, -135.0000000000000000, 1042.000000000000000 ) ) ;
#192 = VECTOR ( 'NONE', #462, 1000.000000000000000 ) ;
#193 = CARTESIAN_POINT ( 'NONE',  ( 473.0000000000000000, -44.00000000000000000, 1042.000000000000000 ) ) ;
#194 = CARTESIAN_POINT ( 'NONE',  ( 441.0723503109858257, -47.00000000000000000, 166.9999999999945999 ) ) ;
#195 = VECTOR ( 'NONE', #1339, 1000.000000000000000 ) ;
#196 = ORIENTED_EDGE ( 'NONE', *, *, #1497, .T. ) ;
#197 = DIRECTION ( 'NONE',  ( 0.000000000000000000, 0.000000000000000000, -1.000000000000000000 ) ) ;
#198 = VERTEX_POINT ( 'NONE', #193 ) ;
#199 = DIRECTION ( 'NONE',  ( 0.000000000000000000, 0.000000000000000000, 1.000000000000000000 ) ) ;
#200 = DIRECTION ( 'NONE',  ( 0.000000000000000000, 0.000000000000000000, 1.000000000000000000 ) ) ;
#201 = EDGE_CURVE ( 'NONE', #945, #1326, #39, .T. ) ;
#202 = CARTESIAN_POINT ( 'NONE',  ( 460.2348086235904248, 0.000000000000000000, 1040.233802837384246 ) ) ;
#203 = CARTESIAN_POINT ( 'NONE',  ( 456.0002626869999744, -47.00000000000000000, 176.2909261969999761 ) ) ;
#204 = ORIENTED_EDGE ( 'NONE', *, *, #1049, .F. ) ;
#205 = CARTESIAN_POINT ( 'NONE',  ( 446.0002626869999744, -2.999999999999988898, 176.2909261969999761 ) ) ;
#206 = AXIS2_PLACEMENT_3D ( 'NONE', #171, #1319, #691 ) ;
#207 = UNCERTAINTY_MEASURE_WITH_UNIT (LENGTH_MEASURE( 1.000000000000000082E-05 ), #1153, 'distance_accuracy_value', 'NONE');
#208 = ORIENTED_EDGE ( 'NONE', *, *, #776, .F. ) ;
#209 = CIRCLE ( 'NONE', #1158, 2.999999999999891642 ) ;
#210 = CARTESIAN_POINT ( 'NONE',  ( 441.0723503109588819, -50.00000000000000000, 167.0000000000204636 ) ) ;
#211 = AXIS2_PLACEMENT_3D ( 'NONE', #1642, #1537, #479 ) ;
#212 = SURFACE_SIDE_STYLE ('',( #83 ) ) ;
#213 = CARTESIAN_POINT ( 'NONE',  ( 441.0723503109999797, -135.0000000000000000, 167.0000000000000000 ) ) ;
#214 = EDGE_LOOP ( 'NONE', ( #1359, #290, #640, #670, #583, #1534, #1370, #331, #334, #928, #684, #286 ) ) ;
#215 = VECTOR ( 'NONE', #650, 1000.000000000000000 ) ;
#216 = LINE ( 'NONE', #55, #16 ) ;
#217 = ORIENTED_EDGE ( 'NONE', *, *, #959, .T. ) ;
#218 = DIRECTION ( 'NONE',  ( 1.000000000000000000, 0.000000000000000000, 0.000000000000000000 ) ) ;
#219 = VECTOR ( 'NONE', #889, 1000.000000000000000 ) ;
#220 =( NAMED_UNIT ( * ) PLANE_ANGLE_UNIT ( ) SI_UNIT ( $, .RADIAN. ) );
#221 = FACE_OUTER_BOUND ( 'NONE', #1007, .T. ) ;
#222 = DIRECTION ( 'NONE',  ( 1.000000000000000000, 0.000000000000000000, 0.000000000000000000 ) ) ;
#223 = FILL_AREA_STYLE_COLOUR ( '', #266 ) ;
#224 = UNCERTAINTY_MEASURE_WITH_UNIT (LENGTH_MEASURE( 1.000000000000000082E-05 ), #376, 'distance_accuracy_value', 'NONE');
#225 = PRODUCT_DEFINITION ( '未知', '', #57, #1397 ) ;
#226 = ORIENTED_EDGE ( 'NONE', *, *, #430, .F. ) ;
#227 = B_SPLINE_CURVE_WITH_KNOTS ( 'NONE', 3,
 ( #1555, #394, #1044, #1564 ),
 .UNSPECIFIED., .F., .F.,
 ( 4, 4 ),
 ( 0.000000000000000000, 1.000000000000000000 ),
 .UNSPECIFIED. ) ;
#228 = FACE_OUTER_BOUND ( 'NONE', #693, .T. ) ;
#229 = DIRECTION ( 'NONE',  ( 0.000000000000000000, -1.000000000000000000, 0.000000000000000000 ) ) ;
#230 = B_SPLINE_CURVE_WITH_KNOTS ( 'NONE', 3,
 ( #110, #1147, #1113, #983 ),
 .UNSPECIFIED., .F., .F.,
 ( 4, 4 ),
 ( 0.04396278278863142985, 0.9559706306040196555 ),
 .UNSPECIFIED. ) ;
#231 = PLANE ( 'NONE',  #211 ) ;
#232 = ORIENTED_EDGE ( 'NONE', *, *, #1511, .F. ) ;
#233 = SURFACE_STYLE_USAGE ( .BOTH. , #1288 ) ;
#234 = ORIENTED_EDGE ( 'NONE', *, *, #1119, .F. ) ;
#235 = EDGE_CURVE ( 'NONE', #902, #1391, #305, .T. ) ;
#236 = DIRECTION ( 'NONE',  ( 0.000000000000000000, 1.000000000000000000, 0.000000000000000000 ) ) ;
#237 = FACE_OUTER_BOUND ( 'NONE', #660, .T. ) ;
#238 = DIRECTION ( 'NONE',  ( -0.000000000000000000, -1.000000000000000000, -0.000000000000000000 ) ) ;
#239 = AXIS2_PLACEMENT_3D ( 'NONE', #1019, #735, #996 ) ;
#240 = ORIENTED_EDGE ( 'NONE', *, *, #50, .F. ) ;
#241 = LINE ( 'NONE', #1143, #1078 ) ;
#242 = VECTOR ( 'NONE', #355, 1000.000000000000000 ) ;
#243 = PRESENTATION_LAYER_ASSIGNMENT (  '', '', ( #973 ) ) ;
#244 = VERTEX_POINT ( 'NONE', #1595 ) ;
#245 = CARTESIAN_POINT ( 'NONE',  ( 426.0000000000000000, -6.000000000000000000, 1042.000000000000000 ) ) ;
#246 = ADVANCED_FACE ( 'NONE', ( #1491 ), #297, .T. ) ;
#247 = PRESENTATION_LAYER_ASSIGNMENT (  '', '', ( #82 ) ) ;
#248 = PRESENTATION_STYLE_ASSIGNMENT (( #892 ) ) ;
#249 = ORIENTED_EDGE ( 'NONE', *, *, #749, .T. ) ;
#250 = DIRECTION ( 'NONE',  ( 0.000000000000000000, 0.000000000000000000, -1.000000000000000000 ) ) ;
#251 = EDGE_LOOP ( 'NONE', ( #798, #1361, #585, #1645, #842, #1195, #1567, #573, #719, #771 ) ) ;
#252 = AXIS2_PLACEMENT_3D ( 'NONE', #829, #965, #839 ) ;
#253 = LINE ( 'NONE', #1031, #1196 ) ;
#254 = CARTESIAN_POINT ( 'NONE',  ( 426.0000000000000000, -44.00000000000000000, 167.0000000000000000 ) ) ;
#255 = ADVANCED_FACE ( 'NONE', ( #1475 ), #30, .F. ) ;
#256 = DIRECTION ( 'NONE',  ( 0.000000000000000000, 0.000000000000000000, 1.000000000000000000 ) ) ;
#257 = ADVANCED_FACE ( 'NONE', ( #1366 ), #1226, .F. ) ;
#258 = LINE ( 'NONE', #1294, #1248 ) ;
#259 = ORIENTED_EDGE ( 'NONE', *, *, #1416, .F. ) ;
#260 = MECHANICAL_DESIGN_GEOMETRIC_PRESENTATION_REPRESENTATION (  '', ( #1291 ), #855 ) ;
#261 = CARTESIAN_POINT ( 'NONE',  ( 454.0782695413353736, -3.000000000000000000, 1026.588732387588607 ) ) ;
#262 = DIRECTION ( 'NONE',  ( -1.000000000000000000, 0.000000000000000000, 0.000000000000000000 ) ) ;
#263 =( GEOMETRIC_REPRESENTATION_CONTEXT ( 3 ) GLOBAL_UNCERTAINTY_ASSIGNED_CONTEXT ( ( #1108 ) ) GLOBAL_UNIT_ASSIGNED_CONTEXT ( ( #432, #828, #587 ) ) REPRESENTATION_CONTEXT ( 'NONE', 'WORKASPACE' ) );
#264 = EDGE_CURVE ( 'NONE', #1221, #960, #706, .T. ) ;
#265 = VERTEX_POINT ( 'NONE', #1232 ) ;
#266 = COLOUR_RGB ( '',0.6509803921568627638, 0.6196078431372549211, 0.5882352941176470784 ) ;
#267 = B_SPLINE_CURVE_WITH_KNOTS ( 'NONE', 3,
 ( #1551, #261, #396, #1315 ),
 .UNSPECIFIED., .F., .F.,
 ( 4, 4 ),
 ( 0.04396278278863421929, 0.9559706306040086643 ),
 .UNSPECIFIED. ) ;
#268 = ORIENTED_EDGE ( 'NONE', *, *, #970, .F. ) ;
#269 = STYLED_ITEM ( 'NONE', ( #672 ), #119 ) ;
#270 = DIRECTION ( 'NONE',  ( -0.000000000000000000, -1.000000000000000000, -0.000000000000000000 ) ) ;
#271 = FILL_AREA_STYLE_COLOUR ( '', #317 ) ;
#272 = ORIENTED_EDGE ( 'NONE', *, *, #304, .T. ) ;
#273 =( LENGTH_UNIT ( ) NAMED_UNIT ( * ) SI_UNIT ( .MILLI., .METRE. ) );
#274 = ADVANCED_FACE ( 'NONE', ( #442 ), #555, .F. ) ;
#275 = VECTOR ( 'NONE', #1631, 1000.000000000000000 ) ;
#276 = VERTEX_POINT ( 'NONE', #202 ) ;
#277 = DIRECTION ( 'NONE',  ( 0.000000000000000000, 0.000000000000000000, -1.000000000000000000 ) ) ;
#278 = MECHANICAL_DESIGN_GEOMETRIC_PRESENTATION_REPRESENTATION (  '', ( #1095 ), #1231 ) ;
#279 = COLOUR_RGB ( '',0.6274509803921568540, 0.6274509803921568540, 0.6431372549019607199 ) ;
#280 = CARTESIAN_POINT ( 'NONE',  ( 470.0000000000000000, -6.000000000000000000, 167.0000000000000000 ) ) ;
#281 =( NAMED_UNIT ( * ) SI_UNIT ( $, .STERADIAN. ) SOLID_ANGLE_UNIT ( ) );
#282 = APPLICATION_CONTEXT ( 'automotive_design' ) ;
#283 = VERTEX_POINT ( 'NONE', #816 ) ;
#284 = DIRECTION ( 'NONE',  ( 1.000000000000000000, 0.000000000000000000, 0.000000000000000000 ) ) ;
#285 = SURFACE_STYLE_USAGE ( .BOTH. , #1565 ) ;
#286 = ORIENTED_EDGE ( 'NONE', *, *, #701, .F. ) ;
#287 = EDGE_CURVE ( 'NONE', #1069, #64, #1621, .T. ) ;
#288 = DIRECTION ( 'NONE',  ( 0.000000000000000000, 0.000000000000000000, 1.000000000000000000 ) ) ;
#289 = CIRCLE ( 'NONE', #68, 5.000000000000000888 ) ;
#290 = ORIENTED_EDGE ( 'NONE', *, *, #1062, .T. ) ;
#291 = FACE_OUTER_BOUND ( 'NONE', #1581, .T. ) ;
#292 = VECTOR ( 'NONE', #689, 1000.000000000000000 ) ;
#293 = ORIENTED_EDGE ( 'NONE', *, *, #1365, .T. ) ;
#294 = AXIS2_PLACEMENT_3D ( 'NONE', #113, #1651, #381 ) ;
#295 = CARTESIAN_POINT ( 'NONE',  ( 451.0002626869999744, -50.00000000000000000, 226.2909261970000045 ) ) ;
#296 = EDGE_CURVE ( 'NONE', #1464, #403, #927, .T. ) ;
#297 = PLANE ( 'NONE',  #1438 ) ;
#298 = VECTOR ( 'NONE', #1225, 1000.000000000000000 ) ;
#299 = FACE_OUTER_BOUND ( 'NONE', #931, .T. ) ;
#300 = ORIENTED_EDGE ( 'NONE', *, *, #665, .T. ) ;
#301 = AXIS2_PLACEMENT_3D ( 'NONE', #1610, #963, #1355 ) ;
#302 = ORIENTED_EDGE ( 'NONE', *, *, #1210, .T. ) ;
#303 = CARTESIAN_POINT ( 'NONE',  ( 470.0000000000000000, -47.00000000000000000, 1042.000000000000000 ) ) ;
#304 = EDGE_CURVE ( 'NONE', #523, #631, #1605, .T. ) ;
#305 = LINE ( 'NONE', #976, #330 ) ;
#306 = CYLINDRICAL_SURFACE ( 'NONE', #1515, 6.000000000000005329 ) ;
#307 = PRESENTATION_LAYER_ASSIGNMENT (  '', '', ( #1037 ) ) ;
#308 = EDGE_CURVE ( 'NONE', #309, #591, #845, .T. ) ;
#309 = VERTEX_POINT ( 'NONE', #995 ) ;
#310 = DIRECTION ( 'NONE',  ( -1.000000000000000000, 0.000000000000000000, 0.000000000000000000 ) ) ;
#311 = ORIENTED_EDGE ( 'NONE', *, *, #1508, .F. ) ;
#312 = DIRECTION ( 'NONE',  ( 1.000000000000000000, 0.000000000000000000, 0.000000000000000000 ) ) ;
#313 = DIRECTION ( 'NONE',  ( 1.000000000000000000, 0.000000000000000000, 0.000000000000000000 ) ) ;
#314 = ORIENTED_EDGE ( 'NONE', *, *, #430, .T. ) ;
#315 = EDGE_CURVE ( 'NONE', #105, #962, #495, .T. ) ;
#316 = VERTEX_POINT ( 'NONE', #72 ) ;
#317 = COLOUR_RGB ( '',0.6274509803921568540, 0.6274509803921568540, 0.6431372549019607199 ) ;
#318 = AXIS2_PLACEMENT_3D ( 'NONE', #751, #1655, #346 ) ;
#319 = CARTESIAN_POINT ( 'NONE',  ( 432.0000000000000000, -6.000000000000000000, 260.0000000000000000 ) ) ;
#320 = LINE ( 'NONE', #957, #1201 ) ;
#321 = DIRECTION ( 'NONE',  ( 0.000000000000000000, 0.000000000000000000, 1.000000000000000000 ) ) ;
#322 = ORIENTED_EDGE ( 'NONE', *, *, #128, .T. ) ;
#323 = CARTESIAN_POINT ( 'NONE',  ( 476.0000000000000000, -30.00000000000000000, 201.2909261969999761 ) ) ;
#324 = VECTOR ( 'NONE', #1011, 1000.000000000000000 ) ;
#325 = EDGE_LOOP ( 'NONE', ( #1307, #1633, #142, #1255 ) ) ;
#326 = CYLINDRICAL_SURFACE ( 'NONE', #1454, 2.999999999999891642 ) ;
#327 = AXIS2_PLACEMENT_3D ( 'NONE', #1122, #501, #478 ) ;
#328 = CARTESIAN_POINT ( 'NONE',  ( 447.6623209556242955, -50.00000000000000000, 151.0008021523247521 ) ) ;
#329 = CARTESIAN_POINT ( 'NONE',  ( 446.0002626869999744, -50.00000000000000000, 176.2909261969999761 ) ) ;
#330 = VECTOR ( 'NONE', #821, 1000.000000000000000 ) ;
#331 = ORIENTED_EDGE ( 'NONE', *, *, #1390, .T. ) ;
#332 = FILL_AREA_STYLE_COLOUR ( '', #74 ) ;
#333 =( NAMED_UNIT ( * ) PLANE_ANGLE_UNIT ( ) SI_UNIT ( $, .RADIAN. ) );
#334 = ORIENTED_EDGE ( 'NONE', *, *, #1335, .F. ) ;
#335 =( LENGTH_UNIT ( ) NAMED_UNIT ( * ) SI_UNIT ( .MILLI., .METRE. ) );
#336 = DIRECTION ( 'NONE',  ( -1.000000000000000000, 0.000000000000000000, 0.000000000000000000 ) ) ;
#337 = EDGE_CURVE ( 'NONE', #1012, #543, #1656, .T. ) ;
#338 =( NAMED_UNIT ( * ) SI_UNIT ( $, .STERADIAN. ) SOLID_ANGLE_UNIT ( ) );
#339 = CARTESIAN_POINT ( 'NONE',  ( 473.0000000000000000, -44.00000000000000000, 1042.000000000000000 ) ) ;
#340 = B_SPLINE_SURFACE_WITH_KNOTS ( 'NONE', 3, 1, ( 
 ( #440, #1488 ),
 ( #1223, #449 ),
 ( #827, #1473 ),
 ( #1637, #69 ) ),
 .UNSPECIFIED., .F., .F., .F.,
 ( 4, 4 ),
 ( 2, 2 ),
 ( 0.04396278279595108862, 0.9559706305932835768 ),
 ( 0.000000000000000000, 1.000000000000000000 ),
 .UNSPECIFIED. ) ;
#341 = ORIENTED_EDGE ( 'NONE', *, *, #111, .T. ) ;
#342 = DIRECTION ( 'NONE',  ( -1.000000000000000000, 0.000000000000000000, 0.000000000000000000 ) ) ;
#343 = UNCERTAINTY_MEASURE_WITH_UNIT (LENGTH_MEASURE( 1.000000000000000082E-05 ), #790, 'distance_accuracy_value', 'NONE');
#344 = VERTEX_POINT ( 'NONE', #377 ) ;
#345 =( NAMED_UNIT ( * ) PLANE_ANGLE_UNIT ( ) SI_UNIT ( $, .RADIAN. ) );
#346 = DIRECTION ( 'NONE',  ( -1.850371707708592551E-14, -1.000000000000000000, 0.000000000000000000 ) ) ;
#347 = STYLED_ITEM ( 'NONE', ( #1167 ), #1141 ) ;
#348 =( LENGTH_UNIT ( ) NAMED_UNIT ( * ) SI_UNIT ( .MILLI., .METRE. ) );
#349 = EDGE_CURVE ( 'NONE', #1480, #754, #363, .T. ) ;
#350 = ADVANCED_FACE ( 'NONE', ( #237 ), #1401, .F. ) ;
#351 = DIRECTION ( 'NONE',  ( 0.000000000000000000, 0.000000000000000000, 1.000000000000000000 ) ) ;
#352 = MECHANICAL_DESIGN_GEOMETRIC_PRESENTATION_REPRESENTATION (  '', ( #429 ), #652 ) ;
#353 = VERTEX_POINT ( 'NONE', #760 ) ;
#354 = AXIS2_PLACEMENT_3D ( 'NONE', #872, #489, #380 ) ;
#355 = DIRECTION ( 'NONE',  ( 0.000000000000000000, -1.000000000000000000, 0.000000000000000000 ) ) ;
#356 = ORIENTED_EDGE ( 'NONE', *, *, #1024, .F. ) ;
#357 = AXIS2_PLACEMENT_3D ( 'NONE', #952, #342, #832 ) ;
#358 = DIRECTION ( 'NONE',  ( 0.000000000000000000, 1.000000000000000000, 0.000000000000000000 ) ) ;
#359 = FACE_OUTER_BOUND ( 'NONE', #1237, .T. ) ;
#360 = CIRCLE ( 'NONE', #793, 5.000000000000000888 ) ;
#361 = DIRECTION ( 'NONE',  ( 0.000000000000000000, 0.000000000000000000, -1.000000000000000000 ) ) ;
#362 = CARTESIAN_POINT ( 'NONE',  ( 462.9693525633477975, -3.000000000000001332, 1042.000000000000000 ) ) ;
#363 = CIRCLE ( 'NONE', #1091, 5.999999999999998224 ) ;
#364 = ADVANCED_FACE ( 'NONE', ( #626 ), #1584, .T. ) ;
#365 = ORIENTED_EDGE ( 'NONE', *, *, #982, .F. ) ;
#366 = CARTESIAN_POINT ( 'NONE',  ( 447.9217304589646460, -46.99999999999999289, 1026.588732387412847 ) ) ;
#367 = EDGE_CURVE ( 'NONE', #188, #835, #552, .T. ) ;
#368 = ORIENTED_EDGE ( 'NONE', *, *, #1521, .F. ) ;
#369 = AXIS2_PLACEMENT_3D ( 'NONE', #13, #788, #1453 ) ;
#370 = CARTESIAN_POINT ( 'NONE',  ( 451.0002626869999744, -3.000000000000000000, 226.2909261970000045 ) ) ;
#371 = LINE ( 'NONE', #1402, #864 ) ;
#372 = ORIENTED_EDGE ( 'NONE', *, *, #836, .T. ) ;
#373 = LINE ( 'NONE', #1389, #733 ) ;
#374 = ORIENTED_EDGE ( 'NONE', *, *, #799, .T. ) ;
#375 = EDGE_CURVE ( 'NONE', #515, #570, #1437, .T. ) ;
#376 =( LENGTH_UNIT ( ) NAMED_UNIT ( * ) SI_UNIT ( .MILLI., .METRE. ) );
#377 = CARTESIAN_POINT ( 'NONE',  ( 470.0000000000000000, -3.000000000000000444, 167.0000000000000000 ) ) ;
#378 = FACE_OUTER_BOUND ( 'NONE', #416, .T. ) ;
#379 = AXIS2_PLACEMENT_3D ( 'NONE', #1375, #628, #1262 ) ;
#380 = DIRECTION ( 'NONE',  ( 0.000000000000000000, -1.000000000000000000, 0.000000000000000000 ) ) ;
#381 = DIRECTION ( 'NONE',  ( 0.000000000000000000, 0.000000000000000000, 1.000000000000000000 ) ) ;
#382 = VECTOR ( 'NONE', #1418, 1000.000000000000000 ) ;
#383 = VERTEX_POINT ( 'NONE', #404 ) ;
#384 = COLOUR_RGB ( '',0.6274509803921568540, 0.6274509803921568540, 0.6431372549019607199 ) ;
#385 = DIRECTION ( 'NONE',  ( 0.000000000000000000, 1.000000000000000000, 0.000000000000000000 ) ) ;
#386 = FILL_AREA_STYLE ('',( #1546 ) ) ;
#387 = DIRECTION ( 'NONE',  ( 0.000000000000000000, 1.000000000000000000, 0.000000000000000000 ) ) ;
#388 = ORIENTED_EDGE ( 'NONE', *, *, #724, .F. ) ;
#389 = CARTESIAN_POINT ( 'NONE',  ( 456.0002626869999744, -50.00000000000000000, 176.2909261969999761 ) ) ;
#390 = CARTESIAN_POINT ( 'NONE',  ( 454.3289876822187239, 0.000000000000000000, 151.0008021506929765 ) ) ;
#391 = ADVANCED_FACE ( 'NONE', ( #1186 ), #17, .T. ) ;
#392 = LINE ( 'NONE', #1310, #565 ) ;
#393 = ORIENTED_EDGE ( 'NONE', *, *, #860, .T. ) ;
#394 = CARTESIAN_POINT ( 'NONE',  ( 447.6623209563046544, -3.000000000000000000, 151.0008021506733655 ) ) ;
#395 = ORIENTED_EDGE ( 'NONE', *, *, #1432, .F. ) ;
#396 = CARTESIAN_POINT ( 'NONE',  ( 447.9217304589646460, -3.000000000000000000, 1026.588732387412847 ) ) ;
#397 = EDGE_CURVE ( 'NONE', #179, #1572, #1558, .T. ) ;
#398 = CARTESIAN_POINT ( 'NONE',  ( 456.0002626869999744, 0.000000000000000000, 226.2909261970000045 ) ) ;
#399 = DIRECTION ( 'NONE',  ( 1.000000000000000000, 0.000000000000000000, 0.000000000000000000 ) ) ;
#400 = CIRCLE ( 'NONE', #1346, 5.000000000000004441 ) ;
#401 = ORIENTED_EDGE ( 'NONE', *, *, #1399, .T. ) ;
#402 = CARTESIAN_POINT ( 'NONE',  ( 441.7651913768697796, -3.000000000000000000, 1040.233802836899486 ) ) ;
#403 = VERTEX_POINT ( 'NONE', #774 ) ;
#404 = CARTESIAN_POINT ( 'NONE',  ( 470.0000000000000000, -50.00000000000000711, 1042.000000000000000 ) ) ;
#405 = B_SPLINE_CURVE_WITH_KNOTS ( 'NONE', 3,
 ( #901, #366, #620, #998 ),
 .UNSPECIFIED., .F., .F.,
 ( 4, 4 ),
 ( 0.04396278288991021382, 0.9559706307052778795 ),
 .UNSPECIFIED. ) ;
#406 = SURFACE_STYLE_USAGE ( .BOTH. , #18 ) ;
#407 = ORIENTED_EDGE ( 'NONE', *, *, #1243, .T. ) ;
#408 = CARTESIAN_POINT ( 'NONE',  ( 446.0002626869999744, -47.00000000000000000, 176.2909261969999761 ) ) ;
#409 = EDGE_CURVE ( 'NONE', #1665, #1464, #267, .T. ) ;
#410 = AXIS2_PLACEMENT_3D ( 'NONE', #167, #688, #1073 ) ;
#411 = SURFACE_STYLE_USAGE ( .BOTH. , #930 ) ;
#412 = ORIENTED_EDGE ( 'NONE', *, *, #785, .F. ) ;
#413 = AXIS2_PLACEMENT_3D ( 'NONE', #1103, #61, #174 ) ;
#414 = MECHANICAL_DESIGN_GEOMETRIC_PRESENTATION_REPRESENTATION (  '', ( #1037 ), #1363 ) ;
#415 = CARTESIAN_POINT ( 'NONE',  ( 432.0000000000000000, -47.00000000000000711, 167.0000000000000000 ) ) ;
#416 = EDGE_LOOP ( 'NONE', ( #653, #1094, #1341, #1125 ) ) ;
#417 =( NAMED_UNIT ( * ) SI_UNIT ( $, .STERADIAN. ) SOLID_ANGLE_UNIT ( ) );
#418 = PRESENTATION_STYLE_ASSIGNMENT (( #411 ) ) ;
#419 = ORIENTED_EDGE ( 'NONE', *, *, #397, .F. ) ;
#420 = ADVANCED_FACE ( 'NONE', ( #513 ), #1544, .F. ) ;
#421 = DIRECTION ( 'NONE',  ( -0.000000000000000000, -1.000000000000000000, -0.000000000000000000 ) ) ;
#422 = CIRCLE ( 'NONE', #656, 2.999999999999891642 ) ;
#423 = DIRECTION ( 'NONE',  ( -1.000000000000000000, 0.000000000000000000, 0.000000000000000000 ) ) ;
#424 = FILL_AREA_STYLE ('',( #887 ) ) ;
#425 = ORIENTED_EDGE ( 'NONE', *, *, #749, .F. ) ;
#426 = PLANE ( 'NONE',  #1238 ) ;
#427 = AXIS2_PLACEMENT_3D ( 'NONE', #1510, #351, #753 ) ;
#428 = EDGE_LOOP ( 'NONE', ( #173, #368, #1503, #1470 ) ) ;
#429 = STYLED_ITEM ( 'NONE', ( #708 ), #898 ) ;
#430 = EDGE_CURVE ( 'NONE', #1221, #1563, #1292, .T. ) ;
#431 = AXIS2_PLACEMENT_3D ( 'NONE', #926, #151, #783 ) ;
#432 =( LENGTH_UNIT ( ) NAMED_UNIT ( * ) SI_UNIT ( .MILLI., .METRE. ) );
#433 = EDGE_CURVE ( 'NONE', #34, #383, #1112, .T. ) ;
#434 = FACE_OUTER_BOUND ( 'NONE', #1144, .T. ) ;
#435 = FACE_OUTER_BOUND ( 'NONE', #1668, .T. ) ;
#436 = ORIENTED_EDGE ( 'NONE', *, *, #1138, .T. ) ;
#437 = FACE_BOUND ( 'NONE', #757, .T. ) ;
#438 = PRESENTATION_LAYER_ASSIGNMENT (  '', '', ( #741 ) ) ;
#439 = ORIENTED_EDGE ( 'NONE', *, *, #767, .F. ) ;
#440 = CARTESIAN_POINT ( 'NONE',  ( 460.2348086234424613, -49.99999999999998579, 1040.233802837056373 ) ) ;
#441 = DIRECTION ( 'NONE',  ( 0.000000000000000000, 1.000000000000000000, 0.000000000000000000 ) ) ;
#442 = FACE_OUTER_BOUND ( 'NONE', #852, .T. ) ;
#443 = EDGE_CURVE ( 'NONE', #962, #34, #1164, .T. ) ;
#444 = CARTESIAN_POINT ( 'NONE',  ( 446.0002626869999744, -50.00000000000000000, 226.2909261970000045 ) ) ;
#445 = ORIENTED_EDGE ( 'NONE', *, *, #2, .F. ) ;
#446 = DIRECTION ( 'NONE',  ( -1.000000000000000000, 0.000000000000000000, 0.000000000000000000 ) ) ;
#447 = APPLICATION_PROTOCOL_DEFINITION ( 'draft international standard', 'automotive_design', 1998, #282 ) ;
#448 = ORIENTED_EDGE ( 'NONE', *, *, #577, .T. ) ;
#449 = CARTESIAN_POINT ( 'NONE',  ( 454.0782695413090551, -46.99999999999997868, 1026.588732387749360 ) ) ;
#450 = DIRECTION ( 'NONE',  ( -1.000000000000000000, 0.000000000000000000, 0.000000000000000000 ) ) ;
#451 = CARTESIAN_POINT ( 'NONE',  ( 456.0002626869999744, -2.999999999999995559, 176.2909261969999761 ) ) ;
#452 = CARTESIAN_POINT ( 'NONE',  ( 454.3289876229949869, -47.00000000000000000, 151.0008021507038620 ) ) ;
#453 = EDGE_CURVE ( 'NONE', #523, #1043, #1300, .T. ) ;
#454 = ORIENTED_EDGE ( 'NONE', *, *, #169, .T. ) ;
#455 = LINE ( 'NONE', #187, #562 ) ;
#456 = ORIENTED_EDGE ( 'NONE', *, *, #1210, .F. ) ;
#457 = AXIS2_PLACEMENT_3D ( 'NONE', #1632, #1622, #1074 ) ;
#458 = CARTESIAN_POINT ( 'NONE',  ( 441.7651913766527514, -3.000000000000000000, 1040.233802837380381 ) ) ;
#459 = DIRECTION ( 'NONE',  ( 0.000000000000000000, 0.000000000000000000, 1.000000000000000000 ) ) ;
#460 = PRESENTATION_LAYER_ASSIGNMENT (  '', '', ( #38 ) ) ;
#461 = AXIS2_PLACEMENT_3D ( 'NONE', #1415, #385, #1173 ) ;
#462 = DIRECTION ( 'NONE',  ( 0.000000000000000000, 1.000000000000000000, 0.000000000000000000 ) ) ;
#463 = CARTESIAN_POINT ( 'NONE',  ( 451.0002626869999744, -47.00000000000000000, 226.2909261970000045 ) ) ;
#464 = ORIENTED_EDGE ( 'NONE', *, *, #337, .F. ) ;
#465 = DIRECTION ( 'NONE',  ( 0.000000000000000000, 1.000000000000000000, 0.000000000000000000 ) ) ;
#466 = MECHANICAL_DESIGN_GEOMETRIC_PRESENTATION_REPRESENTATION (  '', ( #1630 ), #1287 ) ;
#467 = ORIENTED_EDGE ( 'NONE', *, *, #1278, .F. ) ;
#468 = EDGE_CURVE ( 'NONE', #64, #244, #1328, .T. ) ;
#469 = FILL_AREA_STYLE_COLOUR ( '', #1306 ) ;
#470 = CARTESIAN_POINT ( 'NONE',  ( 462.9693525633477975, -1.500000000000001332, 1039.000000000000682 ) ) ;
#471 = LINE ( 'NONE', #339, #649 ) ;
#472 = VECTOR ( 'NONE', #1612, 1000.000000000000000 ) ;
#473 = ORIENTED_EDGE ( 'NONE', *, *, #143, .F. ) ;
#474 = DIRECTION ( 'NONE',  ( -1.000000000000000000, 0.000000000000000000, 0.000000000000000000 ) ) ;
#475 = ORIENTED_EDGE ( 'NONE', *, *, #1070, .T. ) ;
#476 = SURFACE_STYLE_USAGE ( .BOTH. , #974 ) ;
#477 = DIRECTION ( 'NONE',  ( 0.000000000000000000, 0.000000000000000000, 1.000000000000000000 ) ) ;
#478 = DIRECTION ( 'NONE',  ( -9.251858538543304806E-14, 0.000000000000000000, -1.000000000000000000 ) ) ;
#479 = DIRECTION ( 'NONE',  ( 0.000000000000000000, 0.000000000000000000, -1.000000000000000000 ) ) ;
#480 = ORIENTED_EDGE ( 'NONE', *, *, #375, .T. ) ;
#481 = DIRECTION ( 'NONE',  ( 5.551115123125983388E-14, 0.000000000000000000, -1.000000000000000000 ) ) ;
#482 = VERTEX_POINT ( 'NONE', #9 ) ;
#483 = LINE ( 'NONE', #882, #108 ) ;
#484 = EDGE_CURVE ( 'NONE', #1035, #1601, #813, .T. ) ;
#485 = CIRCLE ( 'NONE', #1000, 5.000000000000004441 ) ;
#486 = CARTESIAN_POINT ( 'NONE',  ( 470.0000000000000000, -47.00000000000000711, 1042.000000000000000 ) ) ;
#487 = EDGE_CURVE ( 'NONE', #1304, #962, #183, .T. ) ;
#488 = MECHANICAL_DESIGN_GEOMETRIC_PRESENTATION_REPRESENTATION (  '', ( #38 ), #677 ) ;
#489 = DIRECTION ( 'NONE',  ( 1.000000000000000000, 0.000000000000000000, 0.000000000000000000 ) ) ;
#490 = CIRCLE ( 'NONE', #1429, 5.000000000000004441 ) ;
#491 = LINE ( 'NONE', #747, #382 ) ;
#492 = VERTEX_POINT ( 'NONE', #1592 ) ;
#493 = DIRECTION ( 'NONE',  ( -0.000000000000000000, -1.000000000000000000, -0.000000000000000000 ) ) ;
#494 = CARTESIAN_POINT ( 'NONE',  ( 473.0000000000000000, -30.00000000000000000, 201.2909261969999761 ) ) ;
#495 = CIRCLE ( 'NONE', #1577, 6.000000000000000000 ) ;
#496 = EDGE_CURVE ( 'NONE', #1313, #1601, #1197, .T. ) ;
#497 = ORIENTED_EDGE ( 'NONE', *, *, #1062, .F. ) ;
#498 = LINE ( 'NONE', #764, #919 ) ;
#499 = ORIENTED_EDGE ( 'NONE', *, *, #1468, .T. ) ;
#500 = LINE ( 'NONE', #1535, #219 ) ;
#501 = DIRECTION ( 'NONE',  ( -0.000000000000000000, 1.000000000000000000, -0.000000000000000000 ) ) ;
#502 = DIRECTION ( 'NONE',  ( 0.000000000000000000, -1.000000000000000000, 0.000000000000000000 ) ) ;
#503 = EDGE_LOOP ( 'NONE', ( #454, #1624, #1643, #910, #480, #436, #1117, #823, #1395, #1419 ) ) ;
#504 = DIRECTION ( 'NONE',  ( 1.000000000000000000, 0.000000000000000000, 0.000000000000000000 ) ) ;
#505 = EDGE_LOOP ( 'NONE', ( #988, #166, #186, #1063, #805, #557, #1178, #1029, #341, #1376, #1472, #475 ) ) ;
#506 =( NAMED_UNIT ( * ) SI_UNIT ( $, .STERADIAN. ) SOLID_ANGLE_UNIT ( ) );
#507 = EDGE_LOOP ( 'NONE', ( #259, #67, #1427, #293 ) ) ;
#508 = DIRECTION ( 'NONE',  ( 1.000000000000000000, 0.000000000000000000, 0.000000000000000000 ) ) ;
#509 = AXIS2_PLACEMENT_3D ( 'NONE', #103, #1150, #1644 ) ;
#510 = ORIENTED_EDGE ( 'NONE', *, *, #1032, .T. ) ;
#511 = CARTESIAN_POINT ( 'NONE',  ( 447.6623209563046544, 0.000000000000000000, 151.0008021506732803 ) ) ;
#512 = ADVANCED_FACE ( 'NONE', ( #576 ), #705, .F. ) ;
#513 = FACE_OUTER_BOUND ( 'NONE', #796, .T. ) ;
#514 = DIRECTION ( 'NONE',  ( -1.000000000000000000, 0.000000000000000000, 0.000000000000000000 ) ) ;
#515 = VERTEX_POINT ( 'NONE', #695 ) ;
#516 = CARTESIAN_POINT ( 'NONE',  ( 461.0723503590403425, -50.00000000000000000, 167.0000001139583787 ) ) ;
#517 = SURFACE_STYLE_FILL_AREA ( #780 ) ;
#518 = ORIENTED_EDGE ( 'NONE', *, *, #1561, .T. ) ;
#519 = PRESENTATION_LAYER_ASSIGNMENT (  '', '', ( #903 ) ) ;
#520 = DIRECTION ( 'NONE',  ( 0.000000000000000000, 0.000000000000000000, 1.000000000000000000 ) ) ;
#521 = CARTESIAN_POINT ( 'NONE',  ( 432.0000000000000000, -49.99999999999999289, 167.0000000000000284 ) ) ;
#522 = SURFACE_STYLE_USAGE ( .BOTH. , #808 ) ;
#523 = VERTEX_POINT ( 'NONE', #955 ) ;
#524 = CARTESIAN_POINT ( 'NONE',  ( 460.2348086235906521, -3.000000000000000000, 1040.233802837384928 ) ) ;
#525 = FILL_AREA_STYLE ('',( #1556 ) ) ;
#526 = EDGE_LOOP ( 'NONE', ( #979, #1105, #510, #593 ) ) ;
#527 = CARTESIAN_POINT ( 'NONE',  ( 470.0000000000000000, -44.00000000000000000, 167.0000000000000000 ) ) ;
#528 = CARTESIAN_POINT ( 'NONE',  ( 475.0000000000000000, -25.00000000000000000, 201.2909261969999761 ) ) ;
#529 = EDGE_CURVE ( 'NONE', #276, #613, #1512, .T. ) ;
#530 = CARTESIAN_POINT ( 'NONE',  ( 476.0000000000000000, -20.00000000000000000, 201.2909261969999761 ) ) ;
#531 = VECTOR ( 'NONE', #840, 1000.000000000000000 ) ;
#532 = ORIENTED_EDGE ( 'NONE', *, *, #1015, .F. ) ;
#533 = CARTESIAN_POINT ( 'NONE',  ( 447.9217304590599156, 0.000000000000000000, 1026.588732387522214 ) ) ;
#534 =( NAMED_UNIT ( * ) PLANE_ANGLE_UNIT ( ) SI_UNIT ( $, .RADIAN. ) );
#535 = ORIENTED_EDGE ( 'NONE', *, *, #1157, .T. ) ;
#536 = FILL_AREA_STYLE ('',( #1039 ) ) ;
#537 = AXIS2_PLACEMENT_3D ( 'NONE', #1481, #720, #1372 ) ;
#538 = CARTESIAN_POINT ( 'NONE',  ( 451.0002626869999744, 0.000000000000000000, 176.2909261969999761 ) ) ;
#539 = ADVANCED_FACE ( 'NONE', ( #37 ), #1474, .T. ) ;
#540 = EDGE_LOOP ( 'NONE', ( #1606, #445 ) ) ;
#541 = CARTESIAN_POINT ( 'NONE',  ( 460.2348086234425750, -3.000000000000000000, 1040.233802837056601 ) ) ;
#542 = FACE_BOUND ( 'NONE', #765, .T. ) ;
#543 = VERTEX_POINT ( 'NONE', #1466 ) ;
#544 =( GEOMETRIC_REPRESENTATION_CONTEXT ( 3 ) GLOBAL_UNCERTAINTY_ASSIGNED_CONTEXT ( ( #104 ) ) GLOBAL_UNIT_ASSIGNED_CONTEXT ( ( #658, #1166, #11 ) ) REPRESENTATION_CONTEXT ( 'NONE', 'WORKASPACE' ) );
#545 = DIRECTION ( 'NONE',  ( 0.000000000000000000, 0.000000000000000000, 1.000000000000000000 ) ) ;
#546 = CARTESIAN_POINT ( 'NONE',  ( 461.0723503099796972, -50.00000000000000000, 166.9999999975684659 ) ) ;
#547 = SURFACE_STYLE_FILL_AREA ( #424 ) ;
#548 = ORIENTED_EDGE ( 'NONE', *, *, #1499, .F. ) ;
#549 = FACE_BOUND ( 'NONE', #76, .T. ) ;
#550 = FACE_OUTER_BOUND ( 'NONE', #1280, .T. ) ;
#551 = ORIENTED_EDGE ( 'NONE', *, *, #1212, .F. ) ;
#552 = CIRCLE ( 'NONE', #1505, 5.000000000000004441 ) ;
#553 = ADVANCED_FACE ( 'NONE', ( #838 ), #1356, .T. ) ;
#554 = SURFACE_STYLE_FILL_AREA ( #1085 ) ;
#555 = CYLINDRICAL_SURFACE ( 'NONE', #1145, 3.000000000000002665 ) ;
#556 = CARTESIAN_POINT ( 'NONE',  ( 441.0723503109858825, -50.00000000000000000, 166.9999999999946283 ) ) ;
#557 = ORIENTED_EDGE ( 'NONE', *, *, #1591, .T. ) ;
#558 = CARTESIAN_POINT ( 'NONE',  ( 473.0000000000000000, -20.00000000000000000, 201.2909261969999761 ) ) ;
#559 = STYLED_ITEM ( 'NONE', ( #49 ), #512 ) ;
#560 = CIRCLE ( 'NONE', #1274, 3.000000000000002665 ) ;
#561 = ORIENTED_EDGE ( 'NONE', *, *, #1278, .T. ) ;
#562 = VECTOR ( 'NONE', #197, 1000.000000000000000 ) ;
#563 = EDGE_CURVE ( 'NONE', #727, #1271, #36, .T. ) ;
#564 = DIRECTION ( 'NONE',  ( 0.000000000000000000, 0.000000000000000000, 1.000000000000000000 ) ) ;
#565 = VECTOR ( 'NONE', #4, 1000.000000000000000 ) ;
#566 = CARTESIAN_POINT ( 'NONE',  ( 451.0002626869999744, -47.00000000000000000, 176.2909261969999761 ) ) ;
#567 = FACE_BOUND ( 'NONE', #1338, .T. ) ;
#568 = CIRCLE ( 'NONE', #1382, 6.000000000000005329 ) ;
#569 = CARTESIAN_POINT ( 'NONE',  ( 441.7651913766527514, -46.99999999999997868, 1040.233802837380381 ) ) ;
#570 = VERTEX_POINT ( 'NONE', #1102 ) ;
#571 = CARTESIAN_POINT ( 'NONE',  ( 432.0000000000000000, -47.00000000000000000, 167.0000000000000000 ) ) ;
#572 = CIRCLE ( 'NONE', #1030, 5.000000000000004441 ) ;
#573 = ORIENTED_EDGE ( 'NONE', *, *, #817, .T. ) ;
#574 = STYLED_ITEM ( 'NONE', ( #858 ), #350 ) ;
#575 = DIRECTION ( 'NONE',  ( 1.000000000000000000, 0.000000000000000000, 0.000000000000000000 ) ) ;
#576 = FACE_OUTER_BOUND ( 'NONE', #1452, .T. ) ;
#577 = EDGE_CURVE ( 'NONE', #492, #1142, #485, .T. ) ;
#578 = EDGE_CURVE ( 'NONE', #1244, #1636, #400, .T. ) ;
#579 = PLANE ( 'NONE',  #252 ) ;
#580 = CARTESIAN_POINT ( 'NONE',  ( 441.7651913766526377, -50.00000000000000000, 1040.233802837380608 ) ) ;
#581 = COLOUR_RGB ( '',0.6274509803921568540, 0.6274509803921568540, 0.6431372549019607199 ) ;
#582 = AXIS2_PLACEMENT_3D ( 'NONE', #1352, #66, #692 ) ;
#583 = ORIENTED_EDGE ( 'NONE', *, *, #443, .F. ) ;
#584 = DIRECTION ( 'NONE',  ( 0.000000000000000000, 0.000000000000000000, 1.000000000000000000 ) ) ;
#585 = ORIENTED_EDGE ( 'NONE', *, *, #409, .T. ) ;
#586 = LINE ( 'NONE', #623, #1331 ) ;
#587 =( NAMED_UNIT ( * ) SI_UNIT ( $, .STERADIAN. ) SOLID_ANGLE_UNIT ( ) );
#588 = LINE ( 'NONE', #1467, #195 ) ;
#589 = DIRECTION ( 'NONE',  ( 1.000000000000000000, 0.000000000000000000, 0.000000000000000000 ) ) ;
#590 = EDGE_CURVE ( 'NONE', #707, #945, #940, .T. ) ;
#591 = VERTEX_POINT ( 'NONE', #687 ) ;
#592 = LINE ( 'NONE', #1245, #44 ) ;
#593 = ORIENTED_EDGE ( 'NONE', *, *, #304, .F. ) ;
#594 = CIRCLE ( 'NONE', #457, 5.000000000000004441 ) ;
#595 = FACE_OUTER_BOUND ( 'NONE', #997, .T. ) ;
#596 = CARTESIAN_POINT ( 'NONE',  ( 462.9693525633477975, 0.000000000000000000, 1042.000000000000000 ) ) ;
#597 = MECHANICAL_DESIGN_GEOMETRIC_PRESENTATION_REPRESENTATION (  '', ( #1594 ), #867 ) ;
#598 =( GEOMETRIC_REPRESENTATION_CONTEXT ( 3 ) GLOBAL_UNCERTAINTY_ASSIGNED_CONTEXT ( ( #207 ) ) GLOBAL_UNIT_ASSIGNED_CONTEXT ( ( #1153, #642, #506 ) ) REPRESENTATION_CONTEXT ( 'NONE', 'WORKASPACE' ) );
#599 = FILL_AREA_STYLE ('',( #1018 ) ) ;
#600 = CARTESIAN_POINT ( 'NONE',  ( 456.0002626869999744, -47.00000000000000000, 176.2909261969999761 ) ) ;
#601 = EDGE_LOOP ( 'NONE', ( #1273, #94, #1538, #1111 ) ) ;
#602 = LINE ( 'NONE', #1616, #1303 ) ;
#603 = UNCERTAINTY_MEASURE_WITH_UNIT (LENGTH_MEASURE( 1.000000000000000082E-05 ), #1431, 'distance_accuracy_value', 'NONE');
#604 = ADVANCED_FACE ( 'NONE', ( #1205 ), #28, .T. ) ;
#605 = PRODUCT_DEFINITION_SHAPE ( 'NONE', 'NONE',  #225 ) ;
#606 = ORIENTED_EDGE ( 'NONE', *, *, #264, .F. ) ;
#607 = CARTESIAN_POINT ( 'NONE',  ( 470.0000000000000000, -3.000000000000000000, 604.5000000000000000 ) ) ;
#608 = DIRECTION ( 'NONE',  ( 0.000000000000000000, 0.000000000000000000, -1.000000000000000000 ) ) ;
#609 = DIRECTION ( 'NONE',  ( -1.000000000000000000, 0.000000000000000000, 0.000000000000000000 ) ) ;
#610 = CYLINDRICAL_SURFACE ( 'NONE', #239, 5.000000000000000888 ) ;
#611 = ORIENTED_EDGE ( 'NONE', *, *, #180, .F. ) ;
#612 = LINE ( 'NONE', #1514, #242 ) ;
#613 = VERTEX_POINT ( 'NONE', #596 ) ;
#614 = ADVANCED_FACE ( 'NONE', ( #359 ), #721, .T. ) ;
#615 = DIRECTION ( 'NONE',  ( 0.000000000000000000, 0.000000000000000000, 1.000000000000000000 ) ) ;
#616 = EDGE_CURVE ( 'NONE', #1035, #198, #1036, .T. ) ;
#617 = DIRECTION ( 'NONE',  ( 0.000000000000000000, 0.000000000000000000, -1.000000000000000000 ) ) ;
#618 = CARTESIAN_POINT ( 'NONE',  ( 456.0002626869999744, 0.000000000000000000, 176.2909261969999761 ) ) ;
#619 = ORIENTED_EDGE ( 'NONE', *, *, #982, .T. ) ;
#620 = CARTESIAN_POINT ( 'NONE',  ( 454.0782695413352599, -46.99999999999998579, 1026.588732387588607 ) ) ;
#621 = UNCERTAINTY_MEASURE_WITH_UNIT (LENGTH_MEASURE( 1.000000000000000082E-05 ), #1297, 'distance_accuracy_value', 'NONE');
#622 = ORIENTED_EDGE ( 'NONE', *, *, #767, .T. ) ;
#623 = CARTESIAN_POINT ( 'NONE',  ( 473.0000000000000000, -44.00000000000000000, 167.0000000000000000 ) ) ;
#624 = CARTESIAN_POINT ( 'NONE',  ( 432.0000000000000000, 0.000000000000000000, 167.0000000000000000 ) ) ;
#625 = CIRCLE ( 'NONE', #130, 5.000000000000004441 ) ;
#626 = FACE_OUTER_BOUND ( 'NONE', #1118, .T. ) ;
#627 = AXIS2_PLACEMENT_3D ( 'NONE', #125, #648, #1047 ) ;
#628 = DIRECTION ( 'NONE',  ( 0.000000000000000000, 0.000000000000000000, 1.000000000000000000 ) ) ;
#629 = ORIENTED_EDGE ( 'NONE', *, *, #1070, .F. ) ;
#630 = LINE ( 'NONE', #778, #1163 ) ;
#631 = VERTEX_POINT ( 'NONE', #1137 ) ;
#632 =( GEOMETRIC_REPRESENTATION_CONTEXT ( 3 ) GLOBAL_UNCERTAINTY_ASSIGNED_CONTEXT ( ( #990 ) ) GLOBAL_UNIT_ASSIGNED_CONTEXT ( ( #335, #345, #1083 ) ) REPRESENTATION_CONTEXT ( 'NONE', 'WORKASPACE' ) );
#633 = DIRECTION ( 'NONE',  ( 0.000000000000000000, 0.000000000000000000, -1.000000000000000000 ) ) ;
#634 = CARTESIAN_POINT ( 'NONE',  ( 441.0723503109585408, -3.000000000000000888, 167.0000000000217710 ) ) ;
#635 = DIRECTION ( 'NONE',  ( 0.000000000000000000, 0.000000000000000000, 1.000000000000000000 ) ) ;
#636 = AXIS2_PLACEMENT_3D ( 'NONE', #949, #696, #713 ) ;
#637 = ORIENTED_EDGE ( 'NONE', *, *, #35, .T. ) ;
#638 = CIRCLE ( 'NONE', #1579, 5.000000000000004441 ) ;
#639 = CARTESIAN_POINT ( 'NONE',  ( 426.0000000000000000, -6.000000000000000000, 167.0000000000000000 ) ) ;
#640 = ORIENTED_EDGE ( 'NONE', *, *, #169, .F. ) ;
#641 = CARTESIAN_POINT ( 'NONE',  ( 461.0723503110015145, 0.000000000000000000, 167.0000000000000000 ) ) ;
#642 =( NAMED_UNIT ( * ) PLANE_ANGLE_UNIT ( ) SI_UNIT ( $, .RADIAN. ) );
#643 = ORIENTED_EDGE ( 'NONE', *, *, #860, .F. ) ;
#644 = PRESENTATION_STYLE_ASSIGNMENT (( #233 ) ) ;
#645 = EDGE_CURVE ( 'NONE', #1090, #902, #289, .T. ) ;
#646 = ORIENTED_EDGE ( 'NONE', *, *, #1408, .F. ) ;
#647 = CARTESIAN_POINT ( 'NONE',  ( 426.0000000000000000, -44.00000000000000000, 1042.000000000000000 ) ) ;
#648 = DIRECTION ( 'NONE',  ( 0.000000000000000000, 0.000000000000000000, -1.000000000000000000 ) ) ;
#649 = VECTOR ( 'NONE', #168, 1000.000000000000000 ) ;
#650 = DIRECTION ( 'NONE',  ( 0.000000000000000000, -1.000000000000000000, 0.000000000000000000 ) ) ;
#651 = SURFACE_STYLE_FILL_AREA ( #667 ) ;
#652 =( GEOMETRIC_REPRESENTATION_CONTEXT ( 3 ) GLOBAL_UNCERTAINTY_ASSIGNED_CONTEXT ( ( #1495 ) ) GLOBAL_UNIT_ASSIGNED_CONTEXT ( ( #862, #1077, #1599 ) ) REPRESENTATION_CONTEXT ( 'NONE', 'WORKASPACE' ) );
#653 = ORIENTED_EDGE ( 'NONE', *, *, #776, .T. ) ;
#654 = EDGE_CURVE ( 'NONE', #613, #105, #1364, .T. ) ;
#655 = EDGE_CURVE ( 'NONE', #34, #754, #985, .T. ) ;
#656 = AXIS2_PLACEMENT_3D ( 'NONE', #140, #6, #935 ) ;
#657 = CIRCLE ( 'NONE', #537, 6.000000000000000000 ) ;
#658 =( LENGTH_UNIT ( ) NAMED_UNIT ( * ) SI_UNIT ( .MILLI., .METRE. ) );
#659 = LINE ( 'NONE', #25, #1187 ) ;
#660 = EDGE_LOOP ( 'NONE', ( #407, #467, #372, #1554 ) ) ;
#661 = CARTESIAN_POINT ( 'NONE',  ( 476.0000000000000000, -44.00000000000000000, 167.0000000000000000 ) ) ;
#662 = DIRECTION ( 'NONE',  ( 0.000000000000000000, 1.000000000000000000, 0.000000000000000000 ) ) ;
#663 = ADVANCED_FACE ( 'NONE', ( #1507 ), #326, .T. ) ;
#664 = ORIENTED_EDGE ( 'NONE', *, *, #654, .T. ) ;
#665 = EDGE_CURVE ( 'NONE', #129, #937, #1519, .T. ) ;
#666 = SURFACE_SIDE_STYLE ('',( #1578 ) ) ;
#667 = FILL_AREA_STYLE ('',( #271 ) ) ;
#668 = ORIENTED_EDGE ( 'NONE', *, *, #1543, .F. ) ;
#669 = PLANE ( 'NONE',  #772 ) ;
#670 = ORIENTED_EDGE ( 'NONE', *, *, #433, .F. ) ;
#671 = EDGE_CURVE ( 'NONE', #886, #1665, #209, .T. ) ;
#672 = PRESENTATION_STYLE_ASSIGNMENT (( #777 ) ) ;
#673 = DIRECTION ( 'NONE',  ( 0.000000000000000000, 0.000000000000000000, -1.000000000000000000 ) ) ;
#674 = AXIS2_PLACEMENT_3D ( 'NONE', #714, #313, #1502 ) ;
#675 = ORIENTED_EDGE ( 'NONE', *, *, #1138, .F. ) ;
#676 = CARTESIAN_POINT ( 'NONE',  ( 454.0782695413090551, -3.000000000000000000, 1026.588732387749133 ) ) ;
#677 =( GEOMETRIC_REPRESENTATION_CONTEXT ( 3 ) GLOBAL_UNCERTAINTY_ASSIGNED_CONTEXT ( ( #603 ) ) GLOBAL_UNIT_ASSIGNED_CONTEXT ( ( #1431, #1034, #1042 ) ) REPRESENTATION_CONTEXT ( 'NONE', 'WORKASPACE' ) );
#678 = DIRECTION ( 'NONE',  ( 0.000000000000000000, -1.000000000000000000, 0.000000000000000000 ) ) ;
#679 = ORIENTED_EDGE ( 'NONE', *, *, #409, .F. ) ;
#680 = DIRECTION ( 'NONE',  ( 1.000000000000000000, 0.000000000000000000, 0.000000000000000000 ) ) ;
#681 = CIRCLE ( 'NONE', #138, 6.000000000000005329 ) ;
#682 = CARTESIAN_POINT ( 'NONE',  ( 426.0000000000000000, -25.00000000000000000, 201.2909261969999761 ) ) ;
#683 = DIRECTION ( 'NONE',  ( -1.000000000000000000, 0.000000000000000000, 0.000000000000000000 ) ) ;
#684 = ORIENTED_EDGE ( 'NONE', *, *, #1285, .F. ) ;
#685 = FILL_AREA_STYLE_COLOUR ( '', #581 ) ;
#686 = EDGE_LOOP ( 'NONE', ( #668, #875 ) ) ;
#687 = CARTESIAN_POINT ( 'NONE',  ( 462.9693525633477975, -47.00000000000000000, 1042.000000000000000 ) ) ;
#688 = DIRECTION ( 'NONE',  ( 0.000000000000000000, -1.000000000000000000, 0.000000000000000000 ) ) ;
#689 = DIRECTION ( 'NONE',  ( 0.000000000000000000, 0.000000000000000000, 1.000000000000000000 ) ) ;
#690 = ORIENTED_EDGE ( 'NONE', *, *, #62, .T. ) ;
#691 = DIRECTION ( 'NONE',  ( 0.000000000000000000, -1.000000000000000000, 0.000000000000000000 ) ) ;
#692 = DIRECTION ( 'NONE',  ( 1.000000000000000000, 0.000000000000000000, 0.000000000000000000 ) ) ;
#693 = EDGE_LOOP ( 'NONE', ( #217, #1517, #102, #1343, #611, #1016, #863, #1266, #1485, #1023 ) ) ;
#694 = DIRECTION ( 'NONE',  ( 0.000000000000000000, 0.000000000000000000, -1.000000000000000000 ) ) ;
#695 = CARTESIAN_POINT ( 'NONE',  ( 439.0306474368937870, -50.00000000000017053, 1042.000000000000000 ) ) ;
#696 = DIRECTION ( 'NONE',  ( 0.000000000000000000, 0.000000000000000000, 1.000000000000000000 ) ) ;
#697 = DIRECTION ( 'NONE',  ( 0.000000000000000000, -1.000000000000000000, 0.000000000000000000 ) ) ;
#698 = ORIENTED_EDGE ( 'NONE', *, *, #563, .T. ) ;
#699 = SURFACE_STYLE_USAGE ( .BOTH. , #1471 ) ;
#700 = ORIENTED_EDGE ( 'NONE', *, *, #1561, .F. ) ;
#701 = EDGE_CURVE ( 'NONE', #1313, #198, #806, .T. ) ;
#702 = CIRCLE ( 'NONE', #1379, 2.999999999999891642 ) ;
#703 = DIRECTION ( 'NONE',  ( -0.000000000000000000, -1.000000000000000000, -0.000000000000000000 ) ) ;
#704 = CIRCLE ( 'NONE', #431, 5.000000000000004441 ) ;
#705 = CYLINDRICAL_SURFACE ( 'NONE', #181, 5.000000000000004441 ) ;
#706 = LINE ( 'NONE', #1088, #192 ) ;
#707 = VERTEX_POINT ( 'NONE', #624 ) ;
#708 = PRESENTATION_STYLE_ASSIGNMENT (( #699 ) ) ;
#709 = ORIENTED_EDGE ( 'NONE', *, *, #453, .F. ) ;
#710 = CARTESIAN_POINT ( 'NONE',  ( 441.0723503109954891, -3.000000000000001332, 167.0000000000000000 ) ) ;
#711 = DIRECTION ( 'NONE',  ( 0.000000000000000000, 1.000000000000000000, 0.000000000000000000 ) ) ;
#712 = ADVANCED_FACE ( 'NONE', ( #849 ), #1329, .T. ) ;
#713 = DIRECTION ( 'NONE',  ( 1.000000000000000000, 0.000000000000000000, 0.000000000000000000 ) ) ;
#714 = CARTESIAN_POINT ( 'NONE',  ( 390.0000000000000000, -25.00000000000000000, 201.2909261969999761 ) ) ;
#715 =( GEOMETRIC_REPRESENTATION_CONTEXT ( 3 ) GLOBAL_UNCERTAINTY_ASSIGNED_CONTEXT ( ( #1652 ) ) GLOBAL_UNIT_ASSIGNED_CONTEXT ( ( #1635, #333, #825 ) ) REPRESENTATION_CONTEXT ( 'NONE', 'WORKASPACE' ) );
#716 = VERTEX_POINT ( 'NONE', #1068 ) ;
#717 = FACE_OUTER_BOUND ( 'NONE', #122, .T. ) ;
#718 = FILL_AREA_STYLE_COLOUR ( '', #1638 ) ;
#719 = ORIENTED_EDGE ( 'NONE', *, *, #846, .F. ) ;
#720 = DIRECTION ( 'NONE',  ( 0.000000000000000000, 0.000000000000000000, 1.000000000000000000 ) ) ;
#721 = CYLINDRICAL_SURFACE ( 'NONE', #1022, 6.000000000000005329 ) ;
#722 = AXIS2_PLACEMENT_3D ( 'NONE', #1177, #1337, #1183 ) ;
#723 = CARTESIAN_POINT ( 'NONE',  ( 426.0000000000000000, -20.00000000000000000, 201.2909261969999761 ) ) ;
#724 = EDGE_CURVE ( 'NONE', #129, #631, #1441, .T. ) ;
#725 = LINE ( 'NONE', #1242, #155 ) ;
#726 = VECTOR ( 'NONE', #90, 1000.000000000000000 ) ;
#727 = VERTEX_POINT ( 'NONE', #408 ) ;
#728 = FACE_OUTER_BOUND ( 'NONE', #325, .T. ) ;
#729 = ORIENTED_EDGE ( 'NONE', *, *, #1314, .T. ) ;
#730 = AXIS2_PLACEMENT_3D ( 'NONE', #185, #1358, #1613 ) ;
#731 = DIRECTION ( 'NONE',  ( -1.000000000000000000, 0.000000000000000000, 0.000000000000000000 ) ) ;
#732 = FILL_AREA_STYLE ('',( #1527 ) ) ;
#733 = VECTOR ( 'NONE', #121, 1000.000000000000000 ) ;
#734 =( NAMED_UNIT ( * ) SI_UNIT ( $, .STERADIAN. ) SOLID_ANGLE_UNIT ( ) );
#735 = DIRECTION ( 'NONE',  ( 1.000000000000000000, 0.000000000000000000, 0.000000000000000000 ) ) ;
#736 = ADVANCED_FACE ( 'NONE', ( #20, #549, #154 ), #426, .T. ) ;
#737 = ORIENTED_EDGE ( 'NONE', *, *, #1408, .T. ) ;
#738 = DIRECTION ( 'NONE',  ( -1.000000000000000000, -3.083952846180990320E-14, 0.000000000000000000 ) ) ;
#739 = UNCERTAINTY_MEASURE_WITH_UNIT (LENGTH_MEASURE( 1.000000000000000082E-05 ), #348, 'distance_accuracy_value', 'NONE');
#740 = ADVANCED_FACE ( 'NONE', ( #291 ), #946, .F. ) ;
#741 = STYLED_ITEM ( 'NONE', ( #992 ), #1477 ) ;
#742 = ORIENTED_EDGE ( 'NONE', *, *, #655, .T. ) ;
#743 = DIRECTION ( 'NONE',  ( 0.000000000000000000, 1.000000000000000000, 0.000000000000000000 ) ) ;
#744 = PRESENTATION_STYLE_ASSIGNMENT (( #857 ) ) ;
#745 = CARTESIAN_POINT ( 'NONE',  ( 439.0306474368937870, -1.499999999999945821, 1039.000000000000227 ) ) ;
#746 = CARTESIAN_POINT ( 'NONE',  ( 456.0002626869999744, 0.000000000000000000, 176.2909261969999761 ) ) ;
#747 = CARTESIAN_POINT ( 'NONE',  ( 429.0000000000000000, -44.00000000000000000, 1042.000000000000000 ) ) ;
#748 = ORIENTED_EDGE ( 'NONE', *, *, #789, .T. ) ;
#749 = EDGE_CURVE ( 'NONE', #353, #276, #1160, .T. ) ;
#750 = SURFACE_STYLE_FILL_AREA ( #1017 ) ;
#751 = CARTESIAN_POINT ( 'NONE',  ( 470.0000000000000000, -44.00000000000000000, 1042.000000000000000 ) ) ;
#752 = CARTESIAN_POINT ( 'NONE',  ( 470.0000000000000000, -44.00000000000000000, 167.0000000000000000 ) ) ;
#753 = DIRECTION ( 'NONE',  ( -1.000000000000000000, 0.000000000000000000, 0.000000000000000000 ) ) ;
#754 = VERTEX_POINT ( 'NONE', #661 ) ;
#755 = CARTESIAN_POINT ( 'NONE',  ( 462.9693525633477975, -50.00000000000000000, 1039.000000000000682 ) ) ;
#756 = UNCERTAINTY_MEASURE_WITH_UNIT (LENGTH_MEASURE( 1.000000000000000082E-05 ), #1261, 'distance_accuracy_value', 'NONE');
#757 = EDGE_LOOP ( 'NONE', ( #26, #208 ) ) ;
#758 = VECTOR ( 'NONE', #1233, 1000.000000000000000 ) ;
#759 = VECTOR ( 'NONE', #989, 1000.000000000000000 ) ;
#760 = CARTESIAN_POINT ( 'NONE',  ( 441.7651913766526377, 0.000000000000000000, 1040.233802837381063 ) ) ;
#761 = VECTOR ( 'NONE', #277, 1000.000000000000000 ) ;
#762 = FACE_OUTER_BOUND ( 'NONE', #812, .T. ) ;
#763 = ORIENTED_EDGE ( 'NONE', *, *, #836, .F. ) ;
#764 = CARTESIAN_POINT ( 'NONE',  ( 436.5361751554954708, 0.000000000000000000, 167.0000000000000000 ) ) ;
#765 = EDGE_LOOP ( 'NONE', ( #803, #1046 ) ) ;
#766 =( GEOMETRIC_REPRESENTATION_CONTEXT ( 3 ) GLOBAL_UNCERTAINTY_ASSIGNED_CONTEXT ( ( #224 ) ) GLOBAL_UNIT_ASSIGNED_CONTEXT ( ( #376, #897, #1413 ) ) REPRESENTATION_CONTEXT ( 'NONE', 'WORKASPACE' ) );
#767 = EDGE_CURVE ( 'NONE', #570, #1563, #1451, .T. ) ;
#768 = ORIENTED_EDGE ( 'NONE', *, *, #75, .T. ) ;
#769 = AXIS2_PLACEMENT_3D ( 'NONE', #1439, #1302, #1552 ) ;
#770 = SURFACE_STYLE_FILL_AREA ( #1264 ) ;
#771 = ORIENTED_EDGE ( 'NONE', *, *, #1499, .T. ) ;
#772 = AXIS2_PLACEMENT_3D ( 'NONE', #1054, #678, #1575 ) ;
#773 = DIRECTION ( 'NONE',  ( 0.000000000000000000, -1.000000000000000000, 0.000000000000000000 ) ) ;
#774 = CARTESIAN_POINT ( 'NONE',  ( 439.0306474368937870, -2.999999999999790834, 1042.000000000000000 ) ) ;
#775 = VECTOR ( 'NONE', #781, 1000.000000000000000 ) ;
#776 = EDGE_CURVE ( 'NONE', #1391, #818, #1154, .T. ) ;
#777 = SURFACE_STYLE_USAGE ( .BOTH. , #1570 ) ;
#778 = CARTESIAN_POINT ( 'NONE',  ( 426.0000000000000000, -44.00000000000000000, 1042.000000000000000 ) ) ;
#779 = ORIENTED_EDGE ( 'NONE', *, *, #487, .T. ) ;
#780 = FILL_AREA_STYLE ('',( #912 ) ) ;
#781 = DIRECTION ( 'NONE',  ( -1.000000000000000000, 1.696174065399540227E-14, 0.000000000000000000 ) ) ;
#782 = MECHANICAL_DESIGN_GEOMETRIC_PRESENTATION_REPRESENTATION (  '', ( #347 ), #1246 ) ;
#783 = DIRECTION ( 'NONE',  ( 0.000000000000000000, 0.000000000000000000, 1.000000000000000000 ) ) ;
#784 = COLOUR_RGB ( '',0.6274509803921568540, 0.6274509803921568540, 0.6431372549019607199 ) ;
#785 = EDGE_CURVE ( 'NONE', #1234, #515, #422, .T. ) ;
#786 = VECTOR ( 'NONE', #262, 1000.000000000000000 ) ;
#787 = ORIENTED_EDGE ( 'NONE', *, *, #789, .F. ) ;
#788 = DIRECTION ( 'NONE',  ( 0.000000000000000000, 0.000000000000000000, -1.000000000000000000 ) ) ;
#789 = EDGE_CURVE ( 'NONE', #1665, #276, #1573, .T. ) ;
#790 =( LENGTH_UNIT ( ) NAMED_UNIT ( * ) SI_UNIT ( .MILLI., .METRE. ) );
#791 = ORIENTED_EDGE ( 'NONE', *, *, #1179, .T. ) ;
#792 = VECTOR ( 'NONE', #885, 1000.000000000000000 ) ;
#793 = AXIS2_PLACEMENT_3D ( 'NONE', #1128, #1259, #743 ) ;
#794 = DIRECTION ( 'NONE',  ( 0.000000000000000000, 1.000000000000000000, 0.000000000000000000 ) ) ;
#795 = PRESENTATION_LAYER_ASSIGNMENT (  '', '', ( #574 ) ) ;
#796 = EDGE_LOOP ( 'NONE', ( #729, #1312, #561, #809 ) ) ;
#797 = SURFACE_STYLE_FILL_AREA ( #1203 ) ;
#798 = ORIENTED_EDGE ( 'NONE', *, *, #1335, .T. ) ;
#799 = EDGE_CURVE ( 'NONE', #1598, #945, #568, .T. ) ;
#800 = CARTESIAN_POINT ( 'NONE',  ( 473.0000000000000000, -6.000000000000000000, 1042.000000000000000 ) ) ;
#801 = DIRECTION ( 'NONE',  ( 0.000000000000000000, 1.000000000000000000, 0.000000000000000000 ) ) ;
#802 = DIRECTION ( 'NONE',  ( 0.000000000000000000, 1.000000000000000000, 0.000000000000000000 ) ) ;
#803 = ORIENTED_EDGE ( 'NONE', *, *, #1243, .F. ) ;
#804 = CARTESIAN_POINT ( 'NONE',  ( 447.9217304590599156, -3.000000000000000000, 1026.588732387522214 ) ) ;
#805 = ORIENTED_EDGE ( 'NONE', *, *, #846, .T. ) ;
#806 = CIRCLE ( 'NONE', #318, 3.000000000000002665 ) ;
#807 = PLANE ( 'NONE',  #769 ) ;
#808 = SURFACE_SIDE_STYLE ('',( #547 ) ) ;
#809 = ORIENTED_EDGE ( 'NONE', *, *, #1086, .T. ) ;
#810 = CARTESIAN_POINT ( 'NONE',  ( 454.0782695413090551, 0.000000000000000000, 1026.588732387749133 ) ) ;
#811 = VECTOR ( 'NONE', #504, 1000.000000000000000 ) ;
#812 = EDGE_LOOP ( 'NONE', ( #1443, #1020, #532, #456 ) ) ;
#813 = CIRCLE ( 'NONE', #79, 3.000000000000002665 ) ;
#814 = CARTESIAN_POINT ( 'NONE',  ( 432.0000000000000000, 0.000000000000000000, 604.5000000000000000 ) ) ;
#815 = VECTOR ( 'NONE', #575, 1000.000000000000000 ) ;
#816 = CARTESIAN_POINT ( 'NONE',  ( 461.0723503099796972, -50.00000000000000000, 166.9999999975684659 ) ) ;
#817 = EDGE_CURVE ( 'NONE', #1462, #1380, #227, .T. ) ;
#818 = VERTEX_POINT ( 'NONE', #558 ) ;
#819 = DIRECTION ( 'NONE',  ( 0.000000000000000000, -1.000000000000000000, 0.000000000000000000 ) ) ;
#820 = FILL_AREA_STYLE_COLOUR ( '', #1360 ) ;
#821 = DIRECTION ( 'NONE',  ( -1.000000000000000000, 0.000000000000000000, 0.000000000000000000 ) ) ;
#822 = DIRECTION ( 'NONE',  ( 0.000000000000000000, 0.000000000000000000, 1.000000000000000000 ) ) ;
#823 = ORIENTED_EDGE ( 'NONE', *, *, #178, .T. ) ;
#824 = FACE_OUTER_BOUND ( 'NONE', #1202, .T. ) ;
#825 =( NAMED_UNIT ( * ) SI_UNIT ( $, .STERADIAN. ) SOLID_ANGLE_UNIT ( ) );
#826 = ORIENTED_EDGE ( 'NONE', *, *, #443, .T. ) ;
#827 = CARTESIAN_POINT ( 'NONE',  ( 447.9217304590600861, -49.99999999999998579, 1026.588732387522441 ) ) ;
#828 =( NAMED_UNIT ( * ) PLANE_ANGLE_UNIT ( ) SI_UNIT ( $, .RADIAN. ) );
#829 = CARTESIAN_POINT ( 'NONE',  ( 500.0000000000000000, -135.0000000000000000, 167.0000000000000000 ) ) ;
#830 = CARTESIAN_POINT ( 'NONE',  ( 470.0000000000000000, -6.000000000000000000, 1042.000000000000000 ) ) ;
#831 = ORIENTED_EDGE ( 'NONE', *, *, #880, .F. ) ;
#832 = DIRECTION ( 'NONE',  ( 0.000000000000000000, 0.000000000000000000, 1.000000000000000000 ) ) ;
#833 = AXIS2_PLACEMENT_3D ( 'NONE', #1348, #958, #1227 ) ;
#834 = AXIS2_PLACEMENT_3D ( 'NONE', #191, #1064, #1214 ) ;
#835 = VERTEX_POINT ( 'NONE', #205 ) ;
#836 = EDGE_CURVE ( 'NONE', #835, #188, #871, .T. ) ;
#837 = LINE ( 'NONE', #607, #1548 ) ;
#838 = FACE_OUTER_BOUND ( 'NONE', #1576, .T. ) ;
#839 = DIRECTION ( 'NONE',  ( 1.000000000000000000, 0.000000000000000000, 0.000000000000000000 ) ) ;
#840 = DIRECTION ( 'NONE',  ( -0.000000000000000000, 1.000000000000000000, -0.000000000000000000 ) ) ;
#841 = CIRCLE ( 'NONE', #1490, 3.000000000000000000 ) ;
#842 = ORIENTED_EDGE ( 'NONE', *, *, #880, .T. ) ;
#843 = LINE ( 'NONE', #177, #1084 ) ;
#844 = ORIENTED_EDGE ( 'NONE', *, *, #375, .F. ) ;
#845 = CIRCLE ( 'NONE', #327, 2.999999999999891642 ) ;
#846 = EDGE_CURVE ( 'NONE', #344, #1380, #592, .T. ) ;
#847 = CYLINDRICAL_SURFACE ( 'NONE', #164, 5.000000000000004441 ) ;
#848 = CIRCLE ( 'NONE', #984, 5.000000000000000888 ) ;
#849 = FACE_OUTER_BOUND ( 'NONE', #1132, .T. ) ;
#850 = DIRECTION ( 'NONE',  ( 0.000000000000000000, 0.000000000000000000, 1.000000000000000000 ) ) ;
#851 = DIRECTION ( 'NONE',  ( 1.000000000000000000, 0.000000000000000000, 0.000000000000000000 ) ) ;
#852 = EDGE_LOOP ( 'NONE', ( #548, #322, #419, #791 ) ) ;
#853 = CARTESIAN_POINT ( 'NONE',  ( 462.9693525633477975, -3.000000000000000000, 1042.000000000000000 ) ) ;
#854 = ORIENTED_EDGE ( 'NONE', *, *, #970, .T. ) ;
#855 =( GEOMETRIC_REPRESENTATION_CONTEXT ( 3 ) GLOBAL_UNCERTAINTY_ASSIGNED_CONTEXT ( ( #756 ) ) GLOBAL_UNIT_ASSIGNED_CONTEXT ( ( #1261, #1005, #734 ) ) REPRESENTATION_CONTEXT ( 'NONE', 'WORKASPACE' ) );
#856 = CARTESIAN_POINT ( 'NONE',  ( 473.0000000000000000, -20.00000000000000000, 201.2909261969999761 ) ) ;
#857 = SURFACE_STYLE_USAGE ( .BOTH. , #1381 ) ;
#858 = PRESENTATION_STYLE_ASSIGNMENT (( #1115 ) ) ;
#859 = CARTESIAN_POINT ( 'NONE',  ( 456.0002626869999744, -47.00000000000000000, 226.2909261970000045 ) ) ;
#860 = EDGE_CURVE ( 'NONE', #244, #716, #843, .T. ) ;
#861 = ORIENTED_EDGE ( 'NONE', *, *, #799, .F. ) ;
#862 =( LENGTH_UNIT ( ) NAMED_UNIT ( * ) SI_UNIT ( .MILLI., .METRE. ) );
#863 = ORIENTED_EDGE ( 'NONE', *, *, #665, .F. ) ;
#864 = VECTOR ( 'NONE', #1253, 1000.000000000000000 ) ;
#865 = CARTESIAN_POINT ( 'NONE',  ( 451.0002626869999744, -95.00000000000000000, 176.2909261969999761 ) ) ;
#866 = CARTESIAN_POINT ( 'NONE',  ( 473.0000000000000000, -44.00000000000000000, 167.0000000000000000 ) ) ;
#867 =( GEOMETRIC_REPRESENTATION_CONTEXT ( 3 ) GLOBAL_UNCERTAINTY_ASSIGNED_CONTEXT ( ( #86 ) ) GLOBAL_UNIT_ASSIGNED_CONTEXT ( ( #1156, #1523, #1587 ) ) REPRESENTATION_CONTEXT ( 'NONE', 'WORKASPACE' ) );
#868 = AXIS2_PLACEMENT_3D ( 'NONE', #528, #1190, #794 ) ;
#869 = DIRECTION ( 'NONE',  ( 0.000000000000000000, -1.000000000000000000, 0.000000000000000000 ) ) ;
#870 = ADVANCED_FACE ( 'NONE', ( #437, #968 ), #1486, .T. ) ;
#871 = CIRCLE ( 'NONE', #1600, 5.000000000000004441 ) ;
#872 = CARTESIAN_POINT ( 'NONE',  ( 429.0000000000000000, -25.00000000000000000, 201.2909261969999761 ) ) ;
#873 = LINE ( 'NONE', #1666, #1299 ) ;
#874 = VECTOR ( 'NONE', #633, 1000.000000000000000 ) ;
#875 = ORIENTED_EDGE ( 'NONE', *, *, #88, .F. ) ;
#876 = CARTESIAN_POINT ( 'NONE',  ( 454.3289876229831634, 0.000000000000000000, 151.0008021506759803 ) ) ;
#877 = LINE ( 'NONE', #213, #324 ) ;
#878 = ORIENTED_EDGE ( 'NONE', *, *, #367, .F. ) ;
#879 = CARTESIAN_POINT ( 'NONE',  ( 461.0723503110015145, 0.000000000000000000, 167.0000000000000000 ) ) ;
#880 = EDGE_CURVE ( 'NONE', #403, #1446, #602, .T. ) ;
#881 = ORIENTED_EDGE ( 'NONE', *, *, #1511, .T. ) ;
#882 = CARTESIAN_POINT ( 'NONE',  ( 446.0002626869999744, -50.00000000000000000, 226.2909261970000045 ) ) ;
#883 = CARTESIAN_POINT ( 'NONE',  ( 447.6623209719295460, -47.00000000000000000, 151.0008021127176221 ) ) ;
#884 = CARTESIAN_POINT ( 'NONE',  ( 429.0000000000000000, -6.000000000000000000, 167.0000000000000000 ) ) ;
#885 = DIRECTION ( 'NONE',  ( 0.000000000000000000, 1.000000000000000000, 0.000000000000000000 ) ) ;
#886 = VERTEX_POINT ( 'NONE', #853 ) ;
#887 = FILL_AREA_STYLE_COLOUR ( '', #784 ) ;
#888 = ORIENTED_EDGE ( 'NONE', *, *, #956, .T. ) ;
#889 = DIRECTION ( 'NONE',  ( 0.000000000000000000, 1.000000000000000000, 0.000000000000000000 ) ) ;
#890 = ADVANCED_FACE ( 'NONE', ( #824 ), #1351, .T. ) ;
#891 = VECTOR ( 'NONE', #697, 1000.000000000000000 ) ;
#892 = SURFACE_STYLE_USAGE ( .BOTH. , #1146 ) ;
#893 = LINE ( 'NONE', #1520, #1620 ) ;
#894 = CYLINDRICAL_SURFACE ( 'NONE', #944, 3.000000000000002665 ) ;
#895 = DIRECTION ( 'NONE',  ( 1.000000000000000000, 0.000000000000000000, 0.000000000000000000 ) ) ;
#896 = VERTEX_POINT ( 'NONE', #1607 ) ;
#897 =( NAMED_UNIT ( * ) PLANE_ANGLE_UNIT ( ) SI_UNIT ( $, .RADIAN. ) );
#898 = ADVANCED_FACE ( 'NONE', ( #728 ), #1092, .F. ) ;
#899 = DIRECTION ( 'NONE',  ( 0.000000000000000000, 0.000000000000000000, 1.000000000000000000 ) ) ;
#900 = DIRECTION ( 'NONE',  ( -1.000000000000000000, 0.000000000000000000, 0.000000000000000000 ) ) ;
#901 = CARTESIAN_POINT ( 'NONE',  ( 441.7651913766527514, -46.99999999999997868, 1040.233802837380381 ) ) ;
#902 = VERTEX_POINT ( 'NONE', #323 ) ;
#903 = STYLED_ITEM ( 'NONE', ( #1079 ), #1 ) ;
#904 = DIRECTION ( 'NONE',  ( 0.000000000000000000, 1.000000000000000000, 0.000000000000000000 ) ) ;
#905 = DIRECTION ( 'NONE',  ( 0.000000000000000000, 1.000000000000000000, 0.000000000000000000 ) ) ;
#906 = EDGE_CURVE ( 'NONE', #129, #1282, #1377, .T. ) ;
#907 = CARTESIAN_POINT ( 'NONE',  ( 429.0000000000000000, -44.00000000000000000, 1042.000000000000000 ) ) ;
#908 = EDGE_CURVE ( 'NONE', #1480, #283, #216, .T. ) ;
#909 = CARTESIAN_POINT ( 'NONE',  ( 439.0306474368937870, -47.00000000000000000, 1042.000000000000000 ) ) ;
#910 = ORIENTED_EDGE ( 'NONE', *, *, #785, .T. ) ;
#911 =( NAMED_UNIT ( * ) PLANE_ANGLE_UNIT ( ) SI_UNIT ( $, .RADIAN. ) );
#912 = FILL_AREA_STYLE_COLOUR ( '', #279 ) ;
#913 = EDGE_LOOP ( 'NONE', ( #1286, #374, #32, #499 ) ) ;
#914 = CARTESIAN_POINT ( 'NONE',  ( 429.0000000000000000, -25.00000000000000000, 201.2909261969999761 ) ) ;
#915 = AXIS2_PLACEMENT_3D ( 'NONE', #1482, #1321, #1071 ) ;
#916 = B_SPLINE_CURVE_WITH_KNOTS ( 'NONE', 3,
 ( #1098, #452, #1596, #194 ),
 .UNSPECIFIED., .F., .F.,
 ( 4, 4 ),
 ( 0.006189029946529219124, 0.9937655308867021642 ),
 .UNSPECIFIED. ) ;
#917 = CARTESIAN_POINT ( 'NONE',  ( 451.0002626869999744, -47.00000000000000000, 226.2909261970000045 ) ) ;
#918 = FACE_OUTER_BOUND ( 'NONE', #1487, .T. ) ;
#919 = VECTOR ( 'NONE', #895, 1000.000000000000000 ) ;
#920 = EDGE_CURVE ( 'NONE', #1446, #896, #455, .T. ) ;
#921 = ORIENTED_EDGE ( 'NONE', *, *, #1148, .F. ) ;
#922 = SURFACE_STYLE_USAGE ( .BOTH. , #1425 ) ;
#923 =( NAMED_UNIT ( * ) SI_UNIT ( $, .STERADIAN. ) SOLID_ANGLE_UNIT ( ) );
#924 = ORIENTED_EDGE ( 'NONE', *, *, #1050, .F. ) ;
#925 = CARTESIAN_POINT ( 'NONE',  ( 439.0306474368937870, -48.50000000000004263, 1039.000000000000227 ) ) ;
#926 = CARTESIAN_POINT ( 'NONE',  ( 451.0002626869999744, -3.000000000000000000, 226.2909261970000045 ) ) ;
#927 = CIRCLE ( 'NONE', #410, 2.999999999999891642 ) ;
#928 = ORIENTED_EDGE ( 'NONE', *, *, #1179, .F. ) ;
#929 = ADVANCED_FACE ( 'NONE', ( #717 ), #1235, .F. ) ;
#930 = SURFACE_SIDE_STYLE ('',( #1582 ) ) ;
#931 = EDGE_LOOP ( 'NONE', ( #1099, #535, #232, #15 ) ) ;
#932 = CARTESIAN_POINT ( 'NONE',  ( 451.0002626869999744, 0.000000000000000000, 226.2909261970000045 ) ) ;
#933 = PRESENTATION_LAYER_ASSIGNMENT (  '', '', ( #1291 ) ) ;
#934 = EDGE_LOOP ( 'NONE', ( #737, #999, #1249, #1673, #951, #1296, #1185, #637, #551, #272, #388, #300 ) ) ;
#935 = DIRECTION ( 'NONE',  ( 0.000000000000000000, 0.000000000000000000, -1.000000000000000000 ) ) ;
#936 =( GEOMETRIC_REPRESENTATION_CONTEXT ( 3 ) GLOBAL_UNCERTAINTY_ASSIGNED_CONTEXT ( ( #1516 ) ) GLOBAL_UNIT_ASSIGNED_CONTEXT ( ( #273, #911, #417 ) ) REPRESENTATION_CONTEXT ( 'NONE', 'WORKASPACE' ) );
#937 = VERTEX_POINT ( 'NONE', #1547 ) ;
#938 = VECTOR ( 'NONE', #200, 1000.000000000000000 ) ;
#939 = EDGE_CURVE ( 'NONE', #1289, #309, #873, .T. ) ;
#940 = LINE ( 'NONE', #814, #101 ) ;
#941 = DIRECTION ( 'NONE',  ( 0.000000000000000000, -1.000000000000000000, 0.000000000000000000 ) ) ;
#942 = ORIENTED_EDGE ( 'NONE', *, *, #1032, .F. ) ;
#943 = CARTESIAN_POINT ( 'NONE',  ( 460.2348086234425750, 0.000000000000000000, 1040.233802837056601 ) ) ;
#944 = AXIS2_PLACEMENT_3D ( 'NONE', #1672, #1409, #222 ) ;
#945 = VERTEX_POINT ( 'NONE', #1027 ) ;
#946 = B_SPLINE_SURFACE_WITH_KNOTS ( 'NONE', 3, 1, ( 
 ( #541, #943 ),
 ( #676, #810 ),
 ( #804, #533 ),
 ( #402, #1463 ) ),
 .UNSPECIFIED., .F., .F., .F.,
 ( 4, 4 ),
 ( 2, 2 ),
 ( 0.04396278279594879879, 0.9559706305932968995 ),
 ( 0.000000000000000000, 1.000000000000000000 ),
 .UNSPECIFIED. ) ;
#947 = DIRECTION ( 'NONE',  ( 0.000000000000000000, 0.000000000000000000, -1.000000000000000000 ) ) ;
#948 = CIRCLE ( 'NONE', #301, 2.999999999999891642 ) ;
#949 = CARTESIAN_POINT ( 'NONE',  ( 470.0000000000000000, -44.00000000000000000, 410.0000000000000000 ) ) ;
#950 = CARTESIAN_POINT ( 'NONE',  ( 462.9693525633477975, -50.00000000000000000, 1042.000000000000000 ) ) ;
#951 = ORIENTED_EDGE ( 'NONE', *, *, #1468, .F. ) ;
#952 = CARTESIAN_POINT ( 'NONE',  ( 473.0000000000000000, -15.00000000000000000, 410.0000000000000000 ) ) ;
#953 = ORIENTED_EDGE ( 'NONE', *, *, #50, .T. ) ;
#954 = CARTESIAN_POINT ( 'NONE',  ( 432.0000000000000000, -3.000000000000002665, 1042.000000000000000 ) ) ;
#955 = CARTESIAN_POINT ( 'NONE',  ( 429.0000000000000000, -6.000000000000000000, 167.0000000000000000 ) ) ;
#956 = EDGE_CURVE ( 'NONE', #1563, #1598, #630, .T. ) ;
#957 = CARTESIAN_POINT ( 'NONE',  ( 461.0723503110000365, -47.00000000000000000, 167.0000000000000000 ) ) ;
#958 = DIRECTION ( 'NONE',  ( -0.000000000000000000, -1.000000000000000000, -0.000000000000000000 ) ) ;
#959 = EDGE_CURVE ( 'NONE', #1149, #309, #405, .T. ) ;
#960 = VERTEX_POINT ( 'NONE', #639 ) ;
#961 = DIRECTION ( 'NONE',  ( -1.000000000000000000, 0.000000000000000000, 0.000000000000000000 ) ) ;
#962 = VERTEX_POINT ( 'NONE', #1281 ) ;
#963 = DIRECTION ( 'NONE',  ( -0.000000000000000000, 1.000000000000000000, -0.000000000000000000 ) ) ;
#964 = CARTESIAN_POINT ( 'NONE',  ( 476.0000000000000000, -6.000000000000000000, 167.0000000000000000 ) ) ;
#965 = DIRECTION ( 'NONE',  ( 0.000000000000000000, 0.000000000000000000, 1.000000000000000000 ) ) ;
#966 = LINE ( 'NONE', #1484, #758 ) ;
#967 = ORIENTED_EDGE ( 'NONE', *, *, #671, .F. ) ;
#968 = FACE_OUTER_BOUND ( 'NONE', #428, .T. ) ;
#969 = AXIS2_PLACEMENT_3D ( 'NONE', #745, #1394, #635 ) ;
#970 = EDGE_CURVE ( 'NONE', #482, #265, #1188, .T. ) ;
#971 = AXIS2_PLACEMENT_3D ( 'NONE', #1396, #1660, #481 ) ;
#972 = ORIENTED_EDGE ( 'NONE', *, *, #529, .F. ) ;
#973 = STYLED_ITEM ( 'NONE', ( #118 ), #420 ) ;
#974 = SURFACE_SIDE_STYLE ('',( #1603 ) ) ;
#975 = CARTESIAN_POINT ( 'NONE',  ( 451.0002626869999744, -50.00000000000000000, 176.2909261969999761 ) ) ;
#976 = CARTESIAN_POINT ( 'NONE',  ( 476.0000000000000000, -30.00000000000000000, 201.2909261969999761 ) ) ;
#977 = CARTESIAN_POINT ( 'NONE',  ( 470.0000000000000000, -50.00000000000000000, 167.0000000000000000 ) ) ;
#978 = COLOUR_RGB ( '',0.6274509803921568540, 0.6274509803921568540, 0.6431372549019607199 ) ;
#979 = ORIENTED_EDGE ( 'NONE', *, *, #453, .T. ) ;
#980 = CARTESIAN_POINT ( 'NONE',  ( 432.0000000000000000, -6.000000000000000000, 410.0000000000000000 ) ) ;
#981 = EDGE_LOOP ( 'NONE', ( #1617, #1433 ) ) ;
#982 = EDGE_CURVE ( 'NONE', #902, #1090, #132, .T. ) ;
#983 = CARTESIAN_POINT ( 'NONE',  ( 441.7651913766526377, -50.00000000000000000, 1040.233802837380608 ) ) ;
#984 = AXIS2_PLACEMENT_3D ( 'NONE', #682, #900, #1198 ) ;
#985 = LINE ( 'NONE', #81, #1240 ) ;
#986 = CARTESIAN_POINT ( 'NONE',  ( 447.6623209855561072, 0.000000000000000000, 151.0008020796342407 ) ) ;
#987 = CARTESIAN_POINT ( 'NONE',  ( 432.0000000000000000, -44.00000000000000000, 0.000000000000000000 ) ) ;
#988 = ORIENTED_EDGE ( 'NONE', *, *, #180, .T. ) ;
#989 = DIRECTION ( 'NONE',  ( 0.000000000000000000, 0.000000000000000000, 1.000000000000000000 ) ) ;
#990 = UNCERTAINTY_MEASURE_WITH_UNIT (LENGTH_MEASURE( 1.000000000000000082E-05 ), #335, 'distance_accuracy_value', 'NONE');
#991 = EDGE_LOOP ( 'NONE', ( #1549, #1228, #942, #45 ) ) ;
#992 = PRESENTATION_STYLE_ASSIGNMENT (( #476 ) ) ;
#993 = CARTESIAN_POINT ( 'NONE',  ( 476.0000000000000000, -25.00000000000000000, 201.2909261969999761 ) ) ;
#994 = EDGE_CURVE ( 'NONE', #591, #1313, #1133, .T. ) ;
#995 = CARTESIAN_POINT ( 'NONE',  ( 460.2348086235905384, -46.99999999999997868, 1040.233802837384019 ) ) ;
#996 = DIRECTION ( 'NONE',  ( 0.000000000000000000, 1.000000000000000000, 0.000000000000000000 ) ) ;
#997 = EDGE_LOOP ( 'NONE', ( #1080, #12, #881, #698 ) ) ;
#998 = CARTESIAN_POINT ( 'NONE',  ( 460.2348086235905384, -46.99999999999997868, 1040.233802837384019 ) ) ;
#999 = ORIENTED_EDGE ( 'NONE', *, *, #1040, .T. ) ;
#1000 = AXIS2_PLACEMENT_3D ( 'NONE', #295, #1619, #459 ) ;
#1001 = FACE_BOUND ( 'NONE', #1159, .T. ) ;
#1002 =( LENGTH_UNIT ( ) NAMED_UNIT ( * ) SI_UNIT ( .MILLI., .METRE. ) );
#1003 = AXIS2_PLACEMENT_3D ( 'NONE', #1625, #584, #1106 ) ;
#1004 = PRESENTATION_LAYER_ASSIGNMENT (  '', '', ( #269 ) ) ;
#1005 =( NAMED_UNIT ( * ) PLANE_ANGLE_UNIT ( ) SI_UNIT ( $, .RADIAN. ) );
#1006 = CARTESIAN_POINT ( 'NONE',  ( 446.0002626869999744, -3.000000000000000000, 226.2909261970000045 ) ) ;
#1007 = EDGE_LOOP ( 'NONE', ( #314, #888, #1055, #606 ) ) ;
#1008 = ORIENTED_EDGE ( 'NONE', *, *, #75, .F. ) ;
#1009 = DIRECTION ( 'NONE',  ( 0.000000000000000000, 1.000000000000000000, 0.000000000000000000 ) ) ;
#1010 = DIRECTION ( 'NONE',  ( 0.000000000000000000, 1.000000000000000000, 0.000000000000000000 ) ) ;
#1011 = DIRECTION ( 'NONE',  ( -0.000000000000000000, -1.000000000000000000, -0.000000000000000000 ) ) ;
#1012 = VERTEX_POINT ( 'NONE', #879 ) ;
#1013 = PRESENTATION_LAYER_ASSIGNMENT (  '', '', ( #1095 ) ) ;
#1014 = DIRECTION ( 'NONE',  ( 0.000000000000000000, 1.000000000000000000, 0.000000000000000000 ) ) ;
#1015 = EDGE_CURVE ( 'NONE', #1326, #353, #1458, .T. ) ;
#1016 = ORIENTED_EDGE ( 'NONE', *, *, #1257, .T. ) ;
#1017 = FILL_AREA_STYLE ('',( #1542 ) ) ;
#1018 = FILL_AREA_STYLE_COLOUR ( '', #1308 ) ;
#1019 = CARTESIAN_POINT ( 'NONE',  ( 475.0000000000000000, -25.00000000000000000, 201.2909261969999761 ) ) ;
#1020 = ORIENTED_EDGE ( 'NONE', *, *, #1497, .F. ) ;
#1021 = CARTESIAN_POINT ( 'NONE',  ( 473.0000000000000000, -44.00000000000000000, 167.0000000000000000 ) ) ;
#1022 = AXIS2_PLACEMENT_3D ( 'NONE', #1640, #1252, #336 ) ;
#1023 = ORIENTED_EDGE ( 'NONE', *, *, #1508, .T. ) ;
#1024 = EDGE_CURVE ( 'NONE', #1282, #1134, #241, .T. ) ;
#1025 = FACE_BOUND ( 'NONE', #1053, .T. ) ;
#1026 = CIRCLE ( 'NONE', #730, 5.000000000000004441 ) ;
#1027 = CARTESIAN_POINT ( 'NONE',  ( 432.0000000000000000, 0.000000000000000000, 1042.000000000000000 ) ) ;
#1028 = VECTOR ( 'NONE', #158, 1000.000000000000000 ) ;
#1029 = ORIENTED_EDGE ( 'NONE', *, *, #1604, .F. ) ;
#1030 = AXIS2_PLACEMENT_3D ( 'NONE', #370, #1276, #1669 ) ;
#1031 = CARTESIAN_POINT ( 'NONE',  ( 456.0002626869999744, -47.00000000000000000, 226.2909261970000045 ) ) ;
#1032 = EDGE_CURVE ( 'NONE', #85, #631, #491, .T. ) ;
#1033 = CARTESIAN_POINT ( 'NONE',  ( 470.0000000000000000, 0.000000000000000000, 1042.000000000000000 ) ) ;
#1034 =( NAMED_UNIT ( * ) PLANE_ANGLE_UNIT ( ) SI_UNIT ( $, .RADIAN. ) );
#1035 = VERTEX_POINT ( 'NONE', #1021 ) ;
#1036 = LINE ( 'NONE', #866, #938 ) ;
#1037 = STYLED_ITEM ( 'NONE', ( #14 ), #1680 ) ;
#1038 = ORIENTED_EDGE ( 'NONE', *, *, #1639, .T. ) ;
#1039 = FILL_AREA_STYLE_COLOUR ( '', #1568 ) ;
#1040 = EDGE_CURVE ( 'NONE', #1208, #87, #258, .T. ) ;
#1041 = CARTESIAN_POINT ( 'NONE',  ( 473.0000000000000000, -25.00000000000000000, 201.2909261969999761 ) ) ;
#1042 =( NAMED_UNIT ( * ) SI_UNIT ( $, .STERADIAN. ) SOLID_ANGLE_UNIT ( ) );
#1043 = VERTEX_POINT ( 'NONE', #1272 ) ;
#1044 = CARTESIAN_POINT ( 'NONE',  ( 454.3289876229831634, -3.000000000000000000, 151.0008021506760940 ) ) ;
#1045 = CARTESIAN_POINT ( 'NONE',  ( 451.0002626869999744, -1.000000000000000000, 226.2909261970000045 ) ) ;
#1046 = ORIENTED_EDGE ( 'NONE', *, *, #1086, .F. ) ;
#1047 = DIRECTION ( 'NONE',  ( 1.000000000000000000, 0.000000000000000000, 0.000000000000000000 ) ) ;
#1048 = CIRCLE ( 'NONE', #1541, 3.000000000000002665 ) ;
#1049 = EDGE_CURVE ( 'NONE', #707, #316, #498, .T. ) ;
#1050 = EDGE_CURVE ( 'NONE', #1211, #1289, #702, .T. ) ;
#1051 = DIRECTION ( 'NONE',  ( 0.000000000000000000, -1.000000000000000000, 0.000000000000000000 ) ) ;
#1052 = DIRECTION ( 'NONE',  ( 0.000000000000000000, 0.000000000000000000, 1.000000000000000000 ) ) ;
#1053 = EDGE_LOOP ( 'NONE', ( #112, #1182 ) ) ;
#1054 = CARTESIAN_POINT ( 'NONE',  ( 441.0000000000000000, 0.000000000000000000, 260.0000000000000000 ) ) ;
#1055 = ORIENTED_EDGE ( 'NONE', *, *, #1571, .T. ) ;
#1056 = PRESENTATION_LAYER_ASSIGNMENT (  '', '', ( #1630 ) ) ;
#1057 = DIRECTION ( 'NONE',  ( 0.000000000000000000, 0.000000000000000000, 1.000000000000000000 ) ) ;
#1058 = FACE_BOUND ( 'NONE', #981, .T. ) ;
#1059 = APPLICATION_CONTEXT ( 'automotive_design' ) ;
#1060 = ORIENTED_EDGE ( 'NONE', *, *, #468, .T. ) ;
#1061 = PRESENTATION_STYLE_ASSIGNMENT (( #922 ) ) ;
#1062 = EDGE_CURVE ( 'NONE', #591, #1211, #612, .T. ) ;
#1063 = ORIENTED_EDGE ( 'NONE', *, *, #128, .F. ) ;
#1064 = DIRECTION ( 'NONE',  ( 0.000000000000000000, 0.000000000000000000, 1.000000000000000000 ) ) ;
#1065 = CARTESIAN_POINT ( 'NONE',  ( 441.0723503109858825, -50.00000000000000000, 166.9999999999946283 ) ) ;
#1066 = FACE_BOUND ( 'NONE', #540, .T. ) ;
#1067 = EDGE_LOOP ( 'NONE', ( #972, #787, #967, #1412 ) ) ;
#1068 = CARTESIAN_POINT ( 'NONE',  ( 426.0000000000000000, -30.00000000000000000, 201.2909261969999761 ) ) ;
#1069 = VERTEX_POINT ( 'NONE', #1126 ) ;
#1070 = EDGE_CURVE ( 'NONE', #283, #1609, #373, .T. ) ;
#1071 = DIRECTION ( 'NONE',  ( 0.000000000000000000, 0.000000000000000000, -1.000000000000000000 ) ) ;
#1072 = PRESENTATION_LAYER_ASSIGNMENT (  '', '', ( #559 ) ) ;
#1073 = DIRECTION ( 'NONE',  ( 0.000000000000000000, 0.000000000000000000, -1.000000000000000000 ) ) ;
#1074 = DIRECTION ( 'NONE',  ( 0.000000000000000000, 0.000000000000000000, 1.000000000000000000 ) ) ;
#1075 = AXIS2_PLACEMENT_3D ( 'NONE', #1460, #399, #802 ) ;
#1076 = ORIENTED_EDGE ( 'NONE', *, *, #308, .F. ) ;
#1077 =( NAMED_UNIT ( * ) PLANE_ANGLE_UNIT ( ) SI_UNIT ( $, .RADIAN. ) );
#1078 = VECTOR ( 'NONE', #508, 1000.000000000000000 ) ;
#1079 = PRESENTATION_STYLE_ASSIGNMENT (( #172 ) ) ;
#1080 = ORIENTED_EDGE ( 'NONE', *, *, #1200, .T. ) ;
#1081 = MANIFOLD_SOLID_BREP ( '圆角1', #1461 ) ;
#1082 = ADVANCED_FACE ( 'NONE', ( #918 ), #1562, .F. ) ;
#1083 =( NAMED_UNIT ( * ) SI_UNIT ( $, .STERADIAN. ) SOLID_ANGLE_UNIT ( ) );
#1084 = VECTOR ( 'NONE', #310, 1000.000000000000000 ) ;
#1085 = FILL_AREA_STYLE ('',( #820 ) ) ;
#1086 = EDGE_CURVE ( 'NONE', #1436, #22, #625, .T. ) ;
#1087 = AXIS2_PLACEMENT_3D ( 'NONE', #1628, #199, #1618 ) ;
#1088 = CARTESIAN_POINT ( 'NONE',  ( 426.0000000000000000, -44.00000000000000000, 167.0000000000000000 ) ) ;
#1089 = DIRECTION ( 'NONE',  ( -1.000000000000000000, 0.000000000000000000, 0.000000000000000000 ) ) ;
#1090 = VERTEX_POINT ( 'NONE', #530 ) ;
#1091 = AXIS2_PLACEMENT_3D ( 'NONE', #752, #1509, #1529 ) ;
#1092 = CYLINDRICAL_SURFACE ( 'NONE', #157, 5.000000000000004441 ) ;
#1093 = SURFACE_STYLE_FILL_AREA ( #1608 ) ;
#1094 = ORIENTED_EDGE ( 'NONE', *, *, #1432, .T. ) ;
#1095 = STYLED_ITEM ( 'NONE', ( #744 ), #712 ) ;
#1096 = DIRECTION ( 'NONE',  ( -1.000000000000000000, 0.000000000000000000, 0.000000000000000000 ) ) ;
#1097 = ADVANCED_FACE ( 'NONE', ( #1066, #137 ), #152, .T. ) ;
#1098 = CARTESIAN_POINT ( 'NONE',  ( 461.0723503110039019, -47.00000000000000000, 166.9999999999985221 ) ) ;
#1099 = ORIENTED_EDGE ( 'NONE', *, *, #1200, .F. ) ;
#1100 = ORIENTED_EDGE ( 'NONE', *, *, #529, .T. ) ;
#1101 = CARTESIAN_POINT ( 'NONE',  ( 446.0002626869999744, 0.000000000000000000, 176.2909261969999761 ) ) ;
#1102 = CARTESIAN_POINT ( 'NONE',  ( 432.0000000000000000, -50.00000000000001421, 1042.000000000000000 ) ) ;
#1103 = CARTESIAN_POINT ( 'NONE',  ( 390.0000000000000000, -25.00000000000000000, 201.2909261969999761 ) ) ;
#1104 = LINE ( 'NONE', #977, #292 ) ;
#1105 = ORIENTED_EDGE ( 'NONE', *, *, #1119, .T. ) ;
#1106 = DIRECTION ( 'NONE',  ( 1.000000000000000000, 0.000000000000000000, 0.000000000000000000 ) ) ;
#1107 = AXIS2_PLACEMENT_3D ( 'NONE', #463, #1334, #822 ) ;
#1108 = UNCERTAINTY_MEASURE_WITH_UNIT (LENGTH_MEASURE( 1.000000000000000082E-05 ), #432, 'distance_accuracy_value', 'NONE');
#1109 = APPLICATION_PROTOCOL_DEFINITION ( 'draft international standard', 'automotive_design', 1998, #1059 ) ;
#1110 = AXIS2_PLACEMENT_3D ( 'NONE', #980, #1494, #1369 ) ;
#1111 = ORIENTED_EDGE ( 'NONE', *, *, #701, .T. ) ;
#1112 = CIRCLE ( 'NONE', #627, 6.000000000000005329 ) ;
#1113 = CARTESIAN_POINT ( 'NONE',  ( 447.9217304589645323, -50.00000000000000000, 1026.588732387413074 ) ) ;
#1114 = CARTESIAN_POINT ( 'NONE',  ( 465.5000000000210321, 0.000000000000000000, 1042.000000000000000 ) ) ;
#1115 = SURFACE_STYLE_USAGE ( .BOTH. , #212 ) ;
#1116 = CARTESIAN_POINT ( 'NONE',  ( 432.0000000000000000, -47.00000000000000711, 1042.000000000000000 ) ) ;
#1117 = ORIENTED_EDGE ( 'NONE', *, *, #1040, .F. ) ;
#1118 = EDGE_LOOP ( 'NONE', ( #1540, #78, #19, #153 ) ) ;
#1119 = EDGE_CURVE ( 'NONE', #1043, #85, #1676, .T. ) ;
#1120 = CARTESIAN_POINT ( 'NONE',  ( 470.0000000000000000, 0.000000000000000000, 604.5000000000000000 ) ) ;
#1121 = DIRECTION ( 'NONE',  ( 0.000000000000000000, 0.000000000000000000, 1.000000000000000000 ) ) ;
#1122 = CARTESIAN_POINT ( 'NONE',  ( 462.9693525633477975, -47.00000000000000000, 1039.000000000000682 ) ) ;
#1123 = FACE_BOUND ( 'NONE', #1350, .T. ) ;
#1124 =( GEOMETRIC_REPRESENTATION_CONTEXT ( 3 ) GLOBAL_UNCERTAINTY_ASSIGNED_CONTEXT ( ( #343 ) ) GLOBAL_UNIT_ASSIGNED_CONTEXT ( ( #790, #141, #923 ) ) REPRESENTATION_CONTEXT ( 'NONE', 'WORKASPACE' ) );
#1125 = ORIENTED_EDGE ( 'NONE', *, *, #235, .T. ) ;
#1126 = CARTESIAN_POINT ( 'NONE',  ( 426.0000000000000000, -20.00000000000000000, 201.2909261969999761 ) ) ;
#1127 = VERTEX_POINT ( 'NONE', #1311 ) ;
#1128 = CARTESIAN_POINT ( 'NONE',  ( 426.0000000000000000, -25.00000000000000000, 201.2909261969999761 ) ) ;
#1129 = DIRECTION ( 'NONE',  ( 1.000000000000000000, 0.000000000000000000, 0.000000000000000000 ) ) ;
#1130 = DIRECTION ( 'NONE',  ( 0.000000000000000000, 1.000000000000000000, 0.000000000000000000 ) ) ;
#1131 = FACE_OUTER_BOUND ( 'NONE', #505, .T. ) ;
#1132 = EDGE_LOOP ( 'NONE', ( #162, #646, #1557, #629 ) ) ;
#1133 = LINE ( 'NONE', #1410, #811 ) ;
#1134 = VERTEX_POINT ( 'NONE', #909 ) ;
#1135 = AXIS2_PLACEMENT_3D ( 'NONE', #319, #947, #1345 ) ;
#1136 = PRESENTATION_STYLE_ASSIGNMENT (( #1152 ) ) ;
#1137 = CARTESIAN_POINT ( 'NONE',  ( 429.0000000000000000, -44.00000000000000000, 167.0000000000000000 ) ) ;
#1138 = EDGE_CURVE ( 'NONE', #570, #87, #659, .T. ) ;
#1139 = CARTESIAN_POINT ( 'NONE',  ( 441.0723503109585408, 0.000000000000000000, 167.0000000000217710 ) ) ;
#1140 = CYLINDRICAL_SURFACE ( 'NONE', #969, 2.999999999999891642 ) ;
#1141 = ADVANCED_FACE ( 'NONE', ( #299 ), #1192, .F. ) ;
#1142 = VERTEX_POINT ( 'NONE', #444 ) ;
#1143 = CARTESIAN_POINT ( 'NONE',  ( 432.0000000000000000, -47.00000000000000000, 1042.000000000000000 ) ) ;
#1144 = EDGE_LOOP ( 'NONE', ( #742, #27, #779, #826 ) ) ;
#1145 = AXIS2_PLACEMENT_3D ( 'NONE', #52, #1347, #1096 ) ;
#1146 = SURFACE_SIDE_STYLE ('',( #1647 ) ) ;
#1147 = CARTESIAN_POINT ( 'NONE',  ( 454.0782695413354304, -50.00000000000000000, 1026.588732387588834 ) ) ;
#1148 = EDGE_CURVE ( 'NONE', #1636, #1244, #1405, .T. ) ;
#1149 = VERTEX_POINT ( 'NONE', #569 ) ;
#1150 = DIRECTION ( 'NONE',  ( 1.000000000000000000, 0.000000000000000000, 0.000000000000000000 ) ) ;
#1151 = ORIENTED_EDGE ( 'NONE', *, *, #1172, .F. ) ;
#1152 = SURFACE_STYLE_USAGE ( .BOTH. , #1526 ) ;
#1153 =( LENGTH_UNIT ( ) NAMED_UNIT ( * ) SI_UNIT ( .MILLI., .METRE. ) );
#1154 = CIRCLE ( 'NONE', #206, 5.000000000000000888 ) ;
#1155 = EDGE_LOOP ( 'NONE', ( #139, #1263, #401, #854 ) ) ;
#1156 =( LENGTH_UNIT ( ) NAMED_UNIT ( * ) SI_UNIT ( .MILLI., .METRE. ) );
#1157 = EDGE_CURVE ( 'NONE', #1271, #727, #1026, .T. ) ;
#1158 = AXIS2_PLACEMENT_3D ( 'NONE', #1239, #229, #608 ) ;
#1159 = EDGE_LOOP ( 'NONE', ( #1151, #240 ) ) ;
#1160 = B_SPLINE_CURVE_WITH_KNOTS ( 'NONE', 3,
 ( #1305, #1194, #1434, #147 ),
 .UNSPECIFIED., .F., .F.,
 ( 4, 4 ),
 ( 0.04396278358132849062, 0.9559706313967133440 ),
 .UNSPECIFIED. ) ;
#1161 = PLANE ( 'NONE',  #1465 ) ;
#1162 = CIRCLE ( 'NONE', #427, 6.000000000000005329 ) ;
#1163 = VECTOR ( 'NONE', #387, 1000.000000000000000 ) ;
#1164 = LINE ( 'NONE', #1421, #1189 ) ;
#1165 = AXIS2_PLACEMENT_3D ( 'NONE', #917, #801, #256 ) ;
#1166 =( NAMED_UNIT ( * ) PLANE_ANGLE_UNIT ( ) SI_UNIT ( $, .RADIAN. ) );
#1167 = PRESENTATION_STYLE_ASSIGNMENT (( #406 ) ) ;
#1168 = ORIENTED_EDGE ( 'NONE', *, *, #201, .F. ) ;
#1169 = CARTESIAN_POINT ( 'NONE',  ( 461.0723503590403425, -47.00000000000000000, 167.0000001139583787 ) ) ;
#1170 = VECTOR ( 'NONE', #694, 1000.000000000000000 ) ;
#1171 = DIRECTION ( 'NONE',  ( -1.000000000000000000, 0.000000000000000000, 0.000000000000000000 ) ) ;
#1172 = EDGE_CURVE ( 'NONE', #1318, #1478, #100, .T. ) ;
#1173 = DIRECTION ( 'NONE',  ( -1.000000000000000000, 0.000000000000000000, 0.000000000000000000 ) ) ;
#1174 = DIRECTION ( 'NONE',  ( 0.000000000000000000, 0.000000000000000000, -1.000000000000000000 ) ) ;
#1175 =( LENGTH_UNIT ( ) NAMED_UNIT ( * ) SI_UNIT ( .MILLI., .METRE. ) );
#1176 = ORIENTED_EDGE ( 'NONE', *, *, #1646, .T. ) ;
#1177 = CARTESIAN_POINT ( 'NONE',  ( 432.0000000000000000, -44.00000000000000000, 1042.000000000000000 ) ) ;
#1178 = ORIENTED_EDGE ( 'NONE', *, *, #337, .T. ) ;
#1179 = EDGE_CURVE ( 'NONE', #179, #1627, #560, .T. ) ;
#1180 = CARTESIAN_POINT ( 'NONE',  ( 461.0723504008724376, 0.000000000000000000, 167.0000002132084944 ) ) ;
#1181 = LINE ( 'NONE', #145, #133 ) ;
#1182 = ORIENTED_EDGE ( 'NONE', *, *, #563, .F. ) ;
#1183 = DIRECTION ( 'NONE',  ( 0.000000000000000000, -1.000000000000000000, 0.000000000000000000 ) ) ;
#1184 = CARTESIAN_POINT ( 'NONE',  ( 460.2348086235904816, -3.000000000000000000, 1040.233802837385156 ) ) ;
#1185 = ORIENTED_EDGE ( 'NONE', *, *, #1267, .F. ) ;
#1186 = FACE_OUTER_BOUND ( 'NONE', #1193, .T. ) ;
#1187 = VECTOR ( 'NONE', #673, 1000.000000000000000 ) ;
#1188 = CIRCLE ( 'NONE', #294, 5.000000000000004441 ) ;
#1189 = VECTOR ( 'NONE', #1309, 1000.000000000000000 ) ;
#1190 = DIRECTION ( 'NONE',  ( 1.000000000000000000, 0.000000000000000000, 0.000000000000000000 ) ) ;
#1191 = EDGE_CURVE ( 'NONE', #1480, #383, #1104, .T. ) ;
#1192 = CYLINDRICAL_SURFACE ( 'NONE', #1457, 5.000000000000004441 ) ;
#1193 = EDGE_LOOP ( 'NONE', ( #412, #1403, #311, #1008 ) ) ;
#1194 = CARTESIAN_POINT ( 'NONE',  ( 447.9217304589643618, 0.000000000000000000, 1026.588732387412847 ) ) ;
#1195 = ORIENTED_EDGE ( 'NONE', *, *, #920, .T. ) ;
#1196 = VECTOR ( 'NONE', #773, 1000.000000000000000 ) ;
#1197 = LINE ( 'NONE', #303, #298 ) ;
#1198 = DIRECTION ( 'NONE',  ( 0.000000000000000000, -1.000000000000000000, 0.000000000000000000 ) ) ;
#1199 = DIRECTION ( 'NONE',  ( 0.000000000000000000, -1.000000000000000000, 0.000000000000000000 ) ) ;
#1200 = EDGE_CURVE ( 'NONE', #1271, #1636, #1340, .T. ) ;
#1201 = VECTOR ( 'NONE', #1483, 1000.000000000000000 ) ;
#1202 = EDGE_LOOP ( 'NONE', ( #170, #1404, #1615, #1320 ) ) ;
#1203 = FILL_AREA_STYLE ('',( #685 ) ) ;
#1204 = ORIENTED_EDGE ( 'NONE', *, *, #2, .T. ) ;
#1205 = FACE_OUTER_BOUND ( 'NONE', #1455, .T. ) ;
#1206 = CARTESIAN_POINT ( 'NONE',  ( 500.0000000000000000, -135.0000000000000000, 1042.000000000000000 ) ) ;
#1207 = CARTESIAN_POINT ( 'NONE',  ( 439.0306474368937870, 0.000000000000000000, 1042.000000000000000 ) ) ;
#1208 = VERTEX_POINT ( 'NONE', #556 ) ;
#1209 = DIRECTION ( 'NONE',  ( 0.000000000000000000, 1.000000000000000000, 0.000000000000000000 ) ) ;
#1210 = EDGE_CURVE ( 'NONE', #403, #1326, #1367, .T. ) ;
#1211 = VERTEX_POINT ( 'NONE', #950 ) ;
#1212 = EDGE_CURVE ( 'NONE', #523, #896, #1048, .T. ) ;
#1213 = CARTESIAN_POINT ( 'NONE',  ( 441.7651913766528082, 0.000000000000000000, 1040.233802837380836 ) ) ;
#1214 = DIRECTION ( 'NONE',  ( 1.000000000000000000, 0.000000000000000000, 0.000000000000000000 ) ) ;
#1215 = AXIS2_PLACEMENT_3D ( 'NONE', #566, #711, #60 ) ;
#1216 = FACE_OUTER_BOUND ( 'NONE', #934, .T. ) ;
#1217 = CARTESIAN_POINT ( 'NONE',  ( 451.0002626869999744, -95.00000000000000000, 176.2909261969999761 ) ) ;
#1218 = EDGE_LOOP ( 'NONE', ( #1522, #1398, #1060, #393 ) ) ;
#1219 = SURFACE_STYLE_FILL_AREA ( #1256 ) ;
#1220 = MECHANICAL_DESIGN_GEOMETRIC_PRESENTATION_REPRESENTATION (  '', ( #269 ), #544 ) ;
#1221 = VERTEX_POINT ( 'NONE', #1476 ) ;
#1222 = ADVANCED_FACE ( 'NONE', ( #1492 ), #31, .F. ) ;
#1223 = CARTESIAN_POINT ( 'NONE',  ( 454.0782695413090551, -49.99999999999998579, 1026.588732387749360 ) ) ;
#1224 = PRODUCT ( 'XH-YJ38-LJ-015-A0-方通-侧', 'XH-YJ38-LJ-015-A0-方通-侧', '', ( #77 ) ) ;
#1225 = DIRECTION ( 'NONE',  ( 0.000000000000000000, 0.000000000000000000, -1.000000000000000000 ) ) ;
#1226 = CYLINDRICAL_SURFACE ( 'NONE', #636, 3.000000000000002665 ) ;
#1227 = DIRECTION ( 'NONE',  ( 0.000000000000000000, 0.000000000000000000, 1.000000000000000000 ) ) ;
#1228 = ORIENTED_EDGE ( 'NONE', *, *, #724, .T. ) ;
#1229 = ORIENTED_EDGE ( 'NONE', *, *, #578, .F. ) ;
#1230 = CARTESIAN_POINT ( 'NONE',  ( 446.0002626869999744, -50.00000000000000000, 176.2909261969999761 ) ) ;
#1231 =( GEOMETRIC_REPRESENTATION_CONTEXT ( 3 ) GLOBAL_UNCERTAINTY_ASSIGNED_CONTEXT ( ( #1247 ) ) GLOBAL_UNIT_ASSIGNED_CONTEXT ( ( #1002, #1260, #97 ) ) REPRESENTATION_CONTEXT ( 'NONE', 'WORKASPACE' ) );
#1232 = CARTESIAN_POINT ( 'NONE',  ( 456.0002626869999744, 0.000000000000000000, 226.2909261970000045 ) ) ;
#1233 = DIRECTION ( 'NONE',  ( 0.000000000000000000, 1.000000000000000000, 0.000000000000000000 ) ) ;
#1234 = VERTEX_POINT ( 'NONE', #580 ) ;
#1235 = CYLINDRICAL_SURFACE ( 'NONE', #1110, 3.000000000000002665 ) ;
#1236 = SURFACE_SIDE_STYLE ('',( #1093 ) ) ;
#1237 = EDGE_LOOP ( 'NONE', ( #1353, #1258, #1662, #156 ) ) ;
#1238 = AXIS2_PLACEMENT_3D ( 'NONE', #1444, #819, #284 ) ;
#1239 = CARTESIAN_POINT ( 'NONE',  ( 462.9693525633477975, -3.000000000000000000, 1039.000000000000682 ) ) ;
#1240 = VECTOR ( 'NONE', #617, 1000.000000000000000 ) ;
#1241 = PLANE ( 'NONE',  #115 ) ;
#1242 = CARTESIAN_POINT ( 'NONE',  ( 446.0002626869999744, -3.000000000000000000, 176.2909261969999761 ) ) ;
#1243 = EDGE_CURVE ( 'NONE', #22, #1436, #594, .T. ) ;
#1244 = VERTEX_POINT ( 'NONE', #329 ) ;
#1245 = CARTESIAN_POINT ( 'NONE',  ( 465.5361751555014962, -3.000000000000000000, 167.0000000000000000 ) ) ;
#1246 =( GEOMETRIC_REPRESENTATION_CONTEXT ( 3 ) GLOBAL_UNCERTAINTY_ASSIGNED_CONTEXT ( ( #1634 ) ) GLOBAL_UNIT_ASSIGNED_CONTEXT ( ( #1175, #1440, #281 ) ) REPRESENTATION_CONTEXT ( 'NONE', 'WORKASPACE' ) );
#1247 = UNCERTAINTY_MEASURE_WITH_UNIT (LENGTH_MEASURE( 1.000000000000000082E-05 ), #1002, 'distance_accuracy_value', 'NONE');
#1248 = VECTOR ( 'NONE', #1539, 1000.000000000000000 ) ;
#1249 = ORIENTED_EDGE ( 'NONE', *, *, #1374, .F. ) ;
#1250 = B_SPLINE_CURVE_WITH_KNOTS ( 'NONE', 3,
 ( #1065, #328, #1357, #546 ),
 .UNSPECIFIED., .F., .F.,
 ( 4, 4 ),
 ( 0.006189029946528820138, 0.9937655307867018228 ),
 .UNSPECIFIED. ) ;
#1251 = CARTESIAN_POINT ( 'NONE',  ( 470.0000000000000000, -50.00000000000000711, 167.0000000000000000 ) ) ;
#1252 = DIRECTION ( 'NONE',  ( 0.000000000000000000, 0.000000000000000000, -1.000000000000000000 ) ) ;
#1253 = DIRECTION ( 'NONE',  ( -1.000000000000000000, 0.000000000000000000, 0.000000000000000000 ) ) ;
#1254 = MECHANICAL_DESIGN_GEOMETRIC_PRESENTATION_REPRESENTATION (  '', ( #82 ), #766 ) ;
#1255 = ORIENTED_EDGE ( 'NONE', *, *, #47, .F. ) ;
#1256 = FILL_AREA_STYLE ('',( #332 ) ) ;
#1257 = EDGE_CURVE ( 'NONE', #1609, #937, #916, .T. ) ;
#1258 = ORIENTED_EDGE ( 'NONE', *, *, #315, .T. ) ;
#1259 = DIRECTION ( 'NONE',  ( -1.000000000000000000, 0.000000000000000000, 0.000000000000000000 ) ) ;
#1260 =( NAMED_UNIT ( * ) PLANE_ANGLE_UNIT ( ) SI_UNIT ( $, .RADIAN. ) );
#1261 =( LENGTH_UNIT ( ) NAMED_UNIT ( * ) SI_UNIT ( .MILLI., .METRE. ) );
#1262 = DIRECTION ( 'NONE',  ( 1.000000000000000000, 0.000000000000000000, 0.000000000000000000 ) ) ;
#1263 = ORIENTED_EDGE ( 'NONE', *, *, #1543, .T. ) ;
#1264 = FILL_AREA_STYLE ('',( #223 ) ) ;
#1265 = UNCERTAINTY_MEASURE_WITH_UNIT (LENGTH_MEASURE( 1.000000000000000082E-05 ), #1679, 'distance_accuracy_value', 'NONE');
#1266 = ORIENTED_EDGE ( 'NONE', *, *, #906, .T. ) ;
#1267 = EDGE_CURVE ( 'NONE', #1462, #316, #966, .T. ) ;
#1268 = DIRECTION ( 'NONE',  ( 0.000000000000000000, 0.000000000000000000, -1.000000000000000000 ) ) ;
#1269 = ADVANCED_FACE ( 'NONE', ( #435 ), #306, .T. ) ;
#1270 = CARTESIAN_POINT ( 'NONE',  ( 460.2348086235907090, -50.00000000000000000, 1040.233802837384928 ) ) ;
#1271 = VERTEX_POINT ( 'NONE', #203 ) ;
#1272 = CARTESIAN_POINT ( 'NONE',  ( 429.0000000000000000, -6.000000000000000000, 1042.000000000000000 ) ) ;
#1273 = ORIENTED_EDGE ( 'NONE', *, *, #616, .F. ) ;
#1274 = AXIS2_PLACEMENT_3D ( 'NONE', #830, #321, #851 ) ;
#1275 = VECTOR ( 'NONE', #899, 1000.000000000000000 ) ;
#1276 = DIRECTION ( 'NONE',  ( -0.000000000000000000, -1.000000000000000000, -0.000000000000000000 ) ) ;
#1277 = CARTESIAN_POINT ( 'NONE',  ( 454.3289876546479604, -47.00000000000000000, 151.0008021506933460 ) ) ;
#1278 = EDGE_CURVE ( 'NONE', #835, #1436, #725, .T. ) ;
#1279 = CARTESIAN_POINT ( 'NONE',  ( 461.0723505823320352, -3.000000000000000000, 166.9999999999983800 ) ) ;
#1280 = EDGE_LOOP ( 'NONE', ( #249, #1100, #664, #1659, #464, #1424, #204, #1496, #1513, #1330 ) ) ;
#1281 = CARTESIAN_POINT ( 'NONE',  ( 476.0000000000000000, -6.000000000000000000, 1042.000000000000000 ) ) ;
#1282 = VERTEX_POINT ( 'NONE', #1116 ) ;
#1283 = DIRECTION ( 'NONE',  ( 0.000000000000000000, 0.000000000000000000, 1.000000000000000000 ) ) ;
#1284 = CARTESIAN_POINT ( 'NONE',  ( 441.0000000000000000, -50.00000000000020606, 1042.000000000000000 ) ) ;
#1285 = EDGE_CURVE ( 'NONE', #198, #179, #471, .T. ) ;
#1286 = ORIENTED_EDGE ( 'NONE', *, *, #1571, .F. ) ;
#1287 =( GEOMETRIC_REPRESENTATION_CONTEXT ( 3 ) GLOBAL_UNCERTAINTY_ASSIGNED_CONTEXT ( ( #1265 ) ) GLOBAL_UNIT_ASSIGNED_CONTEXT ( ( #1679, #1420, #148 ) ) REPRESENTATION_CONTEXT ( 'NONE', 'WORKASPACE' ) );
#1288 = SURFACE_SIDE_STYLE ('',( #770 ) ) ;
#1289 = VERTEX_POINT ( 'NONE', #1270 ) ;
#1290 = CARTESIAN_POINT ( 'NONE',  ( 470.0000000000000000, -47.00000000000000711, 167.0000000000000284 ) ) ;
#1291 = STYLED_ITEM ( 'NONE', ( #248 ), #364 ) ;
#1292 = LINE ( 'NONE', #254, #1275 ) ;
#1293 = FACE_OUTER_BOUND ( 'NONE', #503, .T. ) ;
#1294 = CARTESIAN_POINT ( 'NONE',  ( 441.0723503109999797, -50.00000000000000000, 167.0000000000000000 ) ) ;
#1295 = ADVANCED_FACE ( 'NONE', ( #762 ), #1140, .T. ) ;
#1296 = ORIENTED_EDGE ( 'NONE', *, *, #1049, .T. ) ;
#1297 =( LENGTH_UNIT ( ) NAMED_UNIT ( * ) SI_UNIT ( .MILLI., .METRE. ) );
#1298 = AXIS2_PLACEMENT_3D ( 'NONE', #161, #1553, #683 ) ;
#1299 = VECTOR ( 'NONE', #1014, 1000.000000000000000 ) ;
#1300 = LINE ( 'NONE', #134, #1623 ) ;
#1301 = CIRCLE ( 'NONE', #1165, 5.000000000000004441 ) ;
#1302 = DIRECTION ( 'NONE',  ( 0.000000000000000000, -1.000000000000000000, 0.000000000000000000 ) ) ;
#1303 = VECTOR ( 'NONE', #738, 1000.000000000000000 ) ;
#1304 = VERTEX_POINT ( 'NONE', #99 ) ;
#1305 = CARTESIAN_POINT ( 'NONE',  ( 441.7651913766526377, 0.000000000000000000, 1040.233802837381063 ) ) ;
#1306 = COLOUR_RGB ( '',0.6274509803921568540, 0.6274509803921568540, 0.6431372549019607199 ) ;
#1307 = ORIENTED_EDGE ( 'NONE', *, *, #131, .T. ) ;
#1308 = COLOUR_RGB ( '',0.6274509803921568540, 0.6274509803921568540, 0.6431372549019607199 ) ;
#1309 = DIRECTION ( 'NONE',  ( 0.000000000000000000, -1.000000000000000000, 0.000000000000000000 ) ) ;
#1310 = CARTESIAN_POINT ( 'NONE',  ( 439.0306474368937870, -47.00000000000000000, 1042.000000000000000 ) ) ;
#1311 = CARTESIAN_POINT ( 'NONE',  ( 446.0002626869999744, -3.000000000000000000, 226.2909261970000045 ) ) ;
#1312 = ORIENTED_EDGE ( 'NONE', *, *, #367, .T. ) ;
#1313 = VERTEX_POINT ( 'NONE', #486 ) ;
#1314 = EDGE_CURVE ( 'NONE', #22, #188, #84, .T. ) ;
#1315 = CARTESIAN_POINT ( 'NONE',  ( 441.7651913766527514, -3.000000000000000000, 1040.233802837380381 ) ) ;
#1316 = DIRECTION ( 'NONE',  ( 0.000000000000000000, 0.000000000000000000, -1.000000000000000000 ) ) ;
#1317 = DIRECTION ( 'NONE',  ( 0.000000000000000000, 1.000000000000000000, 0.000000000000000000 ) ) ;
#1318 = VERTEX_POINT ( 'NONE', #859 ) ;
#1319 = DIRECTION ( 'NONE',  ( -1.000000000000000000, 0.000000000000000000, 0.000000000000000000 ) ) ;
#1320 = ORIENTED_EDGE ( 'NONE', *, *, #349, .T. ) ;
#1321 = DIRECTION ( 'NONE',  ( -0.000000000000000000, 1.000000000000000000, -0.000000000000000000 ) ) ;
#1322 = VECTOR ( 'NONE', #502, 1000.000000000000000 ) ;
#1323 = ADVANCED_FACE ( 'NONE', ( #378 ), #610, .F. ) ;
#1324 = PRESENTATION_LAYER_ASSIGNMENT (  '', '', ( #1594 ) ) ;
#1325 = DIRECTION ( 'NONE',  ( 0.000000000000000000, 1.000000000000000000, 0.000000000000000000 ) ) ;
#1326 = VERTEX_POINT ( 'NONE', #1658 ) ;
#1327 = CARTESIAN_POINT ( 'NONE',  ( 432.0000000000000000, -6.000000000000000000, 1042.000000000000000 ) ) ;
#1328 = CIRCLE ( 'NONE', #1545, 5.000000000000000888 ) ;
#1329 = B_SPLINE_SURFACE_WITH_KNOTS ( 'NONE', 3, 1, ( 
 ( #1678, #210 ),
 ( #883, #1400 ),
 ( #1277, #107 ),
 ( #1169, #516 ) ),
 .UNSPECIFIED., .F., .F., .F.,
 ( 4, 4 ),
 ( 2, 2 ),
 ( 0.006189029945885294107, 0.9937655332315173951 ),
 ( 0.000000000000000000, 1.000000000000000000 ),
 .UNSPECIFIED. ) ;
#1330 = ORIENTED_EDGE ( 'NONE', *, *, #1015, .T. ) ;
#1331 = VECTOR ( 'NONE', #904, 1000.000000000000000 ) ;
#1332 = DIRECTION ( 'NONE',  ( 0.000000000000000000, 0.000000000000000000, 1.000000000000000000 ) ) ;
#1333 = DIRECTION ( 'NONE',  ( 1.000000000000000000, 0.000000000000000000, 0.000000000000000000 ) ) ;
#1334 = DIRECTION ( 'NONE',  ( 0.000000000000000000, 1.000000000000000000, 0.000000000000000000 ) ) ;
#1335 = EDGE_CURVE ( 'NONE', #1627, #886, #371, .T. ) ;
#1336 = ORIENTED_EDGE ( 'NONE', *, *, #1639, .F. ) ;
#1337 = DIRECTION ( 'NONE',  ( 0.000000000000000000, 0.000000000000000000, -1.000000000000000000 ) ) ;
#1338 = EDGE_LOOP ( 'NONE', ( #149, #365 ) ) ;
#1339 = DIRECTION ( 'NONE',  ( -1.000000000000000000, 0.000000000000000000, 0.000000000000000000 ) ) ;
#1340 = LINE ( 'NONE', #600, #891 ) ;
#1341 = ORIENTED_EDGE ( 'NONE', *, *, #645, .T. ) ;
#1342 = CARTESIAN_POINT ( 'NONE',  ( 451.0002626869999744, -2.999999999999975131, 176.2909261969999761 ) ) ;
#1343 = ORIENTED_EDGE ( 'NONE', *, *, #496, .T. ) ;
#1344 = FACE_OUTER_BOUND ( 'NONE', #507, .T. ) ;
#1345 = DIRECTION ( 'NONE',  ( -1.000000000000000000, 0.000000000000000000, 0.000000000000000000 ) ) ;
#1346 = AXIS2_PLACEMENT_3D ( 'NONE', #975, #421, #545 ) ;
#1347 = DIRECTION ( 'NONE',  ( 0.000000000000000000, 0.000000000000000000, -1.000000000000000000 ) ) ;
#1348 = CARTESIAN_POINT ( 'NONE',  ( 451.0002626869999744, -50.00000000000000000, 176.2909261969999761 ) ) ;
#1349 = MECHANICAL_DESIGN_GEOMETRIC_PRESENTATION_REPRESENTATION (  '', ( #973 ), #598 ) ;
#1350 = EDGE_LOOP ( 'NONE', ( #473, #120 ) ) ;
#1351 = CYLINDRICAL_SURFACE ( 'NONE', #1003, 6.000000000000005329 ) ;
#1352 = CARTESIAN_POINT ( 'NONE',  ( 0.000000000000000000, 0.000000000000000000, 0.000000000000000000 ) ) ;
#1353 = ORIENTED_EDGE ( 'NONE', *, *, #1422, .F. ) ;
#1354 = ADVANCED_FACE ( 'NONE', ( #1123, #221 ), #231, .F. ) ;
#1355 = DIRECTION ( 'NONE',  ( 0.000000000000000000, 0.000000000000000000, -1.000000000000000000 ) ) ;
#1356 = PLANE ( 'NONE',  #834 ) ;
#1357 = CARTESIAN_POINT ( 'NONE',  ( 454.3289876216447851, -50.00000000000000000, 151.0008021507038336 ) ) ;
#1358 = DIRECTION ( 'NONE',  ( 0.000000000000000000, 1.000000000000000000, 0.000000000000000000 ) ) ;
#1359 = ORIENTED_EDGE ( 'NONE', *, *, #994, .F. ) ;
#1360 = COLOUR_RGB ( '',0.6274509803921568540, 0.6274509803921568540, 0.6431372549019607199 ) ;
#1361 = ORIENTED_EDGE ( 'NONE', *, *, #671, .T. ) ;
#1362 = LINE ( 'NONE', #856, #815 ) ;
#1363 =( GEOMETRIC_REPRESENTATION_CONTEXT ( 3 ) GLOBAL_UNCERTAINTY_ASSIGNED_CONTEXT ( ( #621 ) ) GLOBAL_UNIT_ASSIGNED_CONTEXT ( ( #1297, #534, #1426 ) ) REPRESENTATION_CONTEXT ( 'NONE', 'WORKASPACE' ) );
#1364 = LINE ( 'NONE', #1114, #726 ) ;
#1365 = EDGE_CURVE ( 'NONE', #1149, #1234, #893, .T. ) ;
#1366 = FACE_OUTER_BOUND ( 'NONE', #601, .T. ) ;
#1367 = LINE ( 'NONE', #1207, #531 ) ;
#1368 = VERTEX_POINT ( 'NONE', #1664 ) ;
#1369 = DIRECTION ( 'NONE',  ( -1.000000000000000000, 0.000000000000000000, 0.000000000000000000 ) ) ;
#1370 = ORIENTED_EDGE ( 'NONE', *, *, #654, .F. ) ;
#1371 = MECHANICAL_DESIGN_GEOMETRIC_PRESENTATION_REPRESENTATION (  '', ( #1528 ), #936 ) ;
#1372 = DIRECTION ( 'NONE',  ( 0.000000000000000000, 1.000000000000000000, 0.000000000000000000 ) ) ;
#1373 = FILL_AREA_STYLE_COLOUR ( '', #29 ) ;
#1374 = EDGE_CURVE ( 'NONE', #1221, #87, #1162, .T. ) ;
#1375 = CARTESIAN_POINT ( 'NONE',  ( 500.0000000000000000, -135.0000000000000000, 167.0000000000000000 ) ) ;
#1376 = ORIENTED_EDGE ( 'NONE', *, *, #349, .F. ) ;
#1377 = LINE ( 'NONE', #571, #759 ) ;
#1378 = PRESENTATION_LAYER_ASSIGNMENT (  '', '', ( #347 ) ) ;
#1379 = AXIS2_PLACEMENT_3D ( 'NONE', #755, #1532, #250 ) ;
#1380 = VERTEX_POINT ( 'NONE', #1279 ) ;
#1381 = SURFACE_SIDE_STYLE ('',( #70 ) ) ;
#1382 = AXIS2_PLACEMENT_3D ( 'NONE', #1327, #33, #163 ) ;
#1383 = B_SPLINE_CURVE_WITH_KNOTS ( 'NONE', 3,
 ( #641, #876, #511, #1550 ),
 .UNSPECIFIED., .F., .F.,
 ( 4, 4 ),
 ( 0.000000000000000000, 1.000000000000000000 ),
 .UNSPECIFIED. ) ;
#1384 = CARTESIAN_POINT ( 'NONE',  ( 451.0002626869999744, -95.00000000000000000, 176.2909261969999761 ) ) ;
#1385 = PLANE ( 'NONE',  #379 ) ;
#1386 = VECTOR ( 'NONE', #703, 1000.000000000000000 ) ;
#1387 = ADVANCED_FACE ( 'NONE', ( #1131 ), #1385, .F. ) ;
#1388 = FACE_OUTER_BOUND ( 'NONE', #991, .T. ) ;
#1389 = CARTESIAN_POINT ( 'NONE',  ( 461.0723503110000365, -135.0000000000000000, 167.0000000000000000 ) ) ;
#1390 = EDGE_CURVE ( 'NONE', #613, #886, #92, .T. ) ;
#1391 = VERTEX_POINT ( 'NONE', #494 ) ;
#1392 = CARTESIAN_POINT ( 'NONE',  ( 451.0002626869999744, -50.00000000000000000, 226.2909261970000045 ) ) ;
#1393 = CARTESIAN_POINT ( 'NONE',  ( 462.9693525633477975, -48.49999999999998579, 1039.000000000000682 ) ) ;
#1394 = DIRECTION ( 'NONE',  ( 0.000000000000000000, 1.000000000000000000, 0.000000000000000000 ) ) ;
#1395 = ORIENTED_EDGE ( 'NONE', *, *, #908, .F. ) ;
#1396 = CARTESIAN_POINT ( 'NONE',  ( 439.0306474368937870, 0.000000000000000000, 1039.000000000000227 ) ) ;
#1397 = PRODUCT_DEFINITION_CONTEXT ( 'detailed design', #282, 'design' ) ;
#1398 = ORIENTED_EDGE ( 'NONE', *, *, #287, .T. ) ;
#1399 = EDGE_CURVE ( 'NONE', #1127, #482, #1648, .T. ) ;
#1400 = CARTESIAN_POINT ( 'NONE',  ( 447.6623209719295460, -50.00000000000000000, 151.0008021127176221 ) ) ;
#1401 = CYLINDRICAL_SURFACE ( 'NONE', #123, 5.000000000000004441 ) ;
#1402 = CARTESIAN_POINT ( 'NONE',  ( 465.5000000000214868, -3.000000000000000000, 1042.000000000000000 ) ) ;
#1403 = ORIENTED_EDGE ( 'NONE', *, *, #1365, .F. ) ;
#1404 = ORIENTED_EDGE ( 'NONE', *, *, #433, .T. ) ;
#1405 = CIRCLE ( 'NONE', #833, 5.000000000000004441 ) ;
#1406 = AXIS2_PLACEMENT_3D ( 'NONE', #925, #905, #288 ) ;
#1407 = CARTESIAN_POINT ( 'NONE',  ( 426.0000000000000000, -6.000000000000000000, 1042.000000000000000 ) ) ;
#1408 = EDGE_CURVE ( 'NONE', #937, #1208, #877, .T. ) ;
#1409 = DIRECTION ( 'NONE',  ( 0.000000000000000000, 0.000000000000000000, 1.000000000000000000 ) ) ;
#1410 = CARTESIAN_POINT ( 'NONE',  ( 461.0000000000000000, -47.00000000000000000, 1042.000000000000000 ) ) ;
#1411 = AXIS2_PLACEMENT_3D ( 'NONE', #1392, #493, #1589 ) ;
#1412 = ORIENTED_EDGE ( 'NONE', *, *, #1390, .F. ) ;
#1413 =( NAMED_UNIT ( * ) SI_UNIT ( $, .STERADIAN. ) SOLID_ANGLE_UNIT ( ) );
#1414 = CIRCLE ( 'NONE', #23, 3.000000000000000000 ) ;
#1415 = CARTESIAN_POINT ( 'NONE',  ( 451.0002626869999744, -95.00000000000000000, 176.2909261969999761 ) ) ;
#1416 = EDGE_CURVE ( 'NONE', #1289, #1234, #230, .T. ) ;
#1417 = LINE ( 'NONE', #398, #215 ) ;
#1418 = DIRECTION ( 'NONE',  ( 0.000000000000000000, 0.000000000000000000, -1.000000000000000000 ) ) ;
#1419 = ORIENTED_EDGE ( 'NONE', *, *, #1191, .T. ) ;
#1420 =( NAMED_UNIT ( * ) PLANE_ANGLE_UNIT ( ) SI_UNIT ( $, .RADIAN. ) );
#1421 = CARTESIAN_POINT ( 'NONE',  ( 476.0000000000000000, -6.000000000000010658, 1042.000000000000000 ) ) ;
#1422 = EDGE_CURVE ( 'NONE', #105, #543, #1530, .T. ) ;
#1423 = CARTESIAN_POINT ( 'NONE',  ( 429.0000000000000000, -6.000000000000010658, 1042.000000000000000 ) ) ;
#1424 = ORIENTED_EDGE ( 'NONE', *, *, #1614, .T. ) ;
#1425 = SURFACE_SIDE_STYLE ('',( #797 ) ) ;
#1426 =( NAMED_UNIT ( * ) SI_UNIT ( $, .STERADIAN. ) SOLID_ANGLE_UNIT ( ) );
#1427 = ORIENTED_EDGE ( 'NONE', *, *, #959, .F. ) ;
#1428 = DIRECTION ( 'NONE',  ( 1.000000000000000000, 0.000000000000000000, 0.000000000000000000 ) ) ;
#1429 = AXIS2_PLACEMENT_3D ( 'NONE', #1041, #514, #1174 ) ;
#1430 = FACE_OUTER_BOUND ( 'NONE', #1531, .T. ) ;
#1431 =( LENGTH_UNIT ( ) NAMED_UNIT ( * ) SI_UNIT ( .MILLI., .METRE. ) );
#1432 = EDGE_CURVE ( 'NONE', #818, #1090, #1362, .T. ) ;
#1433 = ORIENTED_EDGE ( 'NONE', *, *, #1657, .F. ) ;
#1434 = CARTESIAN_POINT ( 'NONE',  ( 454.0782695413352599, 0.000000000000000000, 1026.588732387588834 ) ) ;
#1435 = EDGE_CURVE ( 'NONE', #85, #1282, #1574, .T. ) ;
#1436 = VERTEX_POINT ( 'NONE', #1101 ) ;
#1437 = LINE ( 'NONE', #1284, #775 ) ;
#1438 = AXIS2_PLACEMENT_3D ( 'NONE', #1206, #850, #312 ) ;
#1439 = CARTESIAN_POINT ( 'NONE',  ( 0.000000000000000000, -50.00000000000000000, 0.000000000000000000 ) ) ;
#1440 =( NAMED_UNIT ( * ) PLANE_ANGLE_UNIT ( ) SI_UNIT ( $, .RADIAN. ) );
#1441 = CIRCLE ( 'NONE', #369, 3.000000000000002665 ) ;
#1442 = MECHANICAL_DESIGN_GEOMETRIC_PRESENTATION_REPRESENTATION (  '', ( #903 ), #715 ) ;
#1443 = ORIENTED_EDGE ( 'NONE', *, *, #296, .F. ) ;
#1444 = CARTESIAN_POINT ( 'NONE',  ( 441.0000000000000000, -3.000000000000000000, 410.0000000000000000 ) ) ;
#1445 = FACE_BOUND ( 'NONE', #1588, .T. ) ;
#1446 = VERTEX_POINT ( 'NONE', #954 ) ;
#1447 = ADVANCED_FACE ( 'NONE', ( #1344 ), #340, .F. ) ;
#1448 = CARTESIAN_POINT ( 'NONE',  ( 451.0002626869999744, -3.000000000000002665, 176.2909261969999761 ) ) ;
#1449 =( GEOMETRIC_REPRESENTATION_CONTEXT ( 3 ) GLOBAL_UNCERTAINTY_ASSIGNED_CONTEXT ( ( #739 ) ) GLOBAL_UNIT_ASSIGNED_CONTEXT ( ( #348, #220, #338 ) ) REPRESENTATION_CONTEXT ( 'NONE', 'WORKASPACE' ) );
#1450 = CARTESIAN_POINT ( 'NONE',  ( 441.0723503109999797, -3.000000000000000000, 167.0000000000000000 ) ) ;
#1451 = CIRCLE ( 'NONE', #722, 5.999999999999998224 ) ;
#1452 = EDGE_LOOP ( 'NONE', ( #700, #1590, #54, #114 ) ) ;
#1453 = DIRECTION ( 'NONE',  ( 0.000000000000000000, -1.000000000000000000, 0.000000000000000000 ) ) ;
#1454 = AXIS2_PLACEMENT_3D ( 'NONE', #470, #1629, #1121 ) ;
#1455 = EDGE_LOOP ( 'NONE', ( #1076, #5, #924, #497 ) ) ;
#1456 = SURFACE_STYLE_USAGE ( .BOTH. , #1585 ) ;
#1457 = AXIS2_PLACEMENT_3D ( 'NONE', #1217, #175, #1089 ) ;
#1458 = CIRCLE ( 'NONE', #971, 2.999999999999891642 ) ;
#1459 = CARTESIAN_POINT ( 'NONE',  ( 473.0000000000000000, -6.000000000000000000, 1042.000000000000000 ) ) ;
#1460 = CARTESIAN_POINT ( 'NONE',  ( 429.0000000000000000, -15.00000000000000000, 410.0000000000000000 ) ) ;
#1461 = CLOSED_SHELL ( 'NONE', ( #364, #1680, #255, #1222, #1354, #1097, #1269, #539, #929, #10, #553, #160, #736, #1323, #96, #870, #189, #257, #274, #614, #246, #890, #1387, #1667, #898, #420, #350, #740, #119, #1559, #1447, #712, #1082, #512, #1477, #1141, #604, #391, #663, #1295 ) ) ;
#1462 = VERTEX_POINT ( 'NONE', #710 ) ;
#1463 = CARTESIAN_POINT ( 'NONE',  ( 441.7651913768697796, 0.000000000000000000, 1040.233802836899486 ) ) ;
#1464 = VERTEX_POINT ( 'NONE', #458 ) ;
#1465 = AXIS2_PLACEMENT_3D ( 'NONE', #1518, #106, #1268 ) ;
#1466 = CARTESIAN_POINT ( 'NONE',  ( 470.0000000000000000, 0.000000000000000000, 167.0000000000000284 ) ) ;
#1467 = CARTESIAN_POINT ( 'NONE',  ( 470.0000000000000000, -50.00000000000000000, 1042.000000000000000 ) ) ;
#1468 = EDGE_CURVE ( 'NONE', #707, #960, #657, .T. ) ;
#1469 = CARTESIAN_POINT ( 'NONE',  ( 432.0000000000000000, -6.000000000000000000, 167.0000000000000000 ) ) ;
#1470 = ORIENTED_EDGE ( 'NONE', *, *, #1285, .T. ) ;
#1471 = SURFACE_SIDE_STYLE ('',( #1219 ) ) ;
#1472 = ORIENTED_EDGE ( 'NONE', *, *, #908, .T. ) ;
#1473 = CARTESIAN_POINT ( 'NONE',  ( 447.9217304590600861, -46.99999999999997868, 1026.588732387522441 ) ) ;
#1474 = CYLINDRICAL_SURFACE ( 'NONE', #1135, 6.000000000000005329 ) ;
#1475 = FACE_OUTER_BOUND ( 'NONE', #1218, .T. ) ;
#1476 = CARTESIAN_POINT ( 'NONE',  ( 426.0000000000000000, -44.00000000000000000, 167.0000000000000000 ) ) ;
#1477 = ADVANCED_FACE ( 'NONE', ( #595 ), #847, .F. ) ;
#1478 = VERTEX_POINT ( 'NONE', #48 ) ;
#1479 = SHAPE_DEFINITION_REPRESENTATION ( #605, #1 ) ;
#1480 = VERTEX_POINT ( 'NONE', #1251 ) ;
#1481 = CARTESIAN_POINT ( 'NONE',  ( 432.0000000000000000, -6.000000000000000000, 167.0000000000000000 ) ) ;
#1482 = CARTESIAN_POINT ( 'NONE',  ( 462.9693525633477975, 0.000000000000000000, 1039.000000000000682 ) ) ;
#1483 = DIRECTION ( 'NONE',  ( 1.000000000000000000, 0.000000000000000000, 0.000000000000000000 ) ) ;
#1484 = CARTESIAN_POINT ( 'NONE',  ( 441.0723503109999797, -135.0000000000000000, 167.0000000000000000 ) ) ;
#1485 = ORIENTED_EDGE ( 'NONE', *, *, #1024, .T. ) ;
#1486 = PLANE ( 'NONE',  #357 ) ;
#1487 = EDGE_LOOP ( 'NONE', ( #518, #448, #1176, #953 ) ) ;
#1488 = CARTESIAN_POINT ( 'NONE',  ( 460.2348086234424613, -46.99999999999997868, 1040.233802837056373 ) ) ;
#1489 = DIRECTION ( 'NONE',  ( 0.000000000000000000, 0.000000000000000000, -1.000000000000000000 ) ) ;
#1490 = AXIS2_PLACEMENT_3D ( 'NONE', #89, #615, #1009 ) ;
#1491 = FACE_OUTER_BOUND ( 'NONE', #214, .T. ) ;
#1492 = FACE_OUTER_BOUND ( 'NONE', #8, .T. ) ;
#1493 = EDGE_LOOP ( 'NONE', ( #921, #1229 ) ) ;
#1494 = DIRECTION ( 'NONE',  ( 0.000000000000000000, 0.000000000000000000, -1.000000000000000000 ) ) ;
#1495 = UNCERTAINTY_MEASURE_WITH_UNIT (LENGTH_MEASURE( 1.000000000000000082E-05 ), #862, 'distance_accuracy_value', 'NONE');
#1496 = ORIENTED_EDGE ( 'NONE', *, *, #590, .T. ) ;
#1497 = EDGE_CURVE ( 'NONE', #353, #1464, #80, .T. ) ;
#1498 = FILL_AREA_STYLE ('',( #469 ) ) ;
#1499 = EDGE_CURVE ( 'NONE', #344, #1627, #837, .T. ) ;
#1500 = CARTESIAN_POINT ( 'NONE',  ( 432.0000000000000000, -47.00000000000000000, 167.0000000000000000 ) ) ;
#1501 = CARTESIAN_POINT ( 'NONE',  ( 447.6623209855561072, -3.000000000000000888, 151.0008020796342407 ) ) ;
#1502 = DIRECTION ( 'NONE',  ( 0.000000000000000000, 1.000000000000000000, 0.000000000000000000 ) ) ;
#1503 = ORIENTED_EDGE ( 'NONE', *, *, #616, .T. ) ;
#1504 = DIRECTION ( 'NONE',  ( 0.000000000000000000, 0.000000000000000000, 1.000000000000000000 ) ) ;
#1505 = AXIS2_PLACEMENT_3D ( 'NONE', #1448, #270, #1057 ) ;
#1506 = ORIENTED_EDGE ( 'NONE', *, *, #235, .F. ) ;
#1507 = FACE_OUTER_BOUND ( 'NONE', #1067, .T. ) ;
#1508 = EDGE_CURVE ( 'NONE', #1134, #1149, #948, .T. ) ;
#1509 = DIRECTION ( 'NONE',  ( 0.000000000000000000, 0.000000000000000000, 1.000000000000000000 ) ) ;
#1510 = CARTESIAN_POINT ( 'NONE',  ( 432.0000000000000000, -44.00000000000000000, 167.0000000000000000 ) ) ;
#1511 = EDGE_CURVE ( 'NONE', #1244, #727, #190, .T. ) ;
#1512 = CIRCLE ( 'NONE', #915, 2.999999999999891642 ) ;
#1513 = ORIENTED_EDGE ( 'NONE', *, *, #201, .T. ) ;
#1514 = CARTESIAN_POINT ( 'NONE',  ( 462.9693525633477975, -50.00000000000000000, 1042.000000000000000 ) ) ;
#1515 = AXIS2_PLACEMENT_3D ( 'NONE', #987, #63, #589 ) ;
#1516 = UNCERTAINTY_MEASURE_WITH_UNIT (LENGTH_MEASURE( 1.000000000000000082E-05 ), #273, 'distance_accuracy_value', 'NONE');
#1517 = ORIENTED_EDGE ( 'NONE', *, *, #308, .T. ) ;
#1518 = CARTESIAN_POINT ( 'NONE',  ( 0.000000000000000000, -47.00000000000000000, 0.000000000000000000 ) ) ;
#1519 = LINE ( 'NONE', #1500, #1671 ) ;
#1520 = CARTESIAN_POINT ( 'NONE',  ( 441.7651913766528082, -46.99999999999999289, 1040.233802837380608 ) ) ;
#1521 = EDGE_CURVE ( 'NONE', #1035, #1572, #586, .T. ) ;
#1522 = ORIENTED_EDGE ( 'NONE', *, *, #143, .T. ) ;
#1523 =( NAMED_UNIT ( * ) PLANE_ANGLE_UNIT ( ) SI_UNIT ( $, .RADIAN. ) );
#1524 = VECTOR ( 'NONE', #1641, 1000.000000000000000 ) ;
#1525 = ORIENTED_EDGE ( 'NONE', *, *, #1435, .F. ) ;
#1526 = SURFACE_SIDE_STYLE ('',( #750 ) ) ;
#1527 = FILL_AREA_STYLE_COLOUR ( '', #56 ) ;
#1528 = STYLED_ITEM ( 'NONE', ( #1061 ), #736 ) ;
#1529 = DIRECTION ( 'NONE',  ( 0.000000000000000000, -1.000000000000000000, 0.000000000000000000 ) ) ;
#1530 = LINE ( 'NONE', #1120, #1170 ) ;
#1531 = EDGE_LOOP ( 'NONE', ( #619, #395, #690, #1506 ) ) ;
#1532 = DIRECTION ( 'NONE',  ( 0.000000000000000000, -1.000000000000000000, 0.000000000000000000 ) ) ;
#1533 = PRODUCT_RELATED_PRODUCT_CATEGORY ( 'part', '', ( #1224 ) ) ;
#1534 = ORIENTED_EDGE ( 'NONE', *, *, #315, .F. ) ;
#1535 = CARTESIAN_POINT ( 'NONE',  ( 461.0723503110000365, -135.0000000000000000, 167.0000000000000000 ) ) ;
#1536 = DIRECTION ( 'NONE',  ( 0.000000000000000000, 1.000000000000000000, 0.000000000000000000 ) ) ;
#1537 = DIRECTION ( 'NONE',  ( 1.000000000000000000, 0.000000000000000000, 0.000000000000000000 ) ) ;
#1538 = ORIENTED_EDGE ( 'NONE', *, *, #496, .F. ) ;
#1539 = DIRECTION ( 'NONE',  ( -1.000000000000000000, 0.000000000000000000, 0.000000000000000000 ) ) ;
#1540 = ORIENTED_EDGE ( 'NONE', *, *, #1591, .F. ) ;
#1541 = AXIS2_PLACEMENT_3D ( 'NONE', #1469, #53, #40 ) ;
#1542 = FILL_AREA_STYLE_COLOUR ( '', #384 ) ;
#1543 = EDGE_CURVE ( 'NONE', #1368, #1127, #572, .T. ) ;
#1544 = CYLINDRICAL_SURFACE ( 'NONE', #461, 5.000000000000004441 ) ;
#1545 = AXIS2_PLACEMENT_3D ( 'NONE', #914, #1428, #144 ) ;
#1546 = FILL_AREA_STYLE_COLOUR ( '', #41 ) ;
#1547 = CARTESIAN_POINT ( 'NONE',  ( 441.0723503109858257, -47.00000000000000000, 166.9999999999945999 ) ) ;
#1548 = VECTOR ( 'NONE', #564, 1000.000000000000000 ) ;
#1549 = ORIENTED_EDGE ( 'NONE', *, *, #906, .F. ) ;
#1550 = CARTESIAN_POINT ( 'NONE',  ( 441.0723500405770778, 0.000000000000000000, 166.9999999999942872 ) ) ;
#1551 = CARTESIAN_POINT ( 'NONE',  ( 460.2348086235904816, -3.000000000000000000, 1040.233802837385156 ) ) ;
#1552 = DIRECTION ( 'NONE',  ( 0.000000000000000000, 0.000000000000000000, -1.000000000000000000 ) ) ;
#1553 = DIRECTION ( 'NONE',  ( 0.000000000000000000, 1.000000000000000000, 0.000000000000000000 ) ) ;
#1554 = ORIENTED_EDGE ( 'NONE', *, *, #1314, .F. ) ;
#1555 = CARTESIAN_POINT ( 'NONE',  ( 441.0723503109954891, -3.000000000000001332, 167.0000000000000000 ) ) ;
#1556 = FILL_AREA_STYLE_COLOUR ( '', #978 ) ;
#1557 = ORIENTED_EDGE ( 'NONE', *, *, #1257, .F. ) ;
#1558 = LINE ( 'NONE', #800, #761 ) ;
#1559 = ADVANCED_FACE ( 'NONE', ( #228, #1001, #1025 ), #1161, .F. ) ;
#1560 = SURFACE_STYLE_FILL_AREA ( #386 ) ;
#1561 = EDGE_CURVE ( 'NONE', #1318, #492, #253, .T. ) ;
#1562 = CYLINDRICAL_SURFACE ( 'NONE', #1298, 5.000000000000004441 ) ;
#1563 = VERTEX_POINT ( 'NONE', #647 ) ;
#1564 = CARTESIAN_POINT ( 'NONE',  ( 461.0723505823320352, -3.000000000000000000, 166.9999999999983800 ) ) ;
#1565 = SURFACE_SIDE_STYLE ('',( #517 ) ) ;
#1566 = AXIS2_PLACEMENT_3D ( 'NONE', #1393, #236, #477 ) ;
#1567 = ORIENTED_EDGE ( 'NONE', *, *, #35, .F. ) ;
#1568 = COLOUR_RGB ( '',0.6274509803921568540, 0.6274509803921568540, 0.6431372549019607199 ) ;
#1569 = CARTESIAN_POINT ( 'NONE',  ( 461.0723504008724376, -3.000000000000000888, 167.0000002132084944 ) ) ;
#1570 = SURFACE_SIDE_STYLE ('',( #1560 ) ) ;
#1571 = EDGE_CURVE ( 'NONE', #1598, #960, #95, .T. ) ;
#1572 = VERTEX_POINT ( 'NONE', #1663 ) ;
#1573 = LINE ( 'NONE', #524, #135 ) ;
#1574 = CIRCLE ( 'NONE', #1087, 3.000000000000002665 ) ;
#1575 = DIRECTION ( 'NONE',  ( 1.000000000000000000, 0.000000000000000000, 0.000000000000000000 ) ) ;
#1576 = EDGE_LOOP ( 'NONE', ( #844, #768, #356, #1525, #234, #1336, #831, #302, #1168, #861, #42, #439 ) ) ;
#1577 = AXIS2_PLACEMENT_3D ( 'NONE', #98, #361, #1536 ) ;
#1578 = SURFACE_STYLE_FILL_AREA ( #536 ) ;
#1579 = AXIS2_PLACEMENT_3D ( 'NONE', #932, #1325, #159 ) ;
#1580 = DIRECTION ( 'NONE',  ( -1.850371707708594129E-14, 1.000000000000000000, 0.000000000000000000 ) ) ;
#1581 = EDGE_LOOP ( 'NONE', ( #679, #748, #425, #196 ) ) ;
#1582 = SURFACE_STYLE_FILL_AREA ( #525 ) ;
#1583 = ORIENTED_EDGE ( 'NONE', *, *, #1374, .T. ) ;
#1584 = B_SPLINE_SURFACE_WITH_KNOTS ( 'NONE', 3, 1, ( 
 ( #1139, #634 ),
 ( #986, #1501 ),
 ( #390, #3 ),
 ( #1180, #1569 ) ),
 .UNSPECIFIED., .F., .F., .F.,
 ( 4, 4 ),
 ( 2, 2 ),
 ( 0.006189029945859833570, 0.9937655352736423087 ),
 ( 0.000000000000000000, 1.000000000000000000 ),
 .UNSPECIFIED. ) ;
#1585 = SURFACE_SIDE_STYLE ('',( #554 ) ) ;
#1586 = CARTESIAN_POINT ( 'NONE',  ( 476.0000000000000000, -15.00000000000000000, 260.0000000000000000 ) ) ;
#1587 =( NAMED_UNIT ( * ) SI_UNIT ( $, .STERADIAN. ) SOLID_ANGLE_UNIT ( ) );
#1588 = EDGE_LOOP ( 'NONE', ( #58, #268 ) ) ;
#1589 = DIRECTION ( 'NONE',  ( 0.000000000000000000, 0.000000000000000000, 1.000000000000000000 ) ) ;
#1590 = ORIENTED_EDGE ( 'NONE', *, *, #1172, .T. ) ;
#1591 = EDGE_CURVE ( 'NONE', #1380, #1012, #500, .T. ) ;
#1592 = CARTESIAN_POINT ( 'NONE',  ( 456.0002626869999744, -50.00000000000000000, 226.2909261970000045 ) ) ;
#1593 = VECTOR ( 'NONE', #869, 1000.000000000000000 ) ;
#1594 = STYLED_ITEM ( 'NONE', ( #644 ), #1081 ) ;
#1595 = CARTESIAN_POINT ( 'NONE',  ( 429.0000000000000000, -30.00000000000000000, 201.2909261969999761 ) ) ;
#1596 = CARTESIAN_POINT ( 'NONE',  ( 447.6623209562914667, -47.00000000000000000, 151.0008021507047147 ) ) ;
#1597 = CIRCLE ( 'NONE', #354, 5.000000000000000888 ) ;
#1598 = VERTEX_POINT ( 'NONE', #1407 ) ;
#1599 =( NAMED_UNIT ( * ) SI_UNIT ( $, .STERADIAN. ) SOLID_ANGLE_UNIT ( ) );
#1600 = AXIS2_PLACEMENT_3D ( 'NONE', #1342, #65, #1504 ) ;
#1601 = VERTEX_POINT ( 'NONE', #1290 ) ;
#1602 = VECTOR ( 'NONE', #59, 1000.000000000000000 ) ;
#1603 = SURFACE_STYLE_FILL_AREA ( #1498 ) ;
#1604 = EDGE_CURVE ( 'NONE', #1304, #543, #681, .T. ) ;
#1605 = LINE ( 'NONE', #884, #275 ) ;
#1606 = ORIENTED_EDGE ( 'NONE', *, *, #468, .F. ) ;
#1607 = CARTESIAN_POINT ( 'NONE',  ( 432.0000000000000000, -3.000000000000000444, 167.0000000000000284 ) ) ;
#1608 = FILL_AREA_STYLE ('',( #718 ) ) ;
#1609 = VERTEX_POINT ( 'NONE', #116 ) ;
#1610 = CARTESIAN_POINT ( 'NONE',  ( 439.0306474368937870, -47.00000000000000000, 1039.000000000000227 ) ) ;
#1611 = CARTESIAN_POINT ( 'NONE',  ( 451.0002626869999744, -136.0000000000000000, 226.2909261970000045 ) ) ;
#1612 = DIRECTION ( 'NONE',  ( 1.000000000000000000, 0.000000000000000000, 0.000000000000000000 ) ) ;
#1613 = DIRECTION ( 'NONE',  ( 0.000000000000000000, 0.000000000000000000, 1.000000000000000000 ) ) ;
#1614 = EDGE_CURVE ( 'NONE', #1012, #316, #1383, .T. ) ;
#1615 = ORIENTED_EDGE ( 'NONE', *, *, #1191, .F. ) ;
#1616 = CARTESIAN_POINT ( 'NONE',  ( 441.0000000000000000, -2.999999999999730438, 1042.000000000000000 ) ) ;
#1617 = ORIENTED_EDGE ( 'NONE', *, *, #577, .F. ) ;
#1618 = DIRECTION ( 'NONE',  ( -1.000000000000000000, 0.000000000000000000, 0.000000000000000000 ) ) ;
#1619 = DIRECTION ( 'NONE',  ( -0.000000000000000000, -1.000000000000000000, -0.000000000000000000 ) ) ;
#1620 = VECTOR ( 'NONE', #238, 1000.000000000000000 ) ;
#1621 = LINE ( 'NONE', #723, #1661 ) ;
#1622 = DIRECTION ( 'NONE',  ( 0.000000000000000000, 1.000000000000000000, 0.000000000000000000 ) ) ;
#1623 = VECTOR ( 'NONE', #520, 1000.000000000000000 ) ;
#1624 = ORIENTED_EDGE ( 'NONE', *, *, #1050, .T. ) ;
#1625 = CARTESIAN_POINT ( 'NONE',  ( 470.0000000000000000, -44.00000000000000000, 260.0000000000000000 ) ) ;
#1626 = EDGE_CURVE ( 'NONE', #1069, #716, #360, .T. ) ;
#1627 = VERTEX_POINT ( 'NONE', #1654 ) ;
#1628 = CARTESIAN_POINT ( 'NONE',  ( 432.0000000000000000, -44.00000000000000000, 1042.000000000000000 ) ) ;
#1629 = DIRECTION ( 'NONE',  ( 0.000000000000000000, 1.000000000000000000, 0.000000000000000000 ) ) ;
#1630 = STYLED_ITEM ( 'NONE', ( #418 ), #1667 ) ;
#1631 = DIRECTION ( 'NONE',  ( 0.000000000000000000, -1.000000000000000000, 0.000000000000000000 ) ) ;
#1632 = CARTESIAN_POINT ( 'NONE',  ( 451.0002626869999744, 0.000000000000000000, 176.2909261969999761 ) ) ;
#1633 = ORIENTED_EDGE ( 'NONE', *, *, #1399, .F. ) ;
#1634 = UNCERTAINTY_MEASURE_WITH_UNIT (LENGTH_MEASURE( 1.000000000000000082E-05 ), #1175, 'distance_accuracy_value', 'NONE');
#1635 =( LENGTH_UNIT ( ) NAMED_UNIT ( * ) SI_UNIT ( .MILLI., .METRE. ) );
#1636 = VERTEX_POINT ( 'NONE', #389 ) ;
#1637 = CARTESIAN_POINT ( 'NONE',  ( 441.7651913768700638, -49.99999999999998579, 1040.233802836899031 ) ) ;
#1638 = COLOUR_RGB ( '',0.6509803921568627638, 0.6196078431372549211, 0.5882352941176470784 ) ;
#1639 = EDGE_CURVE ( 'NONE', #1446, #1043, #841, .T. ) ;
#1640 = CARTESIAN_POINT ( 'NONE',  ( 470.0000000000000000, -6.000000000000000000, 260.0000000000000000 ) ) ;
#1641 = DIRECTION ( 'NONE',  ( 1.000000000000000000, 0.000000000000000000, 0.000000000000000000 ) ) ;
#1642 = CARTESIAN_POINT ( 'NONE',  ( 426.0000000000000000, -15.00000000000000000, 260.0000000000000000 ) ) ;
#1643 = ORIENTED_EDGE ( 'NONE', *, *, #1416, .T. ) ;
#1644 = DIRECTION ( 'NONE',  ( 0.000000000000000000, -1.000000000000000000, 0.000000000000000000 ) ) ;
#1645 = ORIENTED_EDGE ( 'NONE', *, *, #296, .T. ) ;
#1646 = EDGE_CURVE ( 'NONE', #1142, #1478, #483, .T. ) ;
#1647 = SURFACE_STYLE_FILL_AREA ( #109 ) ;
#1648 = LINE ( 'NONE', #1006, #792 ) ;
#1649 = MECHANICAL_DESIGN_GEOMETRIC_PRESENTATION_REPRESENTATION (  '', ( #559 ), #263 ) ;
#1650 = LINE ( 'NONE', #1450, #786 ) ;
#1651 = DIRECTION ( 'NONE',  ( 0.000000000000000000, 1.000000000000000000, 0.000000000000000000 ) ) ;
#1652 = UNCERTAINTY_MEASURE_WITH_UNIT (LENGTH_MEASURE( 1.000000000000000082E-05 ), #1635, 'distance_accuracy_value', 'NONE');
#1653 = ORIENTED_EDGE ( 'NONE', *, *, #920, .F. ) ;
#1654 = CARTESIAN_POINT ( 'NONE',  ( 470.0000000000006253, -3.000000000000000444, 1042.000000000000000 ) ) ;
#1655 = DIRECTION ( 'NONE',  ( 0.000000000000000000, 0.000000000000000000, 1.000000000000000000 ) ) ;
#1656 = LINE ( 'NONE', #91, #1524 ) ;
#1657 = EDGE_CURVE ( 'NONE', #1142, #492, #21, .T. ) ;
#1658 = CARTESIAN_POINT ( 'NONE',  ( 439.0306474368937870, 0.000000000000000000, 1042.000000000000000 ) ) ;
#1659 = ORIENTED_EDGE ( 'NONE', *, *, #1422, .T. ) ;
#1660 = DIRECTION ( 'NONE',  ( -0.000000000000000000, 1.000000000000000000, -0.000000000000000000 ) ) ;
#1661 = VECTOR ( 'NONE', #1333, 1000.000000000000000 ) ;
#1662 = ORIENTED_EDGE ( 'NONE', *, *, #487, .F. ) ;
#1663 = CARTESIAN_POINT ( 'NONE',  ( 473.0000000000000000, -6.000000000000000000, 167.0000000000000000 ) ) ;
#1664 = CARTESIAN_POINT ( 'NONE',  ( 456.0002626869999744, -3.000000000000000000, 226.2909261970000045 ) ) ;
#1665 = VERTEX_POINT ( 'NONE', #1184 ) ;
#1666 = CARTESIAN_POINT ( 'NONE',  ( 460.2348086235905384, -50.00000000000002132, 1040.233802837384701 ) ) ;
#1667 = ADVANCED_FACE ( 'NONE', ( #165 ), #7, .F. ) ;
#1668 = EDGE_LOOP ( 'NONE', ( #675, #622, #226, #1583 ) ) ;
#1669 = DIRECTION ( 'NONE',  ( 0.000000000000000000, 0.000000000000000000, 1.000000000000000000 ) ) ;
#1670 = PRESENTATION_LAYER_ASSIGNMENT (  '', '', ( #1528 ) ) ;
#1671 = VECTOR ( 'NONE', #218, 1000.000000000000000 ) ;
#1672 = CARTESIAN_POINT ( 'NONE',  ( 432.0000000000000000, -44.00000000000000000, 0.000000000000000000 ) ) ;
#1673 = ORIENTED_EDGE ( 'NONE', *, *, #264, .T. ) ;
#1674 = PRESENTATION_LAYER_ASSIGNMENT (  '', '', ( #429 ) ) ;
#1675 = DIRECTION ( 'NONE',  ( 1.000000000000000000, 0.000000000000000000, 0.000000000000000000 ) ) ;
#1676 = LINE ( 'NONE', #1423, #71 ) ;
#1677 = ORIENTED_EDGE ( 'NONE', *, *, #1626, .T. ) ;
#1678 = CARTESIAN_POINT ( 'NONE',  ( 441.0723503109588819, -47.00000000000000000, 167.0000000000204636 ) ) ;
#1679 =( LENGTH_UNIT ( ) NAMED_UNIT ( * ) SI_UNIT ( .MILLI., .METRE. ) );
#1680 = ADVANCED_FACE ( 'NONE', ( #550, #542, #1445 ), #669, .F. ) ;
ENDSEC;
END-ISO-10303-21;
