ISO-10303-21;
HEADER;
FILE_DESCRIPTION (( 'STEP AP214' ),
    '1' );
FILE_NAME ('XH-YJ38-LJ-026-A0-—”≥§º‹-”“.STEP',
    '2026-06-05T00:47:30',
    ( 'Microsoft' ),
    ( 'Microsoft' ),
    'SwSTEP 2.0',
    'SolidWorks 2020',
    '' );
FILE_SCHEMA (( 'AUTOMOTIVE_DESIGN' ));
ENDSEC;

DATA;
#1 = EDGE_LOOP ( 'NONE', ( #1155, #1493, #649, #631, #160, #1058 ) ) ;
#2 = VERTEX_POINT ( 'NONE', #1403 ) ;
#3 = DIRECTION ( 'NONE',  ( 1.000000000000000000, 0.000000000000000000, 0.000000000000000000 ) ) ;
#4 = DIRECTION ( 'NONE',  ( 1.000000000000000000, 0.000000000000000000, 0.000000000000000000 ) ) ;
#5 = CARTESIAN_POINT ( 'NONE',  ( 474.0002626870000313, -1358.585786438000014, 1242.585786438000014 ) ) ;
#6 = CARTESIAN_POINT ( 'NONE',  ( 473.0002626870000313, -1359.500000000000000, 1159.000000000000000 ) ) ;
#7 = ORIENTED_EDGE ( 'NONE', *, *, #1505, .T. ) ;
#8 = ADVANCED_FACE ( 'NONE', ( #865 ), #436, .T. ) ;
#9 = AXIS2_PLACEMENT_3D ( 'NONE', #164, #213, #726 ) ;
#10 = ORIENTED_EDGE ( 'NONE', *, *, #1197, .T. ) ;
#11 = SURFACE_STYLE_FILL_AREA ( #793 ) ;
#12 = DIRECTION ( 'NONE',  ( -1.000000000000000000, -0.000000000000000000, 0.000000000000000000 ) ) ;
#13 = SURFACE_SIDE_STYLE ('',( #1342 ) ) ;
#14 = AXIS2_PLACEMENT_3D ( 'NONE', #1336, #16, #1473 ) ;
#15 = PRESENTATION_LAYER_ASSIGNMENT (  '', '', ( #738 ) ) ;
#16 = DIRECTION ( 'NONE',  ( -0.000000000000000000, 1.000000000000000000, -0.000000000000000000 ) ) ;
#17 = AXIS2_PLACEMENT_3D ( 'NONE', #1268, #467, #1006 ) ;
#18 = CARTESIAN_POINT ( 'NONE',  ( 432.0002626870000313, -1394.000000000000000, 1249.000000000000000 ) ) ;
#19 =( NAMED_UNIT ( * ) SI_UNIT ( $, .STERADIAN. ) SOLID_ANGLE_UNIT ( ) );
#20 = ADVANCED_FACE ( 'NONE', ( #690 ), #705, .T. ) ;
#21 = EDGE_LOOP ( 'NONE', ( #1116, #800, #1152, #1586, #556, #56 ) ) ;
#22 = EDGE_CURVE ( 'NONE', #1225, #403, #420, .T. ) ;
#23 = CARTESIAN_POINT ( 'NONE',  ( 456.0000000000000000, -1394.000000000000000, 1106.290926197000090 ) ) ;
#24 =( NAMED_UNIT ( * ) PLANE_ANGLE_UNIT ( ) SI_UNIT ( $, .RADIAN. ) );
#25 = DIRECTION ( 'NONE',  ( 0.000000000000000000, -1.000000000000000000, 0.000000000000000000 ) ) ;
#26 = CYLINDRICAL_SURFACE ( 'NONE', #679, 5.000000000000004441 ) ;
#27 = ORIENTED_EDGE ( 'NONE', *, *, #1335, .F. ) ;
#28 = DIRECTION ( 'NONE',  ( 0.000000000000000000, 0.000000000000000000, -1.000000000000000000 ) ) ;
#29 = EDGE_LOOP ( 'NONE', ( #1448, #211, #516, #1552, #1691, #100, #817, #1269, #294, #1292, #884 ) ) ;
#30 = SURFACE_SIDE_STYLE ('',( #1508 ) ) ;
#31 = EDGE_CURVE ( 'NONE', #899, #672, #698, .T. ) ;
#32 = PRODUCT ( 'XH-YJ38-LJ-026-A0-—”≥§º‹-”“', 'XH-YJ38-LJ-026-A0-—”≥§º‹-”“', '', ( #921 ) ) ;
#33 = DIRECTION ( 'NONE',  ( -1.000000000000000000, 0.000000000000000000, 0.000000000000000000 ) ) ;
#34 = EDGE_LOOP ( 'NONE', ( #1110, #1593, #153, #1180 ) ) ;
#35 = PLANE ( 'NONE',  #655 ) ;
#36 = ORIENTED_EDGE ( 'NONE', *, *, #1577, .T. ) ;
#37 = LINE ( 'NONE', #863, #1301 ) ;
#38 = VECTOR ( 'NONE', #1457, 1000.000000000000000 ) ;
#39 = CARTESIAN_POINT ( 'NONE',  ( 451.0000000000000000, -1347.000000000000000, 1106.290926197000090 ) ) ;
#40 = DIRECTION ( 'NONE',  ( 0.000000000000000000, 0.000000000000000000, 1.000000000000000000 ) ) ;
#41 = ORIENTED_EDGE ( 'NONE', *, *, #1306, .F. ) ;
#42 = CARTESIAN_POINT ( 'NONE',  ( 429.0002626870000313, -1391.000000000000000, 1249.000000000000000 ) ) ;
#43 = CARTESIAN_POINT ( 'NONE',  ( 446.0000000000000000, -1350.000000000000000, 1056.290926196999862 ) ) ;
#44 = CARTESIAN_POINT ( 'NONE',  ( 426.0002626870000313, -1372.000000000000000, 1081.290926197000090 ) ) ;
#45 = CARTESIAN_POINT ( 'NONE',  ( 426.0002626870000313, -1372.000000000000000, 1081.290926197000090 ) ) ;
#46 = ORIENTED_EDGE ( 'NONE', *, *, #1584, .T. ) ;
#47 = DIRECTION ( 'NONE',  ( 1.000000000000000000, 0.000000000000000000, 0.000000000000000000 ) ) ;
#48 = DIRECTION ( 'NONE',  ( 0.000000000000000000, -1.000000000000000000, 0.000000000000000000 ) ) ;
#49 = EDGE_LOOP ( 'NONE', ( #922, #604, #359, #1570 ) ) ;
#50 = CYLINDRICAL_SURFACE ( 'NONE', #1131, 6.000000000000005329 ) ;
#51 = CARTESIAN_POINT ( 'NONE',  ( 429.0002626870000313, -1372.000000000000000, 1081.290926197000090 ) ) ;
#52 = ORIENTED_EDGE ( 'NONE', *, *, #810, .T. ) ;
#53 = ADVANCED_FACE ( 'NONE', ( #965, #1229 ), #1528, .T. ) ;
#54 = CARTESIAN_POINT ( 'NONE',  ( 432.0002626870000313, -1397.000000000000000, 1249.000000000000000 ) ) ;
#55 = CYLINDRICAL_SURFACE ( 'NONE', #623, 4.999999999999893419 ) ;
#56 = ORIENTED_EDGE ( 'NONE', *, *, #693, .F. ) ;
#57 = DIRECTION ( 'NONE',  ( 0.000000000000000000, 0.000000000000000000, -1.000000000000000000 ) ) ;
#58 = DIRECTION ( 'NONE',  ( -0.000000000000000000, 1.000000000000000000, -0.000000000000000000 ) ) ;
#59 = CIRCLE ( 'NONE', #1261, 4.999999999999893419 ) ;
#60 = VECTOR ( 'NONE', #750, 1000.000000000000000 ) ;
#61 = AXIS2_PLACEMENT_3D ( 'NONE', #1503, #823, #1362 ) ;
#62 = AXIS2_PLACEMENT_3D ( 'NONE', #1536, #80, #636 ) ;
#63 = MECHANICAL_DESIGN_GEOMETRIC_PRESENTATION_REPRESENTATION (  '', ( #1706 ), #181 ) ;
#64 = ORIENTED_EDGE ( 'NONE', *, *, #122, .F. ) ;
#65 = CARTESIAN_POINT ( 'NONE',  ( 470.0002626870000881, -1397.000000000000000, 1042.000000000000000 ) ) ;
#66 = EDGE_CURVE ( 'NONE', #960, #1392, #1608, .T. ) ;
#67 = CARTESIAN_POINT ( 'NONE',  ( 426.0002626870000313, -1362.000000000000000, 1206.000000000000000 ) ) ;
#68 =( GEOMETRIC_REPRESENTATION_CONTEXT ( 3 ) GLOBAL_UNCERTAINTY_ASSIGNED_CONTEXT ( ( #195 ) ) GLOBAL_UNIT_ASSIGNED_CONTEXT ( ( #671, #1198, #948 ) ) REPRESENTATION_CONTEXT ( 'NONE', 'WORKASPACE' ) );
#69 = EDGE_LOOP ( 'NONE', ( #1627, #358, #1369, #1113, #1034, #1067 ) ) ;
#70 = SURFACE_STYLE_USAGE ( .BOTH. , #885 ) ;
#71 = ADVANCED_FACE ( 'NONE', ( #1221 ), #1496, .F. ) ;
#72 = CARTESIAN_POINT ( 'NONE',  ( 432.0002626870000313, -1353.000000000000000, 1356.000000000000000 ) ) ;
#73 = DIRECTION ( 'NONE',  ( 0.000000000000000000, 0.000000000000000000, -1.000000000000000000 ) ) ;
#74 = DIRECTION ( 'NONE',  ( 0.000000000000000000, 0.000000000000000000, -1.000000000000000000 ) ) ;
#75 = ORIENTED_EDGE ( 'NONE', *, *, #924, .T. ) ;
#76 =( NAMED_UNIT ( * ) SI_UNIT ( $, .STERADIAN. ) SOLID_ANGLE_UNIT ( ) );
#77 = CARTESIAN_POINT ( 'NONE',  ( 473.0002626870000313, -1353.000000000000000, 1248.171572875749916 ) ) ;
#78 = ORIENTED_EDGE ( 'NONE', *, *, #463, .F. ) ;
#79 = DIRECTION ( 'NONE',  ( 0.000000000000000000, -1.000000000000000000, 0.000000000000000000 ) ) ;
#80 = DIRECTION ( 'NONE',  ( 0.000000000000000000, 0.000000000000000000, -1.000000000000000000 ) ) ;
#81 = LINE ( 'NONE', #90, #1125 ) ;
#82 = ADVANCED_FACE ( 'NONE', ( #832 ), #26, .F. ) ;
#83 = CARTESIAN_POINT ( 'NONE',  ( 470.0002626870000881, -1347.000000000000227, 1042.000000000000000 ) ) ;
#84 = VERTEX_POINT ( 'NONE', #1355 ) ;
#85 = SURFACE_STYLE_USAGE ( .BOTH. , #1145 ) ;
#86 = LINE ( 'NONE', #1399, #1674 ) ;
#87 = VERTEX_POINT ( 'NONE', #553 ) ;
#88 = SURFACE_STYLE_FILL_AREA ( #1271 ) ;
#89 = CARTESIAN_POINT ( 'NONE',  ( 441.0002626880859680, -1394.000000000000000, 1041.999999997598252 ) ) ;
#90 = CARTESIAN_POINT ( 'NONE',  ( 470.0002626870000313, -1397.000000000000000, 1042.000000000000000 ) ) ;
#91 = EDGE_CURVE ( 'NONE', #2, #757, #1092, .T. ) ;
#92 = DIRECTION ( 'NONE',  ( 0.000000000000000000, -1.000000000000000000, 0.000000000000000000 ) ) ;
#93 = AXIS2_PLACEMENT_3D ( 'NONE', #674, #295, #1629 ) ;
#94 =( GEOMETRIC_REPRESENTATION_CONTEXT ( 3 ) GLOBAL_UNCERTAINTY_ASSIGNED_CONTEXT ( ( #1191 ) ) GLOBAL_UNIT_ASSIGNED_CONTEXT ( ( #1317, #1032, #362 ) ) REPRESENTATION_CONTEXT ( 'NONE', 'WORKASPACE' ) );
#95 = EDGE_LOOP ( 'NONE', ( #1338, #776, #1383, #347 ) ) ;
#96 = FILL_AREA_STYLE_COLOUR ( '', #1042 ) ;
#97 = MECHANICAL_DESIGN_GEOMETRIC_PRESENTATION_REPRESENTATION (  '', ( #1382 ), #1681 ) ;
#98 = AXIS2_PLACEMENT_3D ( 'NONE', #1249, #830, #1646 ) ;
#99 = CARTESIAN_POINT ( 'NONE',  ( 446.0000000000000000, -1394.000000000000000, 1056.290926196999862 ) ) ;
#100 = ORIENTED_EDGE ( 'NONE', *, *, #1613, .T. ) ;
#101 = COLOUR_RGB ( '',0.6274509803921568540, 0.6274509803921568540, 0.6431372549019607199 ) ;
#102 =( NAMED_UNIT ( * ) PLANE_ANGLE_UNIT ( ) SI_UNIT ( $, .RADIAN. ) );
#103 = CYLINDRICAL_SURFACE ( 'NONE', #62, 3.000000000000002665 ) ;
#104 = ORIENTED_EDGE ( 'NONE', *, *, #1168, .T. ) ;
#105 = EDGE_LOOP ( 'NONE', ( #1636, #1461, #1248, #988 ) ) ;
#106 = PLANE ( 'NONE',  #206 ) ;
#107 = DIRECTION ( 'NONE',  ( 0.000000000000000000, 0.000000000000000000, -1.000000000000000000 ) ) ;
#108 = DIRECTION ( 'NONE',  ( 0.000000000000000000, 0.000000000000000000, -1.000000000000000000 ) ) ;
#109 = EDGE_LOOP ( 'NONE', ( #1698, #1175 ) ) ;
#110 = ADVANCED_FACE ( 'NONE', ( #1687 ), #1549, .F. ) ;
#111 = EDGE_LOOP ( 'NONE', ( #1445, #1319, #1257, #1652 ) ) ;
#112 = FACE_BOUND ( 'NONE', #307, .T. ) ;
#113 = DIRECTION ( 'NONE',  ( 0.000000000000000000, 1.000000000000000000, 0.000000000000000000 ) ) ;
#114 = LINE ( 'NONE', #1037, #1458 ) ;
#115 = ORIENTED_EDGE ( 'NONE', *, *, #163, .F. ) ;
#116 = VECTOR ( 'NONE', #961, 1000.000000000000000 ) ;
#117 = MECHANICAL_DESIGN_GEOMETRIC_PRESENTATION_REPRESENTATION (  '', ( #1074 ), #262 ) ;
#118 = CIRCLE ( 'NONE', #1019, 6.000000000000005329 ) ;
#119 = ORIENTED_EDGE ( 'NONE', *, *, #1344, .F. ) ;
#120 =( LENGTH_UNIT ( ) NAMED_UNIT ( * ) SI_UNIT ( .MILLI., .METRE. ) );
#121 = AXIS2_PLACEMENT_3D ( 'NONE', #638, #646, #768 ) ;
#122 = EDGE_CURVE ( 'NONE', #716, #585, #367, .T. ) ;
#123 = DIRECTION ( 'NONE',  ( 0.000000000000000000, -1.000000000000000000, 0.000000000000000000 ) ) ;
#124 = DIRECTION ( 'NONE',  ( 0.000000000000000000, 0.000000000000000000, 1.000000000000000000 ) ) ;
#125 = EDGE_CURVE ( 'NONE', #1206, #974, #913, .T. ) ;
#126 = CARTESIAN_POINT ( 'NONE',  ( 441.0002626870244740, -1350.000000000000000, 1042.000000000000000 ) ) ;
#127 = DIRECTION ( 'NONE',  ( 0.000000000000000000, -1.000000000000000000, 0.000000000000000000 ) ) ;
#128 = VERTEX_POINT ( 'NONE', #1010 ) ;
#129 = VERTEX_POINT ( 'NONE', #1537 ) ;
#130 = SURFACE_SIDE_STYLE ('',( #1348 ) ) ;
#131 = DIRECTION ( 'NONE',  ( 0.000000000000000000, 1.000000000000000000, 0.000000000000000000 ) ) ;
#132 = DIRECTION ( 'NONE',  ( 0.000000000000000000, 1.000000000000000000, 0.000000000000000000 ) ) ;
#133 = EDGE_CURVE ( 'NONE', #1296, #899, #1173, .T. ) ;
#134 = ORIENTED_EDGE ( 'NONE', *, *, #187, .T. ) ;
#135 = ORIENTED_EDGE ( 'NONE', *, *, #125, .F. ) ;
#136 = FACE_BOUND ( 'NONE', #708, .T. ) ;
#137 = LINE ( 'NONE', #1465, #1353 ) ;
#138 = CARTESIAN_POINT ( 'NONE',  ( 432.0002626870000313, -1347.000000000000000, 1249.000000000000000 ) ) ;
#139 = EDGE_CURVE ( 'NONE', #192, #1296, #780, .T. ) ;
#140 = CARTESIAN_POINT ( 'NONE',  ( 432.0002626870000313, -1347.000000000000000, 1042.000000000000000 ) ) ;
#141 =( LENGTH_UNIT ( ) NAMED_UNIT ( * ) SI_UNIT ( .MILLI., .METRE. ) );
#142 = CIRCLE ( 'NONE', #840, 4.999999999999893419 ) ;
#143 = ORIENTED_EDGE ( 'NONE', *, *, #693, .T. ) ;
#144 =( GEOMETRIC_REPRESENTATION_CONTEXT ( 3 ) GLOBAL_UNCERTAINTY_ASSIGNED_CONTEXT ( ( #474 ) ) GLOBAL_UNIT_ASSIGNED_CONTEXT ( ( #746, #348, #360 ) ) REPRESENTATION_CONTEXT ( 'NONE', 'WORKASPACE' ) );
#145 = VECTOR ( 'NONE', #341, 1000.000000000000000 ) ;
#146 = DIRECTION ( 'NONE',  ( 1.000000000000000000, 0.000000000000000000, 0.000000000000000000 ) ) ;
#147 = CIRCLE ( 'NONE', #903, 5.999999999999900524 ) ;
#148 = AXIS2_PLACEMENT_3D ( 'NONE', #847, #728, #57 ) ;
#149 = CARTESIAN_POINT ( 'NONE',  ( 470.0002626870000313, -1353.000000000000000, 1249.000000000000000 ) ) ;
#150 = AXIS2_PLACEMENT_3D ( 'NONE', #1272, #607, #1141 ) ;
#151 = CARTESIAN_POINT ( 'NONE',  ( 456.0000000000000000, -1397.000000000000000, 1056.290926196999862 ) ) ;
#152 = DIRECTION ( 'NONE',  ( -1.850371707708661024E-14, -1.000000000000000000, 0.000000000000000000 ) ) ;
#153 = ORIENTED_EDGE ( 'NONE', *, *, #651, .F. ) ;
#154 = EDGE_CURVE ( 'NONE', #1264, #1246, #114, .T. ) ;
#155 = DIRECTION ( 'NONE',  ( 0.000000000000000000, -1.000000000000000000, 0.000000000000000000 ) ) ;
#156 = VERTEX_POINT ( 'NONE', #1415 ) ;
#157 = FACE_OUTER_BOUND ( 'NONE', #502, .T. ) ;
#158 = DIRECTION ( 'NONE',  ( 0.000000000000000000, -1.000000000000000000, 0.000000000000000000 ) ) ;
#159 = FACE_OUTER_BOUND ( 'NONE', #1215, .T. ) ;
#160 = ORIENTED_EDGE ( 'NONE', *, *, #463, .T. ) ;
#161 = ORIENTED_EDGE ( 'NONE', *, *, #322, .F. ) ;
#162 = CYLINDRICAL_SURFACE ( 'NONE', #1517, 2.000000000000001776 ) ;
#163 = EDGE_CURVE ( 'NONE', #1591, #1057, #1701, .T. ) ;
#164 = CARTESIAN_POINT ( 'NONE',  ( 451.0000000000000000, -1394.000000000000000, 1106.290926197000090 ) ) ;
#165 = ORIENTED_EDGE ( 'NONE', *, *, #714, .F. ) ;
#166 = DIRECTION ( 'NONE',  ( 1.000000000000000000, 0.000000000000000000, 0.000000000000000000 ) ) ;
#167 = CARTESIAN_POINT ( 'NONE',  ( 441.0002626870726772, -1347.000000000000000, 1042.000000000030013 ) ) ;
#168 = ORIENTED_EDGE ( 'NONE', *, *, #324, .T. ) ;
#169 = EDGE_LOOP ( 'NONE', ( #873, #115 ) ) ;
#170 = CARTESIAN_POINT ( 'NONE',  ( 432.0002626870000313, -1353.000000000000000, 1249.000000000000000 ) ) ;
#171 = VECTOR ( 'NONE', #620, 1000.000000000000000 ) ;
#172 = DIRECTION ( 'NONE',  ( 1.000000000000000000, 0.000000000000000000, 0.000000000000000000 ) ) ;
#173 = ORIENTED_EDGE ( 'NONE', *, *, #867, .T. ) ;
#174 = SURFACE_STYLE_USAGE ( .BOTH. , #838 ) ;
#175 = CIRCLE ( 'NONE', #598, 4.999999999999893419 ) ;
#176 = AXIS2_PLACEMENT_3D ( 'NONE', #1469, #33, #40 ) ;
#177 = EDGE_CURVE ( 'NONE', #84, #1039, #118, .T. ) ;
#178 = AXIS2_PLACEMENT_3D ( 'NONE', #654, #1713, #271 ) ;
#179 = COLOUR_RGB ( '',0.6274509803921568540, 0.6274509803921568540, 0.6431372549019607199 ) ;
#180 = CARTESIAN_POINT ( 'NONE',  ( 432.0002626870000313, -1391.000000000000000, 1249.000000000000000 ) ) ;
#181 =( GEOMETRIC_REPRESENTATION_CONTEXT ( 3 ) GLOBAL_UNCERTAINTY_ASSIGNED_CONTEXT ( ( #648 ) ) GLOBAL_UNIT_ASSIGNED_CONTEXT ( ( #761, #102, #338 ) ) REPRESENTATION_CONTEXT ( 'NONE', 'WORKASPACE' ) );
#182 = ORIENTED_EDGE ( 'NONE', *, *, #1117, .T. ) ;
#183 = CARTESIAN_POINT ( 'NONE',  ( 475.9915281844305923, -1352.662820599267206, 1248.508752276732821 ) ) ;
#184 = CARTESIAN_POINT ( 'NONE',  ( 456.0000000000000000, -1394.000000000000000, 1106.290926197000090 ) ) ;
#185 = LINE ( 'NONE', #579, #454 ) ;
#186 = DIRECTION ( 'NONE',  ( -1.000000000000000000, 0.000000000000000000, 0.000000000000000000 ) ) ;
#187 = EDGE_CURVE ( 'NONE', #432, #962, #342, .T. ) ;
#188 = DIRECTION ( 'NONE',  ( -1.000000000000000000, 0.000000000000000000, 0.000000000000000000 ) ) ;
#189 = VERTEX_POINT ( 'NONE', #1281 ) ;
#190 = CARTESIAN_POINT ( 'NONE',  ( 472.9904341699281076, -1352.757359313626921, 1248.414213562373334 ) ) ;
#191 = CARTESIAN_POINT ( 'NONE',  ( 473.0002626870000313, -1393.500000000000000, 1229.353122809000070 ) ) ;
#192 = VERTEX_POINT ( 'NONE', #231 ) ;
#193 = CARTESIAN_POINT ( 'NONE',  ( 454.3335960202783212, -1350.000000000000000, 1026.000000000176215 ) ) ;
#194 = LINE ( 'NONE', #1394, #240 ) ;
#195 = UNCERTAINTY_MEASURE_WITH_UNIT (LENGTH_MEASURE( 1.000000000000000082E-05 ), #671, 'distance_accuracy_value', 'NONE');
#196 = EDGE_CURVE ( 'NONE', #741, #757, #1290, .T. ) ;
#197 = ORIENTED_EDGE ( 'NONE', *, *, #1322, .F. ) ;
#198 = SURFACE_STYLE_FILL_AREA ( #1167 ) ;
#199 = EDGE_CURVE ( 'NONE', #716, #966, #81, .T. ) ;
#200 = CARTESIAN_POINT ( 'NONE',  ( 473.0002626870000313, -1359.500000000000000, 1159.000000000000000 ) ) ;
#201 = ORIENTED_EDGE ( 'NONE', *, *, #630, .F. ) ;
#202 = CARTESIAN_POINT ( 'NONE',  ( 476.0002626870000313, -1377.000000000000000, 1081.290926197000090 ) ) ;
#203 = CARTESIAN_POINT ( 'NONE',  ( 470.0002626870000881, -1347.000000000000227, 1249.000000000000000 ) ) ;
#204 = VECTOR ( 'NONE', #567, 1000.000000000000000 ) ;
#205 = CARTESIAN_POINT ( 'NONE',  ( 432.0002626870000313, -1391.000000000000000, -250.0000000000000000 ) ) ;
#206 = AXIS2_PLACEMENT_3D ( 'NONE', #613, #478, #753 ) ;
#207 = VECTOR ( 'NONE', #374, 1000.000000000000000 ) ;
#208 = CARTESIAN_POINT ( 'NONE',  ( 451.0000000000000000, -1394.000000000000000, 1106.290926197000090 ) ) ;
#209 = AXIS2_PLACEMENT_3D ( 'NONE', #51, #588, #1122 ) ;
#210 = VECTOR ( 'NONE', #222, 1000.000000000000000 ) ;
#211 = ORIENTED_EDGE ( 'NONE', *, *, #1623, .T. ) ;
#212 = EDGE_CURVE ( 'NONE', #1591, #1522, #626, .T. ) ;
#213 = DIRECTION ( 'NONE',  ( -0.000000000000000000, 1.000000000000000000, -0.000000000000000000 ) ) ;
#214 = ORIENTED_EDGE ( 'NONE', *, *, #377, .F. ) ;
#215 = SURFACE_STYLE_FILL_AREA ( #1414 ) ;
#216 = DIRECTION ( 'NONE',  ( 0.000000000000000000, -1.000000000000000000, 0.000000000000000000 ) ) ;
#217 = FACE_OUTER_BOUND ( 'NONE', #908, .T. ) ;
#218 = UNCERTAINTY_MEASURE_WITH_UNIT (LENGTH_MEASURE( 1.000000000000000082E-05 ), #696, 'distance_accuracy_value', 'NONE');
#219 = ORIENTED_EDGE ( 'NONE', *, *, #714, .T. ) ;
#220 = PLANE ( 'NONE',  #706 ) ;
#221 = VERTEX_POINT ( 'NONE', #1179 ) ;
#222 = DIRECTION ( 'NONE',  ( 0.000000000000000000, -1.000000000000000000, 0.000000000000000000 ) ) ;
#223 = CARTESIAN_POINT ( 'NONE',  ( 474.0002626870000313, -1370.208125462494536, 1248.260491227928696 ) ) ;
#224 = CARTESIAN_POINT ( 'NONE',  ( 476.0002626870000313, -1353.500000000000000, 1239.186291500999914 ) ) ;
#225 = PRESENTATION_STYLE_ASSIGNMENT (( #1538 ) ) ;
#226 = VERTEX_POINT ( 'NONE', #1697 ) ;
#227 = DIRECTION ( 'NONE',  ( -1.000000000000000000, 0.000000000000000000, 0.000000000000000000 ) ) ;
#228 = EDGE_LOOP ( 'NONE', ( #535, #1313, #41, #1120 ) ) ;
#229 = CARTESIAN_POINT ( 'NONE',  ( 476.0002626870000313, -1353.000000000000000, 1042.000000000000000 ) ) ;
#230 = CARTESIAN_POINT ( 'NONE',  ( 476.0002626870000313, -1372.000000000000000, 1081.290926197000090 ) ) ;
#231 = CARTESIAN_POINT ( 'NONE',  ( 470.0002626870000881, -1350.000000000000227, 1042.000000000000000 ) ) ;
#232 = LINE ( 'NONE', #473, #1484 ) ;
#233 = AXIS2_PLACEMENT_3D ( 'NONE', #191, #611, #883 ) ;
#234 = EDGE_CURVE ( 'NONE', #84, #1392, #137, .T. ) ;
#235 = AXIS2_PLACEMENT_3D ( 'NONE', #818, #155, #411 ) ;
#236 = COLOUR_RGB ( '',0.6274509803921568540, 0.6274509803921568540, 0.6431372549019607199 ) ;
#237 = COLOUR_RGB ( '',0.6274509803921568540, 0.6274509803921568540, 0.6431372549019607199 ) ;
#238 =( GEOMETRIC_REPRESENTATION_CONTEXT ( 3 ) GLOBAL_UNCERTAINTY_ASSIGNED_CONTEXT ( ( #879 ) ) GLOBAL_UNIT_ASSIGNED_CONTEXT ( ( #380, #24, #1582 ) ) REPRESENTATION_CONTEXT ( 'NONE', 'WORKASPACE' ) );
#239 = EDGE_LOOP ( 'NONE', ( #173, #582, #10, #1679 ) ) ;
#240 = VECTOR ( 'NONE', #1243, 1000.000000000000000 ) ;
#241 = ORIENTED_EDGE ( 'NONE', *, *, #882, .F. ) ;
#242 = LINE ( 'NONE', #386, #534 ) ;
#243 = DIRECTION ( 'NONE',  ( 0.000000000000000000, -1.000000000000000000, 0.000000000000000000 ) ) ;
#244 = CARTESIAN_POINT ( 'NONE',  ( 473.0002626870000313, -1353.500000000000000, 1239.186291500999914 ) ) ;
#245 = EDGE_CURVE ( 'NONE', #1081, #1669, #258, .T. ) ;
#246 = ORIENTED_EDGE ( 'NONE', *, *, #1232, .F. ) ;
#247 = VERTEX_POINT ( 'NONE', #1069 ) ;
#248 =( NAMED_UNIT ( * ) PLANE_ANGLE_UNIT ( ) SI_UNIT ( $, .RADIAN. ) );
#249 = FACE_OUTER_BOUND ( 'NONE', #1655, .T. ) ;
#250 = PRESENTATION_STYLE_ASSIGNMENT (( #1043 ) ) ;
#251 = DIRECTION ( 'NONE',  ( 0.000000000000000000, 0.000000000000000000, -1.000000000000000000 ) ) ;
#252 = EDGE_LOOP ( 'NONE', ( #75, #419, #660, #219 ) ) ;
#253 = EDGE_CURVE ( 'NONE', #1666, #1642, #1479, .T. ) ;
#254 = VERTEX_POINT ( 'NONE', #1326 ) ;
#255 = EDGE_CURVE ( 'NONE', #1330, #1296, #1569, .T. ) ;
#256 = SURFACE_SIDE_STYLE ('',( #11 ) ) ;
#257 = CYLINDRICAL_SURFACE ( 'NONE', #1567, 4.999999999999893419 ) ;
#258 = LINE ( 'NONE', #387, #596 ) ;
#259 = FACE_OUTER_BOUND ( 'NONE', #1658, .T. ) ;
#260 = ORIENTED_EDGE ( 'NONE', *, *, #1396, .F. ) ;
#261 = AXIS2_PLACEMENT_3D ( 'NONE', #67, #605, #593 ) ;
#262 =( GEOMETRIC_REPRESENTATION_CONTEXT ( 3 ) GLOBAL_UNCERTAINTY_ASSIGNED_CONTEXT ( ( #1539 ) ) GLOBAL_UNIT_ASSIGNED_CONTEXT ( ( #1404, #1693, #501 ) ) REPRESENTATION_CONTEXT ( 'NONE', 'WORKASPACE' ) );
#263 = AXIS2_PLACEMENT_3D ( 'NONE', #896, #774, #1575 ) ;
#264 = EDGE_LOOP ( 'NONE', ( #460, #1556, #7, #1366 ) ) ;
#265 = DIRECTION ( 'NONE',  ( 0.000000000000000000, 1.000000000000000000, 0.000000000000000000 ) ) ;
#266 = CIRCLE ( 'NONE', #178, 4.999999999999893419 ) ;
#267 = EDGE_CURVE ( 'NONE', #916, #1694, #953, .T. ) ;
#268 = CARTESIAN_POINT ( 'NONE',  ( 472.6557421036784490, -1351.576377711161285, 1249.000000000000227 ) ) ;
#269 = FACE_OUTER_BOUND ( 'NONE', #264, .T. ) ;
#270 = VECTOR ( 'NONE', #278, 1000.000000000000000 ) ;
#271 = DIRECTION ( 'NONE',  ( 0.000000000000000000, 0.000000000000000000, -1.000000000000000000 ) ) ;
#272 = VERTEX_POINT ( 'NONE', #1084 ) ;
#273 = ORIENTED_EDGE ( 'NONE', *, *, #196, .T. ) ;
#274 = CARTESIAN_POINT ( 'NONE',  ( 432.0002626870000313, -1347.000000000000227, 1249.000000000000000 ) ) ;
#275 = CARTESIAN_POINT ( 'NONE',  ( 446.0000000000000000, -1350.000000000000000, 1106.290926197000090 ) ) ;
#276 = PLANE ( 'NONE',  #1158 ) ;
#277 = PRODUCT_RELATED_PRODUCT_CATEGORY ( 'part', '', ( #32 ) ) ;
#278 = DIRECTION ( 'NONE',  ( 0.000000000000000000, 0.000000000000000000, 1.000000000000000000 ) ) ;
#279 = ORIENTED_EDGE ( 'NONE', *, *, #1491, .T. ) ;
#280 = SURFACE_STYLE_FILL_AREA ( #1105 ) ;
#281 = CARTESIAN_POINT ( 'NONE',  ( 474.0002626870000313, -1359.500000000000000, 1159.000000000000000 ) ) ;
#282 = EDGE_CURVE ( 'NONE', #1666, #672, #625, .T. ) ;
#283 = VECTOR ( 'NONE', #1333, 1000.000000000000000 ) ;
#284 = ORIENTED_EDGE ( 'NONE', *, *, #955, .F. ) ;
#285 = CARTESIAN_POINT ( 'NONE',  ( 475.7669631299232833, -1351.343145751253587, 1249.000000000000000 ) ) ;
#286 = AXIS2_PLACEMENT_3D ( 'NONE', #1610, #1340, #3 ) ;
#287 = AXIS2_PLACEMENT_3D ( 'NONE', #205, #73, #574 ) ;
#288 = DIRECTION ( 'NONE',  ( -1.000000000000000000, 0.000000000000000000, 0.000000000000000000 ) ) ;
#289 = ORIENTED_EDGE ( 'NONE', *, *, #22, .F. ) ;
#290 = DIRECTION ( 'NONE',  ( 0.000000000000000000, 0.000000000000000000, -1.000000000000000000 ) ) ;
#291 = PRESENTATION_LAYER_ASSIGNMENT (  '', '', ( #1412 ) ) ;
#292 = DIRECTION ( 'NONE',  ( -1.000000000000000000, 0.000000000000000000, 0.000000000000000000 ) ) ;
#293 = EDGE_CURVE ( 'NONE', #1253, #949, #399, .T. ) ;
#294 = ORIENTED_EDGE ( 'NONE', *, *, #1142, .F. ) ;
#295 = DIRECTION ( 'NONE',  ( 0.000000000000000000, 0.000000000000000000, -1.000000000000000000 ) ) ;
#296 = DIRECTION ( 'NONE',  ( 0.000000000000000000, -1.000000000000000000, 0.000000000000000000 ) ) ;
#297 = VERTEX_POINT ( 'NONE', #1089 ) ;
#298 =( NAMED_UNIT ( * ) SI_UNIT ( $, .STERADIAN. ) SOLID_ANGLE_UNIT ( ) );
#299 = CARTESIAN_POINT ( 'NONE',  ( 476.0002626870000313, -1359.500000000000000, 1159.000000000000000 ) ) ;
#300 = DIRECTION ( 'NONE',  ( 0.000000000000000000, 1.000000000000000000, 0.000000000000000000 ) ) ;
#301 = SURFACE_SIDE_STYLE ('',( #427 ) ) ;
#302 = ORIENTED_EDGE ( 'NONE', *, *, #1520, .T. ) ;
#303 = FACE_OUTER_BOUND ( 'NONE', #1016, .T. ) ;
#304 = CARTESIAN_POINT ( 'NONE',  ( 446.0000000000000000, -1350.000000000000000, 1106.290926197000090 ) ) ;
#305 = ORIENTED_EDGE ( 'NONE', *, *, #945, .F. ) ;
#306 = SURFACE_STYLE_FILL_AREA ( #1502 ) ;
#307 = EDGE_LOOP ( 'NONE', ( #862, #1639 ) ) ;
#308 = CARTESIAN_POINT ( 'NONE',  ( 475.8359092693060575, -1351.599276309291781, 1248.987724204185270 ) ) ;
#309 = CIRCLE ( 'NONE', #707, 6.000000000000005329 ) ;
#310 = CARTESIAN_POINT ( 'NONE',  ( 470.0002626870000313, -1350.000000000000000, 1042.000000000000000 ) ) ;
#311 = FACE_OUTER_BOUND ( 'NONE', #95, .T. ) ;
#312 = AXIS2_PLACEMENT_3D ( 'NONE', #149, #1208, #1219 ) ;
#313 = EDGE_CURVE ( 'NONE', #445, #156, #815, .T. ) ;
#314 = AXIS2_PLACEMENT_3D ( 'NONE', #580, #1136, #1521 ) ;
#315 = AXIS2_PLACEMENT_3D ( 'NONE', #281, #1351, #508 ) ;
#316 = LINE ( 'NONE', #444, #681 ) ;
#317 = PRODUCT_DEFINITION_CONTEXT ( 'detailed design', #699, 'design' ) ;
#318 = ORIENTED_EDGE ( 'NONE', *, *, #1453, .F. ) ;
#319 = DIRECTION ( 'NONE',  ( 1.000000000000000000, 0.000000000000000000, 0.000000000000000000 ) ) ;
#320 = DIRECTION ( 'NONE',  ( -1.000000000000000000, 0.000000000000000000, 0.000000000000000000 ) ) ;
#321 = CARTESIAN_POINT ( 'NONE',  ( 461.0002626869327855, -1347.000000000000000, 1042.000000000048658 ) ) ;
#322 = EDGE_CURVE ( 'NONE', #749, #745, #821, .T. ) ;
#323 = SURFACE_SIDE_STYLE ('',( #831 ) ) ;
#324 = EDGE_CURVE ( 'NONE', #2, #1206, #1161, .T. ) ;
#325 = ORIENTED_EDGE ( 'NONE', *, *, #1656, .T. ) ;
#326 =( LENGTH_UNIT ( ) NAMED_UNIT ( * ) SI_UNIT ( .MILLI., .METRE. ) );
#327 = CARTESIAN_POINT ( 'NONE',  ( 476.0002626870000313, -1371.760917098328036, 1247.000000000000000 ) ) ;
#328 = ORIENTED_EDGE ( 'NONE', *, *, #976, .F. ) ;
#329 = CARTESIAN_POINT ( 'NONE',  ( 473.0002626870000313, -1370.208125462494536, 1248.260491227928696 ) ) ;
#330 = DIRECTION ( 'NONE',  ( 1.000000000000000000, 0.000000000000000000, 0.000000000000000000 ) ) ;
#331 = DIRECTION ( 'NONE',  ( 1.000000000000000000, 0.000000000000000000, 0.000000000000000000 ) ) ;
#332 = CYLINDRICAL_SURFACE ( 'NONE', #453, 5.000000000000004441 ) ;
#333 = ADVANCED_FACE ( 'NONE', ( #269 ), #687, .F. ) ;
#334 = EDGE_LOOP ( 'NONE', ( #379, #1013 ) ) ;
#335 = SURFACE_SIDE_STYLE ('',( #198 ) ) ;
#336 = CARTESIAN_POINT ( 'NONE',  ( 426.0002626870000313, -1353.000000000000000, 1249.000000000000000 ) ) ;
#337 = EDGE_LOOP ( 'NONE', ( #621, #1147, #246, #1525 ) ) ;
#338 =( NAMED_UNIT ( * ) SI_UNIT ( $, .STERADIAN. ) SOLID_ANGLE_UNIT ( ) );
#339 = FILL_AREA_STYLE_COLOUR ( '', #485 ) ;
#340 = VECTOR ( 'NONE', #1247, 1000.000000000000000 ) ;
#341 = DIRECTION ( 'NONE',  ( 0.000000000000000000, 0.000000000000000000, 1.000000000000000000 ) ) ;
#342 = CIRCLE ( 'NONE', #263, 6.000000000000005329 ) ;
#343 = PRESENTATION_LAYER_ASSIGNMENT (  '', '', ( #1382 ) ) ;
#344 = ORIENTED_EDGE ( 'NONE', *, *, #1176, .F. ) ;
#345 = CARTESIAN_POINT ( 'NONE',  ( 451.0000000000000000, -1347.000000000000000, 1056.290926196999862 ) ) ;
#346 = LINE ( 'NONE', #200, #365 ) ;
#347 = ORIENTED_EDGE ( 'NONE', *, *, #363, .T. ) ;
#348 =( NAMED_UNIT ( * ) PLANE_ANGLE_UNIT ( ) SI_UNIT ( $, .RADIAN. ) );
#349 = CYLINDRICAL_SURFACE ( 'NONE', #905, 6.000000000000005329 ) ;
#350 = CARTESIAN_POINT ( 'NONE',  ( 470.0002626870000313, -1350.000000000000000, 1042.000000000000000 ) ) ;
#351 = CARTESIAN_POINT ( 'NONE',  ( 473.0002626870000313, -1367.000000000000000, 1081.290926197000090 ) ) ;
#352 = VERTEX_POINT ( 'NONE', #1712 ) ;
#353 = DIRECTION ( 'NONE',  ( -1.000000000000000000, 0.000000000000000000, 0.000000000000000000 ) ) ;
#354 = ORIENTED_EDGE ( 'NONE', *, *, #1441, .F. ) ;
#355 = LINE ( 'NONE', #1657, #1048 ) ;
#356 = DIRECTION ( 'NONE',  ( -0.000000000000000000, -1.000000000000000000, -0.000000000000000000 ) ) ;
#357 = CARTESIAN_POINT ( 'NONE',  ( 473.0002626870000313, -1357.742639010039966, 1243.428933865369800 ) ) ;
#358 = ORIENTED_EDGE ( 'NONE', *, *, #1322, .T. ) ;
#359 = ORIENTED_EDGE ( 'NONE', *, *, #31, .F. ) ;
#360 =( NAMED_UNIT ( * ) SI_UNIT ( $, .STERADIAN. ) SOLID_ANGLE_UNIT ( ) );
#361 = FACE_OUTER_BOUND ( 'NONE', #49, .T. ) ;
#362 =( NAMED_UNIT ( * ) SI_UNIT ( $, .STERADIAN. ) SOLID_ANGLE_UNIT ( ) );
#363 = EDGE_CURVE ( 'NONE', #843, #468, #1021, .T. ) ;
#364 = LINE ( 'NONE', #1440, #482 ) ;
#365 = VECTOR ( 'NONE', #1129, 1000.000000000000000 ) ;
#366 = PRESENTATION_LAYER_ASSIGNMENT (  '', '', ( #1352 ) ) ;
#367 = CIRCLE ( 'NONE', #1073, 6.000000000000005329 ) ;
#368 = ORIENTED_EDGE ( 'NONE', *, *, #452, .T. ) ;
#369 = COLOUR_RGB ( '',0.6274509803921568540, 0.6274509803921568540, 0.6431372549019607199 ) ;
#370 = ORIENTED_EDGE ( 'NONE', *, *, #1529, .F. ) ;
#371 = CIRCLE ( 'NONE', #235, 4.999999999999893419 ) ;
#372 = CARTESIAN_POINT ( 'NONE',  ( 461.0002626869626852, -1350.000000000000000, 1042.000000000015916 ) ) ;
#373 = DIRECTION ( 'NONE',  ( 1.000000000000000000, 0.000000000000000000, 0.000000000000000000 ) ) ;
#374 = DIRECTION ( 'NONE',  ( 0.000000000000000000, 1.000000000000000000, 0.000000000000000000 ) ) ;
#375 = ADVANCED_FACE ( 'NONE', ( #1203 ), #276, .T. ) ;
#376 = CARTESIAN_POINT ( 'NONE',  ( 470.0002626870000313, -1353.000000000000000, 1042.000000000000000 ) ) ;
#377 = EDGE_CURVE ( 'NONE', #503, #1417, #185, .T. ) ;
#378 = ORIENTED_EDGE ( 'NONE', *, *, #756, .F. ) ;
#379 = ORIENTED_EDGE ( 'NONE', *, *, #914, .F. ) ;
#380 =( LENGTH_UNIT ( ) NAMED_UNIT ( * ) SI_UNIT ( .MILLI., .METRE. ) );
#381 = LINE ( 'NONE', #676, #877 ) ;
#382 = ORIENTED_EDGE ( 'NONE', *, *, #1356, .F. ) ;
#383 = EDGE_CURVE ( 'NONE', #1522, #87, #682, .T. ) ;
#384 = ORIENTED_EDGE ( 'NONE', *, *, #651, .T. ) ;
#385 = FILL_AREA_STYLE_COLOUR ( '', #456 ) ;
#386 = CARTESIAN_POINT ( 'NONE',  ( 476.0002626870000313, -1370.828427124999962, 1249.000000000000000 ) ) ;
#387 = CARTESIAN_POINT ( 'NONE',  ( 426.0002626870000313, -1391.000000000000000, 1249.000000000000000 ) ) ;
#388 = LINE ( 'NONE', #1204, #1409 ) ;
#389 = AXIS2_PLACEMENT_3D ( 'NONE', #327, #1028, #1660 ) ;
#390 = ORIENTED_EDGE ( 'NONE', *, *, #66, .T. ) ;
#391 = VECTOR ( 'NONE', #417, 1000.000000000000000 ) ;
#392 = CIRCLE ( 'NONE', #1513, 2.999999999999891642 ) ;
#393 = EDGE_CURVE ( 'NONE', #1470, #1181, #1226, .T. ) ;
#394 = ORIENTED_EDGE ( 'NONE', *, *, #196, .F. ) ;
#395 = CARTESIAN_POINT ( 'NONE',  ( 456.0000000000000000, -1350.000000000000000, 1056.290926196999862 ) ) ;
#396 = AXIS2_PLACEMENT_3D ( 'NONE', #39, #443, #980 ) ;
#397 = CARTESIAN_POINT ( 'NONE',  ( 476.0002626870000313, -1372.000000000000000, 1081.290926197000090 ) ) ;
#398 = VECTOR ( 'NONE', #79, 1000.000000000000000 ) ;
#399 = LINE ( 'NONE', #1612, #928 ) ;
#400 = CARTESIAN_POINT ( 'NONE',  ( 473.0002626870000313, -1371.760917098328036, 1249.000000000000000 ) ) ;
#401 = DIRECTION ( 'NONE',  ( 1.000000000000000000, 0.000000000000000000, 0.000000000000000000 ) ) ;
#402 = VERTEX_POINT ( 'NONE', #856 ) ;
#403 = VERTEX_POINT ( 'NONE', #979 ) ;
#404 = DIRECTION ( 'NONE',  ( 1.000000000000000000, 0.000000000000000000, 0.000000000000000000 ) ) ;
#405 = DIRECTION ( 'NONE',  ( 0.000000000000000000, 0.000000000000000000, -1.000000000000000000 ) ) ;
#406 = ADVANCED_FACE ( 'NONE', ( #1393 ), #1389, .T. ) ;
#407 = CYLINDRICAL_SURFACE ( 'NONE', #1300, 6.000000000000005329 ) ;
#408 = CARTESIAN_POINT ( 'NONE',  ( 429.0002626870000313, -1353.000000000000000, 1249.000000000000000 ) ) ;
#409 = DIRECTION ( 'NONE',  ( 1.000000000000000000, 0.000000000000000000, 0.000000000000000000 ) ) ;
#410 = ORIENTED_EDGE ( 'NONE', *, *, #849, .F. ) ;
#411 = DIRECTION ( 'NONE',  ( 0.000000000000000000, 0.000000000000000000, -1.000000000000000000 ) ) ;
#412 = CARTESIAN_POINT ( 'NONE',  ( 456.0000000000000000, -1347.000000000000000, 1106.290926197000090 ) ) ;
#413 = EDGE_LOOP ( 'NONE', ( #498, #46, #1331, #923 ) ) ;
#414 = CARTESIAN_POINT ( 'NONE',  ( 451.0000000000000000, -1347.000000000000000, 1106.290926197000090 ) ) ;
#415 = FACE_BOUND ( 'NONE', #109, .T. ) ;
#416 = ADVANCED_FACE ( 'NONE', ( #311 ), #50, .T. ) ;
#417 = DIRECTION ( 'NONE',  ( 0.000000000000000000, 0.000000000000000000, 1.000000000000000000 ) ) ;
#418 = VECTOR ( 'NONE', #779, 1000.000000000000000 ) ;
#419 = ORIENTED_EDGE ( 'NONE', *, *, #1439, .T. ) ;
#420 = CIRCLE ( 'NONE', #1263, 4.999999999999893419 ) ;
#421 = CARTESIAN_POINT ( 'NONE',  ( 456.0000000000000000, -1347.000000000000000, 1056.290926196999862 ) ) ;
#422 = ORIENTED_EDGE ( 'NONE', *, *, #1344, .T. ) ;
#423 = AXIS2_PLACEMENT_3D ( 'NONE', #484, #1282, #74 ) ;
#424 = PRESENTATION_STYLE_ASSIGNMENT (( #1097 ) ) ;
#425 = EDGE_CURVE ( 'NONE', #503, #985, #1574, .T. ) ;
#426 = DIRECTION ( 'NONE',  ( -1.000000000000000000, 0.000000000000000000, 0.000000000000000000 ) ) ;
#427 = SURFACE_STYLE_FILL_AREA ( #1101 ) ;
#428 = EDGE_CURVE ( 'NONE', #1065, #129, #906, .T. ) ;
#429 = ORIENTED_EDGE ( 'NONE', *, *, #1176, .T. ) ;
#430 = CYLINDRICAL_SURFACE ( 'NONE', #983, 3.000000000000002665 ) ;
#431 = CARTESIAN_POINT ( 'NONE',  ( 473.0002626870000313, -1391.000000000000000, 1042.000000000000000 ) ) ;
#432 = VERTEX_POINT ( 'NONE', #1526 ) ;
#433 = CARTESIAN_POINT ( 'NONE',  ( 461.0002626869623441, -1393.999999999999773, 1042.000000000015007 ) ) ;
#434 = DIRECTION ( 'NONE',  ( 0.000000000000000000, -1.000000000000000000, 0.000000000000000000 ) ) ;
#435 = UNCERTAINTY_MEASURE_WITH_UNIT (LENGTH_MEASURE( 1.000000000000000082E-05 ), #1371, 'distance_accuracy_value', 'NONE');
#436 = CYLINDRICAL_SURFACE ( 'NONE', #287, 6.000000000000005329 ) ;
#437 = VERTEX_POINT ( 'NONE', #329 ) ;
#438 = EDGE_CURVE ( 'NONE', #1666, #701, #37, .T. ) ;
#439 = DIRECTION ( 'NONE',  ( 0.000000000000000000, 0.000000000000000000, 1.000000000000000000 ) ) ;
#440 = DIRECTION ( 'NONE',  ( 0.000000000000000000, 0.000000000000000000, -1.000000000000000000 ) ) ;
#441 = ORIENTED_EDGE ( 'NONE', *, *, #1543, .T. ) ;
#442 = DIRECTION ( 'NONE',  ( 1.000000000000000000, 0.000000000000000000, 0.000000000000000000 ) ) ;
#443 = DIRECTION ( 'NONE',  ( 0.000000000000000000, -1.000000000000000000, 0.000000000000000000 ) ) ;
#444 = CARTESIAN_POINT ( 'NONE',  ( 429.0002626870000313, -1377.000000000000000, 1081.290926197000090 ) ) ;
#445 = VERTEX_POINT ( 'NONE', #1107 ) ;
#446 = DIRECTION ( 'NONE',  ( 0.000000000000000000, 0.000000000000000000, -1.000000000000000000 ) ) ;
#447 = ADVANCED_FACE ( 'NONE', ( #157 ), #1616, .T. ) ;
#448 = VERTEX_POINT ( 'NONE', #491 ) ;
#449 = CARTESIAN_POINT ( 'NONE',  ( 447.6669293536244822, -1347.000000000000000, 1025.999999999923602 ) ) ;
#450 = VECTOR ( 'NONE', #446, 1000.000000000000000 ) ;
#451 = VECTOR ( 'NONE', #1602, 1000.000000000000000 ) ;
#452 = EDGE_CURVE ( 'NONE', #966, #741, #1171, .T. ) ;
#453 = AXIS2_PLACEMENT_3D ( 'NONE', #1559, #92, #1174 ) ;
#454 = VECTOR ( 'NONE', #1385, 1000.000000000000000 ) ;
#455 = CARTESIAN_POINT ( 'NONE',  ( 461.0002626869623441, -1393.999999999999773, 1042.000000000015007 ) ) ;
#456 = COLOUR_RGB ( '',0.6274509803921568540, 0.6274509803921568540, 0.6431372549019607199 ) ;
#457 = ORIENTED_EDGE ( 'NONE', *, *, #520, .T. ) ;
#458 = CARTESIAN_POINT ( 'NONE',  ( 454.3335960202989554, -1397.000000000000000, 1026.000000000238742 ) ) ;
#459 = CARTESIAN_POINT ( 'NONE',  ( 446.0000000000000000, -1397.000000000000000, 1056.290926196999862 ) ) ;
#460 = ORIENTED_EDGE ( 'NONE', *, *, #1335, .T. ) ;
#461 = CARTESIAN_POINT ( 'NONE',  ( 454.3335960202783212, -1347.000000000000000, 1026.000000000176215 ) ) ;
#462 = CARTESIAN_POINT ( 'NONE',  ( 429.0002626870000313, -1377.000000000000000, 1081.290926197000090 ) ) ;
#463 = EDGE_CURVE ( 'NONE', #606, #962, #1571, .T. ) ;
#464 = DIRECTION ( 'NONE',  ( 0.000000000000000000, -1.000000000000000000, 0.000000000000000000 ) ) ;
#465 = ORIENTED_EDGE ( 'NONE', *, *, #428, .F. ) ;
#466 = DIRECTION ( 'NONE',  ( 0.000000000000000000, 1.000000000000000000, 0.000000000000000000 ) ) ;
#467 = DIRECTION ( 'NONE',  ( 0.000000000000000000, 0.000000000000000000, -1.000000000000000000 ) ) ;
#468 = VERTEX_POINT ( 'NONE', #622 ) ;
#469 = CARTESIAN_POINT ( 'NONE',  ( 432.0002626870000313, -1397.000000000000000, 1249.000000000000000 ) ) ;
#470 = DIRECTION ( 'NONE',  ( -1.000000000000000000, 0.000000000000000000, 0.000000000000000000 ) ) ;
#471 = DIRECTION ( 'NONE',  ( 0.000000000000000000, -1.000000000000000000, 0.000000000000000000 ) ) ;
#472 = EDGE_CURVE ( 'NONE', #1426, #585, #1008, .T. ) ;
#473 = CARTESIAN_POINT ( 'NONE',  ( 470.0002626870000313, -1397.000000000000000, 1042.000000000000000 ) ) ;
#474 = UNCERTAINTY_MEASURE_WITH_UNIT (LENGTH_MEASURE( 1.000000000000000082E-05 ), #746, 'distance_accuracy_value', 'NONE');
#475 = EDGE_LOOP ( 'NONE', ( #589, #855, #1618, #1376, #807, #514, #1454, #260, #1144, #1504, #1423, #135, #1580, #1531, #932, #1088, #978, #1373 ) ) ;
#476 = DIRECTION ( 'NONE',  ( 1.000000000000000000, 0.000000000000000000, 0.000000000000000000 ) ) ;
#477 = ORIENTED_EDGE ( 'NONE', *, *, #1183, .F. ) ;
#478 = DIRECTION ( 'NONE',  ( 0.000000000000000000, 1.000000000000000000, 0.000000000000000000 ) ) ;
#479 = DIRECTION ( 'NONE',  ( 0.000000000000000000, 0.000000000000000000, -1.000000000000000000 ) ) ;
#480 =( GEOMETRIC_REPRESENTATION_CONTEXT ( 3 ) GLOBAL_UNCERTAINTY_ASSIGNED_CONTEXT ( ( #1447 ) ) GLOBAL_UNIT_ASSIGNED_CONTEXT ( ( #926, #943, #1060 ) ) REPRESENTATION_CONTEXT ( 'NONE', 'WORKASPACE' ) );
#481 = DIRECTION ( 'NONE',  ( 1.000000000000000000, 0.000000000000000000, 0.000000000000000000 ) ) ;
#482 = VECTOR ( 'NONE', #1431, 1000.000000000000000 ) ;
#483 = VECTOR ( 'NONE', #645, 1000.000000000000000 ) ;
#484 = CARTESIAN_POINT ( 'NONE',  ( 451.0000000000000000, -1394.000000000000000, 1056.290926196999862 ) ) ;
#485 = COLOUR_RGB ( '',1.000000000000000000, 1.000000000000000000, 1.000000000000000000 ) ;
#486 = EDGE_LOOP ( 'NONE', ( #1645, #915, #1007, #563 ) ) ;
#487 = CARTESIAN_POINT ( 'NONE',  ( 432.0002626870000313, -1347.000000000000000, 1042.000000000000000 ) ) ;
#488 = EDGE_CURVE ( 'NONE', #1330, #448, #635, .T. ) ;
#489 = CARTESIAN_POINT ( 'NONE',  ( 473.0002626870000313, -1353.000000000000000, 1248.171572875250149 ) ) ;
#490 = ORIENTED_EDGE ( 'NONE', *, *, #1676, .T. ) ;
#491 = CARTESIAN_POINT ( 'NONE',  ( 475.7669631299232833, -1351.343145751253587, 1249.000000000000000 ) ) ;
#492 = B_SPLINE_CURVE_WITH_KNOTS ( 'NONE', 3,
 ( #433, #864, #999, #1036 ),
 .UNSPECIFIED., .F., .F.,
 ( 4, 4 ),
 ( 0.006178537930749822271, 0.9937548753633058674 ),
 .UNSPECIFIED. ) ;
#493 = LINE ( 'NONE', #624, #1270 ) ;
#494 = DIRECTION ( 'NONE',  ( 0.000000000000000000, 0.000000000000000000, 1.000000000000000000 ) ) ;
#495 = DIRECTION ( 'NONE',  ( 1.000000000000000000, 0.000000000000000000, 0.000000000000000000 ) ) ;
#496 = VERTEX_POINT ( 'NONE', #372 ) ;
#497 = EDGE_CURVE ( 'NONE', #87, #1057, #1401, .T. ) ;
#498 = ORIENTED_EDGE ( 'NONE', *, *, #640, .T. ) ;
#499 = CARTESIAN_POINT ( 'NONE',  ( 441.0002626870732456, -1397.000000000000000, 1042.000000000028649 ) ) ;
#500 = DIRECTION ( 'NONE',  ( 0.000000000000000000, -1.000000000000000000, 0.000000000000000000 ) ) ;
#501 =( NAMED_UNIT ( * ) SI_UNIT ( $, .STERADIAN. ) SOLID_ANGLE_UNIT ( ) );
#502 = EDGE_LOOP ( 'NONE', ( #1695, #727, #1308, #1096 ) ) ;
#503 = VERTEX_POINT ( 'NONE', #202 ) ;
#504 = ADVANCED_FACE ( 'NONE', ( #1692, #893, #1413 ), #106, .F. ) ;
#505 = CARTESIAN_POINT ( 'NONE',  ( 473.0002626870000313, -1363.500000000000000, 1159.000000000000000 ) ) ;
#506 = SURFACE_SIDE_STYLE ('',( #615 ) ) ;
#507 = ADVANCED_FACE ( 'NONE', ( #1444 ), #911, .F. ) ;
#508 = DIRECTION ( 'NONE',  ( 0.000000000000000000, 0.000000000000000000, 1.000000000000000000 ) ) ;
#509 = VECTOR ( 'NONE', #555, 1000.000000000000000 ) ;
#510 = STYLED_ITEM ( 'NONE', ( #1285 ), #723 ) ;
#511 = AXIS2_PLACEMENT_3D ( 'NONE', #1346, #1634, #409 ) ;
#512 = CIRCLE ( 'NONE', #538, 4.999999999999893419 ) ;
#513 = AXIS2_PLACEMENT_3D ( 'NONE', #937, #786, #1590 ) ;
#514 = ORIENTED_EDGE ( 'NONE', *, *, #245, .F. ) ;
#515 = STYLED_ITEM ( 'NONE', ( #1464 ), #1302 ) ;
#516 = ORIENTED_EDGE ( 'NONE', *, *, #1312, .T. ) ;
#517 = SURFACE_STYLE_USAGE ( .BOTH. , #256 ) ;
#518 = CARTESIAN_POINT ( 'NONE',  ( 451.0000000000000000, -1397.000000000000000, 1056.290926196999862 ) ) ;
#519 = CARTESIAN_POINT ( 'NONE',  ( 476.0002626870000313, -1363.500000000000000, 1159.000000000000000 ) ) ;
#520 = EDGE_CURVE ( 'NONE', #1417, #859, #1601, .T. ) ;
#521 = DIRECTION ( 'NONE',  ( 0.000000000000000000, 0.7557190958428595673, 0.6548959063686768944 ) ) ;
#522 = ORIENTED_EDGE ( 'NONE', *, *, #882, .T. ) ;
#523 = ORIENTED_EDGE ( 'NONE', *, *, #1205, .T. ) ;
#524 = CARTESIAN_POINT ( 'NONE',  ( 472.9824178009193929, -1352.658569954081031, 1248.513002921918996 ) ) ;
#525 = DIRECTION ( 'NONE',  ( 0.000000000000000000, 0.000000000000000000, 1.000000000000000000 ) ) ;
#526 = SURFACE_STYLE_USAGE ( .BOTH. , #1196 ) ;
#527 = ADVANCED_FACE ( 'NONE', ( #666 ), #650, .T. ) ;
#528 = VERTEX_POINT ( 'NONE', #274 ) ;
#529 =( BOUNDED_CURVE ( )  B_SPLINE_CURVE ( 3, ( #901, #1135, #886, #1420 ),
 .UNSPECIFIED., .F., .T. ) 
 B_SPLINE_CURVE_WITH_KNOTS ( ( 4, 4 ),
 ( 4.671937835222944813, 4.712388980384726977 ),
 .UNSPECIFIED. ) 
 CURVE ( )  GEOMETRIC_REPRESENTATION_ITEM ( )  RATIONAL_B_SPLINE_CURVE ( ( 1.000000000000000000, 0.9998636467195660682, 0.9998636467195660682, 1.000000000000000000 ) ) 
 REPRESENTATION_ITEM ( '' )  );
#530 = EDGE_LOOP ( 'NONE', ( #465, #378 ) ) ;
#531 =( NAMED_UNIT ( * ) PLANE_ANGLE_UNIT ( ) SI_UNIT ( $, .RADIAN. ) );
#532 = DIRECTION ( 'NONE',  ( 0.000000000000000000, 0.000000000000000000, -1.000000000000000000 ) ) ;
#533 = DIRECTION ( 'NONE',  ( 0.000000000000000000, 0.7071067811675449954, 0.7071067812055500390 ) ) ;
#534 = VECTOR ( 'NONE', #667, 1000.000000000000000 ) ;
#535 = ORIENTED_EDGE ( 'NONE', *, *, #1365, .T. ) ;
#536 = AXIS2_PLACEMENT_3D ( 'NONE', #1455, #265, #808 ) ;
#537 =( GEOMETRIC_REPRESENTATION_CONTEXT ( 3 ) GLOBAL_UNCERTAINTY_ASSIGNED_CONTEXT ( ( #689 ) ) GLOBAL_UNIT_ASSIGNED_CONTEXT ( ( #141, #678, #19 ) ) REPRESENTATION_CONTEXT ( 'NONE', 'WORKASPACE' ) );
#538 = AXIS2_PLACEMENT_3D ( 'NONE', #208, #608, #1143 ) ;
#539 = STYLED_ITEM ( 'NONE', ( #1052 ), #333 ) ;
#540 = ORIENTED_EDGE ( 'NONE', *, *, #438, .T. ) ;
#541 = ADVANCED_FACE ( 'NONE', ( #917 ), #1087, .F. ) ;
#542 = LINE ( 'NONE', #795, #1699 ) ;
#543 = AXIS2_PLACEMENT_3D ( 'NONE', #576, #1619, #319 ) ;
#544 = DIRECTION ( 'NONE',  ( -1.000000000000000000, 0.000000000000000000, 0.000000000000000000 ) ) ;
#545 = UNCERTAINTY_MEASURE_WITH_UNIT (LENGTH_MEASURE( 1.000000000000000082E-05 ), #1644, 'distance_accuracy_value', 'NONE');
#546 = ORIENTED_EDGE ( 'NONE', *, *, #1615, .F. ) ;
#547 = CARTESIAN_POINT ( 'NONE',  ( 500.0002626870000313, -1351.343145751253587, 1247.000000000000000 ) ) ;
#548 = ADVANCED_FACE ( 'NONE', ( #112, #136, #1182 ), #925, .T. ) ;
#549 = LINE ( 'NONE', #412, #116 ) ;
#550 = DIRECTION ( 'NONE',  ( 0.000000000000000000, -1.000000000000000000, 0.000000000000000000 ) ) ;
#551 = CARTESIAN_POINT ( 'NONE',  ( 473.0002626870033851, -1352.919009203976202, 1248.252563672023371 ) ) ;
#552 = SURFACE_STYLE_FILL_AREA ( #1228 ) ;
#553 = CARTESIAN_POINT ( 'NONE',  ( 456.0000000000000000, -1394.000000000000000, 1056.290926196999862 ) ) ;
#554 = VERTEX_POINT ( 'NONE', #395 ) ;
#555 = DIRECTION ( 'NONE',  ( -1.000000000000000000, 0.000000000000000000, 0.000000000000000000 ) ) ;
#556 = ORIENTED_EDGE ( 'NONE', *, *, #1232, .T. ) ;
#557 = DIRECTION ( 'NONE',  ( 0.000000000000000000, 1.000000000000000000, 0.000000000000000000 ) ) ;
#558 = EDGE_CURVE ( 'NONE', #1253, #448, #686, .T. ) ;
#559 = EDGE_CURVE ( 'NONE', #792, #221, #1304, .T. ) ;
#560 = DIRECTION ( 'NONE',  ( 1.000000000000000000, 0.000000000000000000, 0.000000000000000000 ) ) ;
#561 = FILL_AREA_STYLE_COLOUR ( '', #236 ) ;
#562 = CIRCLE ( 'NONE', #1070, 4.999999999999893419 ) ;
#563 = ORIENTED_EDGE ( 'NONE', *, *, #212, .T. ) ;
#564 = FACE_OUTER_BOUND ( 'NONE', #34, .T. ) ;
#565 = CIRCLE ( 'NONE', #1236, 4.999999999999893419 ) ;
#566 = VECTOR ( 'NONE', #1421, 1000.000000000000000 ) ;
#567 = DIRECTION ( 'NONE',  ( 1.000000000000000000, 0.000000000000000000, 0.000000000000000000 ) ) ;
#568 = ORIENTED_EDGE ( 'NONE', *, *, #1623, .F. ) ;
#569 = CIRCLE ( 'NONE', #1573, 4.999999999999893419 ) ;
#570 = DIRECTION ( 'NONE',  ( 0.000000000000000000, -1.000000000000000000, 0.000000000000000000 ) ) ;
#571 = VECTOR ( 'NONE', #1148, 1000.000000000000000 ) ;
#572 = ADVANCED_FACE ( 'NONE', ( #564 ), #430, .F. ) ;
#573 =( NAMED_UNIT ( * ) SI_UNIT ( $, .STERADIAN. ) SOLID_ANGLE_UNIT ( ) );
#574 = DIRECTION ( 'NONE',  ( 1.000000000000000000, 0.000000000000000000, 0.000000000000000000 ) ) ;
#575 = VERTEX_POINT ( 'NONE', #190 ) ;
#576 = CARTESIAN_POINT ( 'NONE',  ( 470.0002626870000313, -1391.000000000000000, 1249.000000000000000 ) ) ;
#577 = DIRECTION ( 'NONE',  ( 0.000000000000000000, -1.000000000000000000, 0.000000000000000000 ) ) ;
#578 = ORIENTED_EDGE ( 'NONE', *, *, #1133, .T. ) ;
#579 = CARTESIAN_POINT ( 'NONE',  ( 476.0002626870000313, -1377.000000000000000, 1081.290926197000090 ) ) ;
#580 = CARTESIAN_POINT ( 'NONE',  ( 451.0000000000000000, -1397.000000000000000, 1106.290926197000090 ) ) ;
#581 = ADVANCED_FACE ( 'NONE', ( #853 ), #162, .T. ) ;
#582 = ORIENTED_EDGE ( 'NONE', *, *, #245, .T. ) ;
#583 = CARTESIAN_POINT ( 'NONE',  ( 475.8038827587796504, -1351.471644947993354, 1249.000000000000000 ) ) ;
#584 = DIRECTION ( 'NONE',  ( 0.000000000000000000, 0.000000000000000000, 1.000000000000000000 ) ) ;
#585 = VERTEX_POINT ( 'NONE', #725 ) ;
#586 = CARTESIAN_POINT ( 'NONE',  ( 441.0002626870684708, -1350.000000000000000, 1042.000000000244654 ) ) ;
#587 = CARTESIAN_POINT ( 'NONE',  ( 476.0002626870000313, -1372.000000000000000, 1081.290926197000090 ) ) ;
#588 = DIRECTION ( 'NONE',  ( 1.000000000000000000, 0.000000000000000000, 0.000000000000000000 ) ) ;
#589 = ORIENTED_EDGE ( 'NONE', *, *, #255, .F. ) ;
#590 = CARTESIAN_POINT ( 'NONE',  ( 475.9850300186553795, -1352.558649125555348, 1248.593741693055108 ) ) ;
#591 = CIRCLE ( 'NONE', #1014, 4.999999999999893419 ) ;
#592 = EDGE_CURVE ( 'NONE', #1669, #528, #1433, .T. ) ;
#593 = DIRECTION ( 'NONE',  ( 0.000000000000000000, 0.000000000000000000, -1.000000000000000000 ) ) ;
#594 = ORIENTED_EDGE ( 'NONE', *, *, #139, .F. ) ;
#595 = VECTOR ( 'NONE', #1659, 1000.000000000000000 ) ;
#596 = VECTOR ( 'NONE', #132, 1000.000000000000000 ) ;
#597 = CARTESIAN_POINT ( 'NONE',  ( 473.0002626870000313, -1391.000000000000000, 1248.999999999980218 ) ) ;
#598 = AXIS2_PLACEMENT_3D ( 'NONE', #45, #426, #1624 ) ;
#599 = AXIS2_PLACEMENT_3D ( 'NONE', #230, #470, #1009 ) ;
#600 = PRESENTATION_LAYER_ASSIGNMENT (  '', '', ( #1706 ) ) ;
#601 = DIRECTION ( 'NONE',  ( 1.000000000000000000, 0.000000000000000000, 0.000000000000000000 ) ) ;
#602 = PRESENTATION_LAYER_ASSIGNMENT (  '', '', ( #1700 ) ) ;
#603 = AXIS2_PLACEMENT_3D ( 'NONE', #1075, #1337, #401 ) ;
#604 = ORIENTED_EDGE ( 'NONE', *, *, #282, .T. ) ;
#605 = DIRECTION ( 'NONE',  ( 1.000000000000000000, 0.000000000000000000, 0.000000000000000000 ) ) ;
#606 = VERTEX_POINT ( 'NONE', #54 ) ;
#607 = DIRECTION ( 'NONE',  ( 0.000000000000000000, 0.000000000000000000, 1.000000000000000000 ) ) ;
#608 = DIRECTION ( 'NONE',  ( -0.000000000000000000, 1.000000000000000000, -0.000000000000000000 ) ) ;
#609 = ORIENTED_EDGE ( 'NONE', *, *, #1150, .F. ) ;
#610 = LINE ( 'NONE', #881, #1262 ) ;
#611 = DIRECTION ( 'NONE',  ( 1.000000000000000000, 0.000000000000000000, 0.000000000000000000 ) ) ;
#612 = EDGE_LOOP ( 'NONE', ( #119, #197, #201, #829 ) ) ;
#613 = CARTESIAN_POINT ( 'NONE',  ( 1591.000262687000031, -1397.000000000000000, -250.0000000000000000 ) ) ;
#614 = SURFACE_STYLE_USAGE ( .BOTH. , #1280 ) ;
#615 = SURFACE_STYLE_FILL_AREA ( #765 ) ;
#616 = CARTESIAN_POINT ( 'NONE',  ( 476.0002626870000313, -1353.000000000000000, 1248.171572875999800 ) ) ;
#617 = UNCERTAINTY_MEASURE_WITH_UNIT (LENGTH_MEASURE( 1.000000000000000082E-05 ), #992, 'distance_accuracy_value', 'NONE');
#618 = EDGE_LOOP ( 'NONE', ( #1358, #1432, #1339, #1542 ) ) ;
#619 =( NAMED_UNIT ( * ) PLANE_ANGLE_UNIT ( ) SI_UNIT ( $, .RADIAN. ) );
#620 = DIRECTION ( 'NONE',  ( 0.000000000000000000, -0.7071067811675449954, -0.7071067812055500390 ) ) ;
#621 = ORIENTED_EDGE ( 'NONE', *, *, #990, .F. ) ;
#622 = CARTESIAN_POINT ( 'NONE',  ( 426.0002626870000313, -1353.000000000000000, 1042.000000000000000 ) ) ;
#623 = AXIS2_PLACEMENT_3D ( 'NONE', #1668, #227, #1654 ) ;
#624 = CARTESIAN_POINT ( 'NONE',  ( 426.0002626870000313, -1353.000000000000000, 1249.000000000000000 ) ) ;
#625 = CIRCLE ( 'NONE', #1678, 3.000000000000002665 ) ;
#626 = LINE ( 'NONE', #1162, #483 ) ;
#627 = MECHANICAL_DESIGN_GEOMETRIC_PRESENTATION_REPRESENTATION (  '', ( #959 ), #844 ) ;
#628 = CARTESIAN_POINT ( 'NONE',  ( 426.0002626870000313, -1391.000000000000000, 1042.000000000000000 ) ) ;
#629 = AXIS2_PLACEMENT_3D ( 'NONE', #72, #1671, #330 ) ;
#630 = EDGE_CURVE ( 'NONE', #448, #297, #1284, .T. ) ;
#631 = ORIENTED_EDGE ( 'NONE', *, *, #1396, .T. ) ;
#632 =( NAMED_UNIT ( * ) SI_UNIT ( $, .STERADIAN. ) SOLID_ANGLE_UNIT ( ) );
#633 = DIRECTION ( 'NONE',  ( -1.000000000000000000, 0.000000000000000000, 0.000000000000000000 ) ) ;
#634 = ORIENTED_EDGE ( 'NONE', *, *, #1430, .T. ) ;
#635 = LINE ( 'NONE', #1030, #1626 ) ;
#636 = DIRECTION ( 'NONE',  ( 1.000000000000000000, 0.000000000000000000, 0.000000000000000000 ) ) ;
#637 = CARTESIAN_POINT ( 'NONE',  ( 451.0000000000000000, -1347.000000000000000, 1056.290926196999862 ) ) ;
#638 = CARTESIAN_POINT ( 'NONE',  ( 500.0002626870000313, -1482.000000000000000, 1042.000000000000000 ) ) ;
#639 = EDGE_LOOP ( 'NONE', ( #880, #344 ) ) ;
#640 = EDGE_CURVE ( 'NONE', #272, #712, #967, .T. ) ;
#641 = ORIENTED_EDGE ( 'NONE', *, *, #122, .T. ) ;
#642 = EDGE_CURVE ( 'NONE', #899, #1642, #991, .T. ) ;
#643 = CARTESIAN_POINT ( 'NONE',  ( 447.6669293542974515, -1397.000000000000000, 1025.999999999923830 ) ) ;
#644 = LINE ( 'NONE', #1194, #1294 ) ;
#645 = DIRECTION ( 'NONE',  ( 0.000000000000000000, 1.000000000000000000, 0.000000000000000000 ) ) ;
#646 = DIRECTION ( 'NONE',  ( 0.000000000000000000, 0.000000000000000000, 1.000000000000000000 ) ) ;
#647 = EDGE_LOOP ( 'NONE', ( #394, #104, #354, #1689, #892, #730 ) ) ;
#648 = UNCERTAINTY_MEASURE_WITH_UNIT (LENGTH_MEASURE( 1.000000000000000082E-05 ), #761, 'distance_accuracy_value', 'NONE');
#649 = ORIENTED_EDGE ( 'NONE', *, *, #945, .T. ) ;
#650 = CYLINDRICAL_SURFACE ( 'NONE', #1079, 2.000000000000001776 ) ;
#651 = EDGE_CURVE ( 'NONE', #1603, #701, #717, .T. ) ;
#652 = FACE_OUTER_BOUND ( 'NONE', #890, .T. ) ;
#653 = SURFACE_STYLE_USAGE ( .BOTH. , #13 ) ;
#654 = CARTESIAN_POINT ( 'NONE',  ( 451.0000000000000000, -1347.000000000000000, 1106.290926197000090 ) ) ;
#655 = AXIS2_PLACEMENT_3D ( 'NONE', #1241, #48, #146 ) ;
#656 = PRESENTATION_LAYER_ASSIGNMENT (  '', '', ( #1379 ) ) ;
#657 = VECTOR ( 'NONE', #798, 1000.000000000000000 ) ;
#658 = EDGE_LOOP ( 'NONE', ( #1207, #1049, #1239, #1126, #370, #390, #1035, #546, #1307, #1684, #182 ) ) ;
#659 = MECHANICAL_DESIGN_GEOMETRIC_PRESENTATION_REPRESENTATION (  '', ( #1412 ), #144 ) ;
#660 = ORIENTED_EDGE ( 'NONE', *, *, #767, .T. ) ;
#661 = CARTESIAN_POINT ( 'NONE',  ( 451.0000000000000000, -1347.000000000000000, 1106.290926197000090 ) ) ;
#662 = PRODUCT_DEFINITION ( 'Œ¥÷™', '', #1578, #317 ) ;
#663 = SURFACE_STYLE_FILL_AREA ( #1328 ) ;
#664 = EDGE_LOOP ( 'NONE', ( #78, #52, #1311, #134 ) ) ;
#665 = ORIENTED_EDGE ( 'NONE', *, *, #393, .F. ) ;
#666 = FACE_OUTER_BOUND ( 'NONE', #612, .T. ) ;
#667 = DIRECTION ( 'NONE',  ( 0.000000000000000000, -1.000000000000000000, 0.000000000000000000 ) ) ;
#668 = CARTESIAN_POINT ( 'NONE',  ( 451.0000000000000000, -1347.000000000000000, 1106.290926197000090 ) ) ;
#669 = FILL_AREA_STYLE_COLOUR ( '', #369 ) ;
#670 = EDGE_CURVE ( 'NONE', #1470, #554, #371, .T. ) ;
#671 =( LENGTH_UNIT ( ) NAMED_UNIT ( * ) SI_UNIT ( .MILLI., .METRE. ) );
#672 = VERTEX_POINT ( 'NONE', #986 ) ;
#673 = ORIENTED_EDGE ( 'NONE', *, *, #91, .F. ) ;
#674 = CARTESIAN_POINT ( 'NONE',  ( 470.0002626870000313, -1353.000000000000000, 1249.000000000000000 ) ) ;
#675 = CARTESIAN_POINT ( 'NONE',  ( 473.0002626870000313, -1377.000000000000000, 1081.290926197000090 ) ) ;
#676 = CARTESIAN_POINT ( 'NONE',  ( 476.0002626870000313, -1357.742640685059996, 1243.428932190689920 ) ) ;
#677 = CIRCLE ( 'NONE', #1647, 29.99999999999996447 ) ;
#678 =( NAMED_UNIT ( * ) PLANE_ANGLE_UNIT ( ) SI_UNIT ( $, .RADIAN. ) );
#679 = AXIS2_PLACEMENT_3D ( 'NONE', #1490, #813, #331 ) ;
#680 = ADVANCED_FACE ( 'NONE', ( #303 ), #834, .F. ) ;
#681 = VECTOR ( 'NONE', #1512, 1000.000000000000000 ) ;
#682 = CIRCLE ( 'NONE', #148, 4.999999999999893419 ) ;
#683 = ORIENTED_EDGE ( 'NONE', *, *, #1577, .F. ) ;
#684 = VECTOR ( 'NONE', #557, 1000.000000000000000 ) ;
#685 = LINE ( 'NONE', #1095, #982 ) ;
#686 = CIRCLE ( 'NONE', #93, 6.000000000000005329 ) ;
#687 = CYLINDRICAL_SURFACE ( 'NONE', #1545, 5.000000000000004441 ) ;
#688 = CARTESIAN_POINT ( 'NONE',  ( 447.6669293536231748, -1350.000000000000000, 1026.000000000049340 ) ) ;
#689 = UNCERTAINTY_MEASURE_WITH_UNIT (LENGTH_MEASURE( 1.000000000000000082E-05 ), #141, 'distance_accuracy_value', 'NONE');
#690 = FACE_OUTER_BOUND ( 'NONE', #475, .T. ) ;
#691 = EDGE_CURVE ( 'NONE', #1246, #966, #1468, .T. ) ;
#692 = ORIENTED_EDGE ( 'NONE', *, *, #1656, .F. ) ;
#693 = EDGE_CURVE ( 'NONE', #843, #745, #1653, .T. ) ;
#694 = PRESENTATION_STYLE_ASSIGNMENT (( #711 ) ) ;
#695 = ORIENTED_EDGE ( 'NONE', *, *, #870, .T. ) ;
#696 =( LENGTH_UNIT ( ) NAMED_UNIT ( * ) SI_UNIT ( .MILLI., .METRE. ) );
#697 = PRESENTATION_STYLE_ASSIGNMENT (( #1363 ) ) ;
#698 = LINE ( 'NONE', #1617, #451 ) ;
#699 = APPLICATION_CONTEXT ( 'automotive_design' ) ;
#700 = EDGE_LOOP ( 'NONE', ( #1130, #1443, #1534, #1026, #1360, #1390 ) ) ;
#701 = VERTEX_POINT ( 'NONE', #1398 ) ;
#702 = FILL_AREA_STYLE ('',( #713 ) ) ;
#703 = EDGE_CURVE ( 'NONE', #189, #1078, #1138, .T. ) ;
#704 = DIRECTION ( 'NONE',  ( 1.000000000000000000, 0.000000000000000000, 0.000000000000000000 ) ) ;
#705 = PLANE ( 'NONE',  #984 ) ;
#706 = AXIS2_PLACEMENT_3D ( 'NONE', #996, #1154, #1524 ) ;
#707 = AXIS2_PLACEMENT_3D ( 'NONE', #977, #584, #172 ) ;
#708 = EDGE_LOOP ( 'NONE', ( #1242, #241 ) ) ;
#709 = AXIS2_PLACEMENT_3D ( 'NONE', #1486, #434, #601 ) ;
#710 = VECTOR ( 'NONE', #525, 1000.000000000000000 ) ;
#711 = SURFACE_STYLE_USAGE ( .BOTH. , #820 ) ;
#712 = VERTEX_POINT ( 'NONE', #995 ) ;
#713 = FILL_AREA_STYLE_COLOUR ( '', #1023 ) ;
#714 = EDGE_CURVE ( 'NONE', #1093, #402, #610, .T. ) ;
#715 = FACE_BOUND ( 'NONE', #1230, .T. ) ;
#716 = VERTEX_POINT ( 'NONE', #65 ) ;
#717 = LINE ( 'NONE', #42, #450 ) ;
#718 = FACE_BOUND ( 'NONE', #1492, .T. ) ;
#719 = ORIENTED_EDGE ( 'NONE', *, *, #826, .F. ) ;
#720 =( NAMED_UNIT ( * ) PLANE_ANGLE_UNIT ( ) SI_UNIT ( $, .RADIAN. ) );
#721 = CARTESIAN_POINT ( 'NONE',  ( 473.0002626870000313, -1353.000000000000000, 1248.171572875749916 ) ) ;
#722 = LINE ( 'NONE', #972, #1541 ) ;
#723 = ADVANCED_FACE ( 'NONE', ( #1005 ), #1532, .F. ) ;
#724 = EDGE_LOOP ( 'NONE', ( #719, #846, #305, #641 ) ) ;
#725 = CARTESIAN_POINT ( 'NONE',  ( 476.0002626870000313, -1391.000000000000000, 1042.000000000000000 ) ) ;
#726 = DIRECTION ( 'NONE',  ( 0.000000000000000000, 0.000000000000000000, -1.000000000000000000 ) ) ;
#727 = ORIENTED_EDGE ( 'NONE', *, *, #452, .F. ) ;
#728 = DIRECTION ( 'NONE',  ( -0.000000000000000000, 1.000000000000000000, -0.000000000000000000 ) ) ;
#729 =( NAMED_UNIT ( * ) PLANE_ANGLE_UNIT ( ) SI_UNIT ( $, .RADIAN. ) );
#730 = ORIENTED_EDGE ( 'NONE', *, *, #91, .T. ) ;
#731 = VECTOR ( 'NONE', #476, 1000.000000000000000 ) ;
#732 = LINE ( 'NONE', #489, #171 ) ;
#733 = ORIENTED_EDGE ( 'NONE', *, *, #472, .T. ) ;
#734 = CARTESIAN_POINT ( 'NONE',  ( 454.3335960206146069, -1393.999999999999773, 1026.000000000983846 ) ) ;
#735 = FACE_OUTER_BOUND ( 'NONE', #413, .T. ) ;
#736 = VECTOR ( 'NONE', #1038, 1000.000000000000000 ) ;
#737 = CARTESIAN_POINT ( 'NONE',  ( 500.0002626870000313, -1482.000000000000000, 1249.000000000000000 ) ) ;
#738 = STYLED_ITEM ( 'NONE', ( #424 ), #406 ) ;
#739 = SURFACE_STYLE_FILL_AREA ( #888 ) ;
#740 = PRESENTATION_LAYER_ASSIGNMENT (  '', '', ( #1274 ) ) ;
#741 = VERTEX_POINT ( 'NONE', #455 ) ;
#742 =( LENGTH_UNIT ( ) NAMED_UNIT ( * ) SI_UNIT ( .MILLI., .METRE. ) );
#743 = EDGE_CURVE ( 'NONE', #129, #403, #722, .T. ) ;
#744 = LINE ( 'NONE', #1391, #731 ) ;
#745 = VERTEX_POINT ( 'NONE', #167 ) ;
#746 =( LENGTH_UNIT ( ) NAMED_UNIT ( * ) SI_UNIT ( .MILLI., .METRE. ) );
#747 = FACE_OUTER_BOUND ( 'NONE', #1661, .T. ) ;
#748 = PLANE ( 'NONE',  #121 ) ;
#749 = VERTEX_POINT ( 'NONE', #850 ) ;
#750 = DIRECTION ( 'NONE',  ( 1.000000000000000000, 0.000000000000000000, 0.000000000000000000 ) ) ;
#751 = CARTESIAN_POINT ( 'NONE',  ( 476.0002626870000313, -1359.500000000000000, 1159.000000000000000 ) ) ;
#752 = ORIENTED_EDGE ( 'NONE', *, *, #1485, .T. ) ;
#753 = DIRECTION ( 'NONE',  ( -1.000000000000000000, 0.000000000000000000, 0.000000000000000000 ) ) ;
#754 = DIRECTION ( 'NONE',  ( 0.000000000000000000, -1.000000000000000000, 0.000000000000000000 ) ) ;
#755 = DIRECTION ( 'NONE',  ( -1.000000000000000000, 0.000000000000000000, 0.000000000000000000 ) ) ;
#756 = EDGE_CURVE ( 'NONE', #129, #1065, #175, .T. ) ;
#757 = VERTEX_POINT ( 'NONE', #993 ) ;
#758 = CARTESIAN_POINT ( 'NONE',  ( 447.6669293536738792, -1397.000000000000000, 1025.999999999929969 ) ) ;
#759 = CARTESIAN_POINT ( 'NONE',  ( 429.0002626870000313, -1391.000000000000000, 1249.000000000000000 ) ) ;
#760 = ORIENTED_EDGE ( 'NONE', *, *, #670, .F. ) ;
#761 =( LENGTH_UNIT ( ) NAMED_UNIT ( * ) SI_UNIT ( .MILLI., .METRE. ) );
#762 = MECHANICAL_DESIGN_GEOMETRIC_PRESENTATION_REPRESENTATION (  '', ( #1540 ), #1209 ) ;
#763 = FACE_OUTER_BOUND ( 'NONE', #1579, .T. ) ;
#764 = CLOSED_SHELL ( 'NONE', ( #406, #1053, #1267, #1564, #1605, #1255, #1216, #1128, #1408, #1367, #375, #1554, #894, #1099, #53, #1291, #1244, #541, #1665, #8, #416, #1027, #20, #572, #947, #71, #1466, #797, #548, #504, #447, #1090, #333, #723, #857, #680, #110, #507, #82, #527, #581 ) ) ;
#765 = FILL_AREA_STYLE ('',( #1303 ) ) ;
#766 = AXIS2_PLACEMENT_3D ( 'NONE', #180, #1245, #188 ) ;
#767 = EDGE_CURVE ( 'NONE', #254, #1093, #1704, .T. ) ;
#768 = DIRECTION ( 'NONE',  ( 1.000000000000000000, 0.000000000000000000, 0.000000000000000000 ) ) ;
#769 = VECTOR ( 'NONE', #1094, 1000.000000000000000 ) ;
#770 = EDGE_LOOP ( 'NONE', ( #368, #273, #692, #1029, #1137, #279, #523, #441, #318, #733, #64, #1397 ) ) ;
#771 = ORIENTED_EDGE ( 'NONE', *, *, #154, .T. ) ;
#772 = CARTESIAN_POINT ( 'NONE',  ( 454.3335960206146069, -1397.000000000000000, 1026.000000000983846 ) ) ;
#773 = CARTESIAN_POINT ( 'NONE',  ( 474.0002626870000313, -1393.500000000000000, 1229.353122809000070 ) ) ;
#774 = DIRECTION ( 'NONE',  ( 0.000000000000000000, 0.000000000000000000, 1.000000000000000000 ) ) ;
#775 = CARTESIAN_POINT ( 'NONE',  ( 432.0002626870000313, -1394.000000000000000, 1042.000000000000000 ) ) ;
#776 = ORIENTED_EDGE ( 'NONE', *, *, #592, .T. ) ;
#777 = EDGE_CURVE ( 'NONE', #432, #468, #964, .T. ) ;
#778 = ORIENTED_EDGE ( 'NONE', *, *, #976, .T. ) ;
#779 = DIRECTION ( 'NONE',  ( 0.000000000000000000, 1.000000000000000000, 0.000000000000000000 ) ) ;
#780 = LINE ( 'NONE', #350, #145 ) ;
#781 = B_SPLINE_CURVE_WITH_KNOTS ( 'NONE', 3,
 ( #1172, #1527, #895, #1031 ),
 .UNSPECIFIED., .F., .F.,
 ( 4, 4 ),
 ( 0.000000000000000000, 1.000000000000000000 ),
 .UNSPECIFIED. ) ;
#782 = ORIENTED_EDGE ( 'NONE', *, *, #955, .T. ) ;
#783 = UNCERTAINTY_MEASURE_WITH_UNIT (LENGTH_MEASURE( 1.000000000000000082E-05 ), #1332, 'distance_accuracy_value', 'NONE');
#784 = ORIENTED_EDGE ( 'NONE', *, *, #393, .T. ) ;
#785 = CARTESIAN_POINT ( 'NONE',  ( 472.8945519423308497, -1352.200125779321752, 1248.811923750172355 ) ) ;
#786 = DIRECTION ( 'NONE',  ( 0.000000000000000000, 0.000000000000000000, 1.000000000000000000 ) ) ;
#787 = CYLINDRICAL_SURFACE ( 'NONE', #396, 5.000000000000004441 ) ;
#788 = CIRCLE ( 'NONE', #9, 4.999999999999893419 ) ;
#789 = CIRCLE ( 'NONE', #423, 4.999999999999893419 ) ;
#790 = MECHANICAL_DESIGN_GEOMETRIC_PRESENTATION_REPRESENTATION (  '', ( #515 ), #480 ) ;
#791 = ORIENTED_EDGE ( 'NONE', *, *, #1252, .F. ) ;
#792 = VERTEX_POINT ( 'NONE', #1227 ) ;
#793 = FILL_AREA_STYLE ('',( #385 ) ) ;
#794 = AXIS2_PLACEMENT_3D ( 'NONE', #1585, #1345, #152 ) ;
#795 = CARTESIAN_POINT ( 'NONE',  ( 500.0002626870000313, -1371.760917098328036, 1249.000000000000000 ) ) ;
#796 = DIRECTION ( 'NONE',  ( 0.000000000000000000, 0.000000000000000000, 1.000000000000000000 ) ) ;
#797 = ADVANCED_FACE ( 'NONE', ( #1260, #715, #159 ), #1633, .T. ) ;
#798 = DIRECTION ( 'NONE',  ( 1.000000000000000000, 0.000000000000000000, 0.000000000000000000 ) ) ;
#799 = SURFACE_SIDE_STYLE ('',( #552 ) ) ;
#800 = ORIENTED_EDGE ( 'NONE', *, *, #1000, .T. ) ;
#801 = EDGE_LOOP ( 'NONE', ( #784, #994, #778, #1411 ) ) ;
#802 = CARTESIAN_POINT ( 'NONE',  ( 473.0002626870000313, -1372.000000000000000, 1081.290926197000090 ) ) ;
#803 = DIRECTION ( 'NONE',  ( -1.000000000000000000, 0.000000000000000000, 0.000000000000000000 ) ) ;
#804 = FILL_AREA_STYLE ('',( #1361 ) ) ;
#805 = EDGE_CURVE ( 'NONE', #1225, #1065, #316, .T. ) ;
#806 = CARTESIAN_POINT ( 'NONE',  ( 429.0002626870000313, -1372.000000000000000, 1081.290926197000090 ) ) ;
#807 = ORIENTED_EDGE ( 'NONE', *, *, #592, .F. ) ;
#808 = DIRECTION ( 'NONE',  ( -1.000000000000000000, 0.000000000000000000, 0.000000000000000000 ) ) ;
#809 = DIRECTION ( 'NONE',  ( -1.850371707708661024E-14, 1.000000000000000000, 0.000000000000000000 ) ) ;
#810 = EDGE_CURVE ( 'NONE', #606, #1081, #1381, .T. ) ;
#811 = COLOUR_RGB ( '',0.6274509803921568540, 0.6274509803921568540, 0.6431372549019607199 ) ;
#812 =( NAMED_UNIT ( * ) SI_UNIT ( $, .STERADIAN. ) SOLID_ANGLE_UNIT ( ) );
#813 = DIRECTION ( 'NONE',  ( 0.000000000000000000, -1.000000000000000000, 0.000000000000000000 ) ) ;
#814 = AXIS2_PLACEMENT_3D ( 'NONE', #345, #1424, #860 ) ;
#815 = CIRCLE ( 'NONE', #1682, 4.999999999999893419 ) ;
#816 = MECHANICAL_DESIGN_GEOMETRIC_PRESENTATION_REPRESENTATION (  '', ( #539 ), #238 ) ;
#817 = ORIENTED_EDGE ( 'NONE', *, *, #1003, .F. ) ;
#818 = CARTESIAN_POINT ( 'NONE',  ( 451.0000000000000000, -1350.000000000000000, 1056.290926196999862 ) ) ;
#819 = MECHANICAL_DESIGN_GEOMETRIC_PRESENTATION_REPRESENTATION (  '', ( #738 ), #1489 ) ;
#820 = SURFACE_SIDE_STYLE ('',( #280 ) ) ;
#821 = LINE ( 'NONE', #1450, #1327 ) ;
#822 = CARTESIAN_POINT ( 'NONE',  ( 446.0000000000000000, -1397.000000000000000, 1106.290926197000090 ) ) ;
#823 = DIRECTION ( 'NONE',  ( 0.000000000000000000, 0.000000000000000000, -1.000000000000000000 ) ) ;
#824 = ORIENTED_EDGE ( 'NONE', *, *, #1474, .T. ) ;
#825 = EDGE_LOOP ( 'NONE', ( #1106, #969 ) ) ;
#826 = EDGE_CURVE ( 'NONE', #792, #585, #1388, .T. ) ;
#827 = CARTESIAN_POINT ( 'NONE',  ( 475.9509433904408979, -1352.222517881025396, 1248.801087929785581 ) ) ;
#828 = CARTESIAN_POINT ( 'NONE',  ( 473.0002626870000313, -1372.000000000000000, 1081.290926197000090 ) ) ;
#829 = ORIENTED_EDGE ( 'NONE', *, *, #488, .F. ) ;
#830 = DIRECTION ( 'NONE',  ( 1.000000000000000000, 0.000000000000000000, 0.000000000000000000 ) ) ;
#831 = SURFACE_STYLE_FILL_AREA ( #1641 ) ;
#832 = FACE_OUTER_BOUND ( 'NONE', #252, .T. ) ;
#833 = ORIENTED_EDGE ( 'NONE', *, *, #187, .F. ) ;
#834 = CYLINDRICAL_SURFACE ( 'NONE', #814, 5.000000000000004441 ) ;
#835 = EDGE_CURVE ( 'NONE', #1603, #1694, #1677, .T. ) ;
#836 = CARTESIAN_POINT ( 'NONE',  ( 451.0000000000000000, -1350.000000000000000, 1106.290926197000090 ) ) ;
#837 = ORIENTED_EDGE ( 'NONE', *, *, #990, .T. ) ;
#838 = SURFACE_SIDE_STYLE ('',( #306 ) ) ;
#839 = CARTESIAN_POINT ( 'NONE',  ( 476.0002626870000313, -1391.000000000000000, 1249.000000000000000 ) ) ;
#840 = AXIS2_PLACEMENT_3D ( 'NONE', #518, #123, #107 ) ;
#841 =( GEOMETRIC_REPRESENTATION_CONTEXT ( 3 ) GLOBAL_UNCERTAINTY_ASSIGNED_CONTEXT ( ( #783 ) ) GLOBAL_UNIT_ASSIGNED_CONTEXT ( ( #1332, #531, #1471 ) ) REPRESENTATION_CONTEXT ( 'NONE', 'WORKASPACE' ) );
#842 = PRESENTATION_LAYER_ASSIGNMENT (  '', '', ( #1649 ) ) ;
#843 = VERTEX_POINT ( 'NONE', #1251 ) ;
#844 =( GEOMETRIC_REPRESENTATION_CONTEXT ( 3 ) GLOBAL_UNCERTAINTY_ASSIGNED_CONTEXT ( ( #435 ) ) GLOBAL_UNIT_ASSIGNED_CONTEXT ( ( #1371, #729, #573 ) ) REPRESENTATION_CONTEXT ( 'NONE', 'WORKASPACE' ) );
#845 = DIRECTION ( 'NONE',  ( 0.000000000000000000, -1.000000000000000000, 0.000000000000000000 ) ) ;
#846 = ORIENTED_EDGE ( 'NONE', *, *, #559, .T. ) ;
#847 = CARTESIAN_POINT ( 'NONE',  ( 451.0000000000000000, -1394.000000000000000, 1056.290926196999862 ) ) ;
#848 = PLANE ( 'NONE',  #1076 ) ;
#849 = EDGE_CURVE ( 'NONE', #403, #1225, #1045, .T. ) ;
#850 = CARTESIAN_POINT ( 'NONE',  ( 441.0002626870244740, -1350.000000000000000, 1042.000000000000000 ) ) ;
#851 = APPLICATION_CONTEXT ( 'automotive_design' ) ;
#852 = ORIENTED_EDGE ( 'NONE', *, *, #914, .T. ) ;
#853 = FACE_OUTER_BOUND ( 'NONE', #1200, .T. ) ;
#854 = CYLINDRICAL_SURFACE ( 'NONE', #17, 6.000000000000005329 ) ;
#855 = ORIENTED_EDGE ( 'NONE', *, *, #488, .T. ) ;
#856 = CARTESIAN_POINT ( 'NONE',  ( 446.0000000000000000, -1394.000000000000000, 1106.290926197000090 ) ) ;
#857 = ADVANCED_FACE ( 'NONE', ( #1422 ), #332, .F. ) ;
#858 = PRESENTATION_STYLE_ASSIGNMENT (( #1234 ) ) ;
#859 = VERTEX_POINT ( 'NONE', #897 ) ;
#860 = DIRECTION ( 'NONE',  ( 1.000000000000000000, 0.000000000000000000, 0.000000000000000000 ) ) ;
#861 = CARTESIAN_POINT ( 'NONE',  ( 470.0002626870000313, -1391.000000000000000, 1042.000000000000000 ) ) ;
#862 = ORIENTED_EDGE ( 'NONE', *, *, #924, .F. ) ;
#863 = CARTESIAN_POINT ( 'NONE',  ( 429.0002626870000313, -1353.000000000000000, 1042.000000000000000 ) ) ;
#864 = CARTESIAN_POINT ( 'NONE',  ( 454.3335960209740847, -1393.999999999999545, 1026.000000001858552 ) ) ;
#865 = FACE_OUTER_BOUND ( 'NONE', #664, .T. ) ;
#866 = FACE_OUTER_BOUND ( 'NONE', #1434, .T. ) ;
#867 = EDGE_CURVE ( 'NONE', #432, #1081, #1310, .T. ) ;
#868 = VERTEX_POINT ( 'NONE', #616 ) ;
#869 = SURFACE_STYLE_USAGE ( .BOTH. , #335 ) ;
#870 = EDGE_CURVE ( 'NONE', #933, #1392, #147, .T. ) ;
#871 = VECTOR ( 'NONE', #373, 1000.000000000000000 ) ;
#872 = LINE ( 'NONE', #408, #1082 ) ;
#873 = ORIENTED_EDGE ( 'NONE', *, *, #1314, .F. ) ;
#874 = CARTESIAN_POINT ( 'NONE',  ( 456.0000000000000000, -1394.000000000000000, 1056.290926196999862 ) ) ;
#875 = AXIS2_PLACEMENT_3D ( 'NONE', #878, #243, #108 ) ;
#876 = DIRECTION ( 'NONE',  ( 1.000000000000000000, 0.000000000000000000, 0.000000000000000000 ) ) ;
#877 = VECTOR ( 'NONE', #533, 1000.000000000000000 ) ;
#878 = CARTESIAN_POINT ( 'NONE',  ( 451.0000000000000000, -1397.000000000000000, 1056.290926196999862 ) ) ;
#879 = UNCERTAINTY_MEASURE_WITH_UNIT (LENGTH_MEASURE( 1.000000000000000082E-05 ), #380, 'distance_accuracy_value', 'NONE');
#880 = ORIENTED_EDGE ( 'NONE', *, *, #1044, .F. ) ;
#881 = CARTESIAN_POINT ( 'NONE',  ( 446.0000000000000000, -1397.000000000000000, 1106.290926197000090 ) ) ;
#882 = EDGE_CURVE ( 'NONE', #87, #1522, #789, .T. ) ;
#883 = DIRECTION ( 'NONE',  ( 0.000000000000000000, 1.000000000000000000, 0.000000000000000000 ) ) ;
#884 = ORIENTED_EDGE ( 'NONE', *, *, #1080, .T. ) ;
#885 = SURFACE_SIDE_STYLE ('',( #88 ) ) ;
#886 = CARTESIAN_POINT ( 'NONE',  ( 476.0002626870000881, -1352.919092193353663, 1248.252480682647047 ) ) ;
#887 = CARTESIAN_POINT ( 'NONE',  ( 470.0002626870000313, -1391.000000000000000, 1042.000000000000000 ) ) ;
#888 = FILL_AREA_STYLE ('',( #1275 ) ) ;
#889 = B_SPLINE_CURVE_WITH_KNOTS ( 'NONE', 3,
 ( #1472, #524, #1572, #1184, #785, #1581, #268, #912 ),
 .UNSPECIFIED., .F., .F.,
 ( 4, 2, 2, 4 ),
 ( 0.000000000000000000, 0.0004140990441626506082, 0.0008281980883253012163, 0.001656396176650836403 ),
 .UNSPECIFIED. ) ;
#890 = EDGE_LOOP ( 'NONE', ( #752, #214, #1287, #284 ) ) ;
#891 = CARTESIAN_POINT ( 'NONE',  ( 429.0002626870000313, -1353.000000000000000, 1249.000000000000000 ) ) ;
#892 = ORIENTED_EDGE ( 'NONE', *, *, #935, .T. ) ;
#893 = FACE_BOUND ( 'NONE', #169, .T. ) ;
#894 = ADVANCED_FACE ( 'NONE', ( #1164, #866 ), #1530, .T. ) ;
#895 = CARTESIAN_POINT ( 'NONE',  ( 447.6669293536231748, -1347.000000000000000, 1026.000000000049340 ) ) ;
#896 = CARTESIAN_POINT ( 'NONE',  ( 432.0002626870000313, -1391.000000000000000, 1042.000000000000000 ) ) ;
#897 = CARTESIAN_POINT ( 'NONE',  ( 473.0002626870000313, -1367.000000000000000, 1081.290926197000090 ) ) ;
#898 = ORIENTED_EDGE ( 'NONE', *, *, #777, .T. ) ;
#899 = VERTEX_POINT ( 'NONE', #1673 ) ;
#900 = CIRCLE ( 'NONE', #1592, 3.000000000000002665 ) ;
#901 = CARTESIAN_POINT ( 'NONE',  ( 475.9953544708942559, -1352.757359313626921, 1248.414213562373334 ) ) ;
#902 = AXIS2_PLACEMENT_3D ( 'NONE', #1254, #1476, #1637 ) ;
#903 = AXIS2_PLACEMENT_3D ( 'NONE', #244, #495, #1001 ) ;
#904 = DIRECTION ( 'NONE',  ( 0.000000000000000000, 1.000000000000000000, 0.000000000000000000 ) ) ;
#905 = AXIS2_PLACEMENT_3D ( 'NONE', #1686, #876, #1299 ) ;
#906 = CIRCLE ( 'NONE', #1077, 4.999999999999893419 ) ;
#907 = MECHANICAL_DESIGN_GEOMETRIC_PRESENTATION_REPRESENTATION (  '', ( #1700 ), #841 ) ;
#908 = EDGE_LOOP ( 'NONE', ( #634, #833, #898, #1547, #143, #161, #36, #1702, #540, #941, #1199, #771 ) ) ;
#909 = MECHANICAL_DESIGN_GEOMETRIC_PRESENTATION_REPRESENTATION (  '', ( #1274 ), #1685 ) ;
#910 = ORIENTED_EDGE ( 'NONE', *, *, #1491, .F. ) ;
#911 = CYLINDRICAL_SURFACE ( 'NONE', #1568, 5.000000000000004441 ) ;
#912 = CARTESIAN_POINT ( 'NONE',  ( 472.5012292998142129, -1351.343145751253587, 1249.000000000000000 ) ) ;
#913 = LINE ( 'NONE', #1558, #207 ) ;
#914 = EDGE_CURVE ( 'NONE', #1507, #247, #565, .T. ) ;
#915 = ORIENTED_EDGE ( 'NONE', *, *, #497, .T. ) ;
#916 = VERTEX_POINT ( 'NONE', #775 ) ;
#917 = FACE_OUTER_BOUND ( 'NONE', #1400, .T. ) ;
#918 = LINE ( 'NONE', #1202, #418 ) ;
#919 = DIRECTION ( 'NONE',  ( -1.000000000000000000, 0.000000000000000000, 0.000000000000000000 ) ) ;
#920 = DIRECTION ( 'NONE',  ( 0.000000000000000000, -1.000000000000000000, 0.000000000000000000 ) ) ;
#921 = PRODUCT_CONTEXT ( 'NONE', #851, 'mechanical' ) ;
#922 = ORIENTED_EDGE ( 'NONE', *, *, #253, .F. ) ;
#923 = ORIENTED_EDGE ( 'NONE', *, *, #1306, .T. ) ;
#924 = EDGE_CURVE ( 'NONE', #402, #1501, #512, .T. ) ;
#925 = PLANE ( 'NONE',  #536 ) ;
#926 =( LENGTH_UNIT ( ) NAMED_UNIT ( * ) SI_UNIT ( .MILLI., .METRE. ) );
#927 = DIRECTION ( 'NONE',  ( 0.000000000000000000, 0.000000000000000000, -1.000000000000000000 ) ) ;
#928 = VECTOR ( 'NONE', #290, 1000.000000000000000 ) ;
#929 = COLOUR_RGB ( '',0.6274509803921568540, 0.6274509803921568540, 0.6431372549019607199 ) ;
#930 =( LENGTH_UNIT ( ) NAMED_UNIT ( * ) SI_UNIT ( .MILLI., .METRE. ) );
#931 = CIRCLE ( 'NONE', #1160, 4.999999999999893419 ) ;
#932 = ORIENTED_EDGE ( 'NONE', *, *, #835, .F. ) ;
#933 = VERTEX_POINT ( 'NONE', #357 ) ;
#934 = PRESENTATION_STYLE_ASSIGNMENT (( #1315 ) ) ;
#935 = EDGE_CURVE ( 'NONE', #1694, #2, #364, .T. ) ;
#936 = CYLINDRICAL_SURFACE ( 'NONE', #1321, 30.00000000000002842 ) ;
#937 = CARTESIAN_POINT ( 'NONE',  ( 470.0002626870000313, -1391.000000000000000, 1249.000000000000000 ) ) ;
#938 = DIRECTION ( 'NONE',  ( 1.000000000000000000, 0.000000000000000000, 0.000000000000000000 ) ) ;
#939 = APPLICATION_PROTOCOL_DEFINITION ( 'draft international standard', 'automotive_design', 1998, #699 ) ;
#940 = DIRECTION ( 'NONE',  ( 1.000000000000000000, 0.000000000000000000, 0.000000000000000000 ) ) ;
#941 = ORIENTED_EDGE ( 'NONE', *, *, #1696, .F. ) ;
#942 =( NAMED_UNIT ( * ) SI_UNIT ( $, .STERADIAN. ) SOLID_ANGLE_UNIT ( ) );
#943 =( NAMED_UNIT ( * ) PLANE_ANGLE_UNIT ( ) SI_UNIT ( $, .RADIAN. ) );
#944 = DIRECTION ( 'NONE',  ( -0.000000000000000000, 1.000000000000000000, -0.000000000000000000 ) ) ;
#945 = EDGE_CURVE ( 'NONE', #716, #221, #232, .T. ) ;
#946 = CARTESIAN_POINT ( 'NONE',  ( 432.0002626870000313, -1397.000000000000000, 1042.000000000000000 ) ) ;
#947 = ADVANCED_FACE ( 'NONE', ( #217 ), #748, .F. ) ;
#948 =( NAMED_UNIT ( * ) SI_UNIT ( $, .STERADIAN. ) SOLID_ANGLE_UNIT ( ) );
#949 = VERTEX_POINT ( 'NONE', #83 ) ;
#950 = DIRECTION ( 'NONE',  ( 1.000000000000000000, 0.000000000000000000, 0.000000000000000000 ) ) ;
#951 = FACE_BOUND ( 'NONE', #639, .T. ) ;
#952 = ORIENTED_EDGE ( 'NONE', *, *, #234, .F. ) ;
#953 = LINE ( 'NONE', #1598, #1511 ) ;
#954 = DIRECTION ( 'NONE',  ( 0.000000000000000000, 0.000000000000000000, 1.000000000000000000 ) ) ;
#955 = EDGE_CURVE ( 'NONE', #859, #985, #1305, .T. ) ;
#956 = APPLICATION_PROTOCOL_DEFINITION ( 'draft international standard', 'automotive_design', 1998, #851 ) ;
#957 = CARTESIAN_POINT ( 'NONE',  ( 470.0002626870000313, -1394.000000000000000, 1249.000000000000000 ) ) ;
#958 = MECHANICAL_DESIGN_GEOMETRIC_PRESENTATION_REPRESENTATION (  '', ( #510 ), #1298 ) ;
#959 = STYLED_ITEM ( 'NONE', ( #858 ), #797 ) ;
#960 = VERTEX_POINT ( 'NONE', #6 ) ;
#961 = DIRECTION ( 'NONE',  ( 0.000000000000000000, -1.000000000000000000, 0.000000000000000000 ) ) ;
#962 = VERTEX_POINT ( 'NONE', #946 ) ;
#963 = CARTESIAN_POINT ( 'NONE',  ( 461.0002626869327855, -1350.000000000000000, 1042.000000000048658 ) ) ;
#964 = LINE ( 'NONE', #1495, #1157 ) ;
#965 = FACE_BOUND ( 'NONE', #825, .T. ) ;
#966 = VERTEX_POINT ( 'NONE', #1054 ) ;
#967 = LINE ( 'NONE', #1240, #769 ) ;
#968 = DIRECTION ( 'NONE',  ( 0.000000000000000000, 0.000000000000000000, -1.000000000000000000 ) ) ;
#969 = ORIENTED_EDGE ( 'NONE', *, *, #1485, .F. ) ;
#970 = FILL_AREA_STYLE_COLOUR ( '', #1354 ) ;
#971 = FACE_OUTER_BOUND ( 'NONE', #29, .T. ) ;
#972 = CARTESIAN_POINT ( 'NONE',  ( 426.0002626870000313, -1367.000000000000000, 1081.290926197000090 ) ) ;
#973 = DIRECTION ( 'NONE',  ( 0.000000000000000000, 0.000000000000000000, 1.000000000000000000 ) ) ;
#974 = VERTEX_POINT ( 'NONE', #400 ) ;
#975 = DIRECTION ( 'NONE',  ( -1.850371707708661024E-14, 1.000000000000000000, 0.000000000000000000 ) ) ;
#976 = EDGE_CURVE ( 'NONE', #1419, #554, #388, .T. ) ;
#977 = CARTESIAN_POINT ( 'NONE',  ( 470.0002626870000313, -1353.000000000000000, 1042.000000000000000 ) ) ;
#978 = ORIENTED_EDGE ( 'NONE', *, *, #642, .F. ) ;
#979 = CARTESIAN_POINT ( 'NONE',  ( 429.0002626870000313, -1367.000000000000000, 1081.290926197000090 ) ) ;
#980 = DIRECTION ( 'NONE',  ( 1.000000000000000000, 0.000000000000000000, 0.000000000000000000 ) ) ;
#981 = UNCERTAINTY_MEASURE_WITH_UNIT (LENGTH_MEASURE( 1.000000000000000082E-05 ), #120, 'distance_accuracy_value', 'NONE');
#982 = VECTOR ( 'NONE', #1218, 1000.000000000000000 ) ;
#983 = AXIS2_PLACEMENT_3D ( 'NONE', #1104, #28, #47 ) ;
#984 = AXIS2_PLACEMENT_3D ( 'NONE', #737, #973, #940 ) ;
#985 = VERTEX_POINT ( 'NONE', #1047 ) ;
#986 = CARTESIAN_POINT ( 'NONE',  ( 432.0002626870000313, -1350.000000000000227, 1042.000000000000000 ) ) ;
#987 = CARTESIAN_POINT ( 'NONE',  ( 441.0002626869999744, -1397.000000000000000, 1042.000000000000000 ) ) ;
#988 = ORIENTED_EDGE ( 'NONE', *, *, #1142, .T. ) ;
#989 = DIRECTION ( 'NONE',  ( -1.000000000000000000, 0.000000000000000000, 0.000000000000000000 ) ) ;
#990 = EDGE_CURVE ( 'NONE', #749, #496, #1055, .T. ) ;
#991 = CIRCLE ( 'NONE', #1134, 2.999999999999891642 ) ;
#992 =( LENGTH_UNIT ( ) NAMED_UNIT ( * ) SI_UNIT ( .MILLI., .METRE. ) );
#993 = CARTESIAN_POINT ( 'NONE',  ( 470.0002626870000881, -1394.000000000000000, 1042.000000000000000 ) ) ;
#994 = ORIENTED_EDGE ( 'NONE', *, *, #1044, .T. ) ;
#995 = CARTESIAN_POINT ( 'NONE',  ( 476.0002626870000313, -1359.500000000000000, 1159.000000000000000 ) ) ;
#996 = CARTESIAN_POINT ( 'NONE',  ( 474.0002626870000313, -1363.500000000000000, 1159.000000000000000 ) ) ;
#997 = ORIENTED_EDGE ( 'NONE', *, *, #767, .F. ) ;
#998 = CARTESIAN_POINT ( 'NONE',  ( 447.6669293536244822, -1350.000000000000000, 1025.999999999923602 ) ) ;
#999 = CARTESIAN_POINT ( 'NONE',  ( 447.6669293550240809, -1393.999999999999773, 1025.999999999929969 ) ) ;
#1000 = EDGE_CURVE ( 'NONE', #528, #1253, #1599, .T. ) ;
#1001 = DIRECTION ( 'NONE',  ( 0.000000000000000000, -0.7071067816057676758, 0.7071067807673272476 ) ) ;
#1002 = UNCERTAINTY_MEASURE_WITH_UNIT (LENGTH_MEASURE( 1.000000000000000082E-05 ), #326, 'distance_accuracy_value', 'NONE');
#1003 = EDGE_CURVE ( 'NONE', #1039, #868, #381, .T. ) ;
#1004 = ORIENTED_EDGE ( 'NONE', *, *, #1183, .T. ) ;
#1005 = FACE_OUTER_BOUND ( 'NONE', #1283, .T. ) ;
#1006 = DIRECTION ( 'NONE',  ( 1.000000000000000000, 0.000000000000000000, 0.000000000000000000 ) ) ;
#1007 = ORIENTED_EDGE ( 'NONE', *, *, #1314, .T. ) ;
#1008 = LINE ( 'NONE', #229, #210 ) ;
#1009 = DIRECTION ( 'NONE',  ( 0.000000000000000000, -1.000000000000000000, 0.000000000000000000 ) ) ;
#1010 = CARTESIAN_POINT ( 'NONE',  ( 461.0002626869874689, -1347.000000000000000, 1042.000000000000000 ) ) ;
#1011 = DIRECTION ( 'NONE',  ( 0.000000000000000000, -1.000000000000000000, 0.000000000000000000 ) ) ;
#1012 = EDGE_CURVE ( 'NONE', #192, #1320, #392, .T. ) ;
#1013 = ORIENTED_EDGE ( 'NONE', *, *, #1446, .F. ) ;
#1014 = AXIS2_PLACEMENT_3D ( 'NONE', #1316, #4, #113 ) ;
#1015 = LINE ( 'NONE', #751, #1456 ) ;
#1016 = EDGE_LOOP ( 'NONE', ( #1103, #1086, #1278, #522 ) ) ;
#1017 = CARTESIAN_POINT ( 'NONE',  ( 441.0002626880782373, -1397.000000000000000, 1041.999999997821533 ) ) ;
#1018 = VECTOR ( 'NONE', #1380, 1000.000000000000000 ) ;
#1019 = AXIS2_PLACEMENT_3D ( 'NONE', #224, #755, #216 ) ;
#1020 = DIRECTION ( 'NONE',  ( 0.000000000000000000, 1.000000000000000000, 0.000000000000000000 ) ) ;
#1021 = CIRCLE ( 'NONE', #1212, 6.000000000000005329 ) ;
#1022 = DIRECTION ( 'NONE',  ( -1.000000000000000000, 0.000000000000000000, 0.000000000000000000 ) ) ;
#1023 = COLOUR_RGB ( '',0.6274509803921568540, 0.6274509803921568540, 0.6431372549019607199 ) ;
#1024 = DIRECTION ( 'NONE',  ( 0.000000000000000000, 0.000000000000000000, 1.000000000000000000 ) ) ;
#1025 = UNCERTAINTY_MEASURE_WITH_UNIT (LENGTH_MEASURE( 1.000000000000000082E-05 ), #742, 'distance_accuracy_value', 'NONE');
#1026 = ORIENTED_EDGE ( 'NONE', *, *, #1613, .F. ) ;
#1027 = ADVANCED_FACE ( 'NONE', ( #1071 ), #407, .T. ) ;
#1028 = DIRECTION ( 'NONE',  ( 1.000000000000000000, -0.000000000000000000, -0.000000000000000000 ) ) ;
#1029 = ORIENTED_EDGE ( 'NONE', *, *, #1377, .T. ) ;
#1030 = CARTESIAN_POINT ( 'NONE',  ( 500.0002626870000313, -1351.343145751253587, 1249.000000000000000 ) ) ;
#1031 = CARTESIAN_POINT ( 'NONE',  ( 441.0002626870726772, -1347.000000000000000, 1042.000000000030013 ) ) ;
#1032 =( NAMED_UNIT ( * ) PLANE_ANGLE_UNIT ( ) SI_UNIT ( $, .RADIAN. ) );
#1033 = CARTESIAN_POINT ( 'NONE',  ( 451.0000000000000000, -1350.000000000000000, 1106.290926197000090 ) ) ;
#1034 = ORIENTED_EDGE ( 'NONE', *, *, #1150, .T. ) ;
#1035 = ORIENTED_EDGE ( 'NONE', *, *, #870, .F. ) ;
#1036 = CARTESIAN_POINT ( 'NONE',  ( 441.0002626880859680, -1394.000000000000000, 1041.999999997598252 ) ) ;
#1037 = CARTESIAN_POINT ( 'NONE',  ( 441.0002626869999744, -1482.000000000000000, 1042.000000000000000 ) ) ;
#1038 = DIRECTION ( 'NONE',  ( 1.000000000000000000, 0.000000000000000000, 0.000000000000000000 ) ) ;
#1039 = VERTEX_POINT ( 'NONE', #1210 ) ;
#1040 = ORIENTED_EDGE ( 'NONE', *, *, #1439, .F. ) ;
#1041 = CARTESIAN_POINT ( 'NONE',  ( 461.0002626870000313, -1482.000000000000000, 1042.000000000000000 ) ) ;
#1042 = COLOUR_RGB ( '',0.6274509803921568540, 0.6274509803921568540, 0.6431372549019607199 ) ;
#1043 = SURFACE_STYLE_USAGE ( .BOTH. , #506 ) ;
#1044 = EDGE_CURVE ( 'NONE', #1181, #1419, #1437, .T. ) ;
#1045 = CIRCLE ( 'NONE', #209, 4.999999999999893419 ) ;
#1046 = PRESENTATION_LAYER_ASSIGNMENT (  '', '', ( #539 ) ) ;
#1047 = CARTESIAN_POINT ( 'NONE',  ( 476.0002626870000313, -1367.000000000000000, 1081.290926197000090 ) ) ;
#1048 = VECTOR ( 'NONE', #1020, 1000.000000000000000 ) ;
#1049 = ORIENTED_EDGE ( 'NONE', *, *, #1635, .T. ) ;
#1050 = ORIENTED_EDGE ( 'NONE', *, *, #1066, .F. ) ;
#1051 = LINE ( 'NONE', #275, #38 ) ;
#1052 = PRESENTATION_STYLE_ASSIGNMENT (( #653 ) ) ;
#1053 = ADVANCED_FACE ( 'NONE', ( #1708 ), #1343, .F. ) ;
#1054 = CARTESIAN_POINT ( 'NONE',  ( 461.0002626869623441, -1397.000000000000000, 1042.000000000015007 ) ) ;
#1055 = B_SPLINE_CURVE_WITH_KNOTS ( 'NONE', 3,
 ( #126, #688, #1467, #1576 ),
 .UNSPECIFIED., .F., .F.,
 ( 4, 4 ),
 ( 0.000000000000000000, 1.000000000000000000 ),
 .UNSPECIFIED. ) ;
#1056 =( NAMED_UNIT ( * ) PLANE_ANGLE_UNIT ( ) SI_UNIT ( $, .RADIAN. ) );
#1057 = VERTEX_POINT ( 'NONE', #151 ) ;
#1058 = ORIENTED_EDGE ( 'NONE', *, *, #1430, .F. ) ;
#1059 = DIRECTION ( 'NONE',  ( 1.000000000000000000, 0.000000000000000000, -0.000000000000000000 ) ) ;
#1060 =( NAMED_UNIT ( * ) SI_UNIT ( $, .STERADIAN. ) SOLID_ANGLE_UNIT ( ) );
#1061 = DIRECTION ( 'NONE',  ( 0.000000000000000000, 1.000000000000000000, 0.000000000000000000 ) ) ;
#1062 = PRESENTATION_STYLE_ASSIGNMENT (( #526 ) ) ;
#1063 = PRODUCT_DEFINITION_SHAPE ( 'NONE', 'NONE',  #662 ) ;
#1064 = FILL_AREA_STYLE_COLOUR ( '', #1165 ) ;
#1065 = VERTEX_POINT ( 'NONE', #1460 ) ;
#1066 = EDGE_CURVE ( 'NONE', #156, #445, #266, .T. ) ;
#1067 = ORIENTED_EDGE ( 'NONE', *, *, #1003, .T. ) ;
#1068 = CARTESIAN_POINT ( 'NONE',  ( 473.0002626870000313, -1359.500000000000000, 1239.186291500999914 ) ) ;
#1069 = CARTESIAN_POINT ( 'NONE',  ( 456.0000000000000000, -1350.000000000000000, 1106.290926197000090 ) ) ;
#1070 = AXIS2_PLACEMENT_3D ( 'NONE', #836, #845, #440 ) ;
#1071 = FACE_OUTER_BOUND ( 'NONE', #700, .T. ) ;
#1072 = MECHANICAL_DESIGN_GEOMETRIC_PRESENTATION_REPRESENTATION (  '', ( #1124 ), #1622 ) ;
#1073 = AXIS2_PLACEMENT_3D ( 'NONE', #887, #494, #471 ) ;
#1074 = STYLED_ITEM ( 'NONE', ( #225 ), #857 ) ;
#1075 = CARTESIAN_POINT ( 'NONE',  ( 0.000000000000000000, 0.000000000000000000, 0.000000000000000000 ) ) ;
#1076 = AXIS2_PLACEMENT_3D ( 'NONE', #1091, #292, #158 ) ;
#1077 = AXIS2_PLACEMENT_3D ( 'NONE', #44, #989, #1370 ) ;
#1078 = VERTEX_POINT ( 'NONE', #1220 ) ;
#1079 = AXIS2_PLACEMENT_3D ( 'NONE', #547, #1059, #1588 ) ;
#1080 = EDGE_CURVE ( 'NONE', #272, #226, #1188, .T. ) ;
#1081 = VERTEX_POINT ( 'NONE', #1451 ) ;
#1082 = VECTOR ( 'NONE', #127, 1000.000000000000000 ) ;
#1083 = LINE ( 'NONE', #1705, #283 ) ;
#1084 = CARTESIAN_POINT ( 'NONE',  ( 476.0002626870000313, -1363.500000000000000, 1159.000000000000000 ) ) ;
#1085 = DIRECTION ( 'NONE',  ( 0.000000000000000000, -1.000000000000000000, 0.000000000000000000 ) ) ;
#1086 = ORIENTED_EDGE ( 'NONE', *, *, #163, .T. ) ;
#1087 = CYLINDRICAL_SURFACE ( 'NONE', #286, 3.000000000000002665 ) ;
#1088 = ORIENTED_EDGE ( 'NONE', *, *, #1676, .F. ) ;
#1089 = CARTESIAN_POINT ( 'NONE',  ( 475.9953544708942559, -1352.757359313626921, 1248.414213562373334 ) ) ;
#1090 = ADVANCED_FACE ( 'NONE', ( #259 ), #787, .F. ) ;
#1091 = CARTESIAN_POINT ( 'NONE',  ( 476.0002626870000313, -1362.000000000000000, 1206.000000000000000 ) ) ;
#1092 = LINE ( 'NONE', #957, #1406 ) ;
#1093 = VERTEX_POINT ( 'NONE', #822 ) ;
#1094 = DIRECTION ( 'NONE',  ( 0.000000000000000000, 1.000000000000000000, 0.000000000000000000 ) ) ;
#1095 = CARTESIAN_POINT ( 'NONE',  ( 473.0002626870000313, -1353.000000000000000, 1248.171572875999800 ) ) ;
#1096 = ORIENTED_EDGE ( 'NONE', *, *, #154, .F. ) ;
#1097 = SURFACE_STYLE_USAGE ( .BOTH. , #30 ) ;
#1098 = CARTESIAN_POINT ( 'NONE',  ( 451.0000000000000000, -1347.000000000000000, 1056.290926196999862 ) ) ;
#1099 = ADVANCED_FACE ( 'NONE', ( #415, #971 ), #848, .F. ) ;
#1100 = DIRECTION ( 'NONE',  ( 1.000000000000000000, 0.000000000000000000, 0.000000000000000000 ) ) ;
#1101 = FILL_AREA_STYLE ('',( #561 ) ) ;
#1102 = AXIS2_PLACEMENT_3D ( 'NONE', #1650, #464, #560 ) ;
#1103 = ORIENTED_EDGE ( 'NONE', *, *, #212, .F. ) ;
#1104 = CARTESIAN_POINT ( 'NONE',  ( 432.0002626870000313, -1391.000000000000000, -250.0000000000000000 ) ) ;
#1105 = FILL_AREA_STYLE ('',( #1500 ) ) ;
#1106 = ORIENTED_EDGE ( 'NONE', *, *, #520, .F. ) ;
#1107 = CARTESIAN_POINT ( 'NONE',  ( 446.0000000000000000, -1347.000000000000000, 1106.290926197000090 ) ) ;
#1108 = LINE ( 'NONE', #299, #1544 ) ;
#1109 = CARTESIAN_POINT ( 'NONE',  ( 473.0002626870000313, -1359.500000000000000, 1159.000000000000000 ) ) ;
#1110 = ORIENTED_EDGE ( 'NONE', *, *, #267, .F. ) ;
#1111 = DIRECTION ( 'NONE',  ( 0.000000000000000000, 0.000000000000000000, -1.000000000000000000 ) ) ;
#1112 = LINE ( 'NONE', #987, #340 ) ;
#1113 = ORIENTED_EDGE ( 'NONE', *, *, #1615, .T. ) ;
#1114 = CARTESIAN_POINT ( 'NONE',  ( 446.0000000000000000, -1350.000000000000000, 1056.290926196999862 ) ) ;
#1115 = FILL_AREA_STYLE_COLOUR ( '', #237 ) ;
#1116 = ORIENTED_EDGE ( 'NONE', *, *, #1707, .T. ) ;
#1117 = EDGE_CURVE ( 'NONE', #1462, #1206, #194, .T. ) ;
#1118 = CARTESIAN_POINT ( 'NONE',  ( 475.9141493489923960, -1351.979694247424504, 1248.900531264005622 ) ) ;
#1119 = CARTESIAN_POINT ( 'NONE',  ( 476.0002626870000313, -1370.208125462494536, 1248.260491227928696 ) ) ;
#1120 = ORIENTED_EDGE ( 'NONE', *, *, #703, .T. ) ;
#1121 = CARTESIAN_POINT ( 'NONE',  ( 441.0002626870684708, -1347.000000000000000, 1042.000000000244654 ) ) ;
#1122 = DIRECTION ( 'NONE',  ( 0.000000000000000000, 1.000000000000000000, 0.000000000000000000 ) ) ;
#1123 = AXIS2_PLACEMENT_3D ( 'NONE', #828, #288, #1368 ) ;
#1124 = STYLED_ITEM ( 'NONE', ( #934 ), #507 ) ;
#1125 = VECTOR ( 'NONE', #1022, 1000.000000000000000 ) ;
#1126 = ORIENTED_EDGE ( 'NONE', *, *, #703, .F. ) ;
#1127 = CARTESIAN_POINT ( 'NONE',  ( 475.9953544708942559, -1352.757359313626921, 1248.414213562373334 ) ) ;
#1128 = ADVANCED_FACE ( 'NONE', ( #1386 ), #1640, .F. ) ;
#1129 = DIRECTION ( 'NONE',  ( 0.000000000000000000, -1.000000000000000000, 0.000000000000000000 ) ) ;
#1130 = ORIENTED_EDGE ( 'NONE', *, *, #558, .T. ) ;
#1131 = AXIS2_PLACEMENT_3D ( 'NONE', #1258, #1132, #166 ) ;
#1132 = DIRECTION ( 'NONE',  ( 0.000000000000000000, 0.000000000000000000, -1.000000000000000000 ) ) ;
#1133 = EDGE_CURVE ( 'NONE', #1561, #575, #1600, .T. ) ;
#1134 = AXIS2_PLACEMENT_3D ( 'NONE', #170, #439, #975 ) ;
#1135 = CARTESIAN_POINT ( 'NONE',  ( 475.9986263918505642, -1352.838200934774022, 1248.333371941226687 ) ) ;
#1136 = DIRECTION ( 'NONE',  ( 0.000000000000000000, -1.000000000000000000, 0.000000000000000000 ) ) ;
#1137 = ORIENTED_EDGE ( 'NONE', *, *, #1012, .F. ) ;
#1138 = LINE ( 'NONE', #1293, #595 ) ;
#1139 = LINE ( 'NONE', #1683, #1675 ) ;
#1140 = ORIENTED_EDGE ( 'NONE', *, *, #253, .T. ) ;
#1141 = DIRECTION ( 'NONE',  ( 1.000000000000000000, 0.000000000000000000, 0.000000000000000000 ) ) ;
#1142 = EDGE_CURVE ( 'NONE', #712, #84, #1108, .T. ) ;
#1143 = DIRECTION ( 'NONE',  ( 0.000000000000000000, 0.000000000000000000, -1.000000000000000000 ) ) ;
#1144 = ORIENTED_EDGE ( 'NONE', *, *, #559, .F. ) ;
#1145 = SURFACE_SIDE_STYLE ('',( #1523 ) ) ;
#1146 = FACE_OUTER_BOUND ( 'NONE', #618, .T. ) ;
#1147 = ORIENTED_EDGE ( 'NONE', *, *, #322, .T. ) ;
#1148 = DIRECTION ( 'NONE',  ( 0.000000000000000000, 1.000000000000000000, 0.000000000000000000 ) ) ;
#1149 = LINE ( 'NONE', #223, #1651 ) ;
#1150 = EDGE_CURVE ( 'NONE', #933, #1039, #1632, .T. ) ;
#1151 = SURFACE_SIDE_STYLE ('',( #739 ) ) ;
#1152 = ORIENTED_EDGE ( 'NONE', *, *, #293, .T. ) ;
#1153 = CIRCLE ( 'NONE', #389, 2.000000000000001776 ) ;
#1154 = DIRECTION ( 'NONE',  ( 0.000000000000000000, -1.000000000000000000, 0.000000000000000000 ) ) ;
#1155 = ORIENTED_EDGE ( 'NONE', *, *, #691, .T. ) ;
#1156 = CARTESIAN_POINT ( 'NONE',  ( 447.6669293542974515, -1393.999999999999773, 1025.999999999923830 ) ) ;
#1157 = VECTOR ( 'NONE', #300, 1000.000000000000000 ) ;
#1158 = AXIS2_PLACEMENT_3D ( 'NONE', #5, #1519, #442 ) ;
#1159 = CARTESIAN_POINT ( 'NONE',  ( 446.0000000000000000, -1347.000000000000000, 1056.290926196999862 ) ) ;
#1160 = AXIS2_PLACEMENT_3D ( 'NONE', #1402, #754, #1289 ) ;
#1161 = CIRCLE ( 'NONE', #513, 2.999999999999891642 ) ;
#1162 = CARTESIAN_POINT ( 'NONE',  ( 446.0000000000000000, -1397.000000000000000, 1056.290926196999862 ) ) ;
#1163 = VECTOR ( 'NONE', #1279, 1000.000000000000000 ) ;
#1164 = FACE_BOUND ( 'NONE', #1515, .T. ) ;
#1165 = COLOUR_RGB ( '',1.000000000000000000, 1.000000000000000000, 1.000000000000000000 ) ;
#1166 = ORIENTED_EDGE ( 'NONE', *, *, #670, .T. ) ;
#1167 = FILL_AREA_STYLE ('',( #96 ) ) ;
#1168 = EDGE_CURVE ( 'NONE', #741, #1264, #492, .T. ) ;
#1169 = DIRECTION ( 'NONE',  ( -1.000000000000000000, 0.000000000000000000, 0.000000000000000000 ) ) ;
#1170 = EDGE_LOOP ( 'NONE', ( #997, #1452 ) ) ;
#1171 = LINE ( 'NONE', #1041, #571 ) ;
#1172 = CARTESIAN_POINT ( 'NONE',  ( 461.0002626869874689, -1347.000000000000000, 1042.000000000000000 ) ) ;
#1173 = LINE ( 'NONE', #1429, #566 ) ;
#1174 = DIRECTION ( 'NONE',  ( 1.000000000000000000, 0.000000000000000000, 0.000000000000000000 ) ) ;
#1175 = ORIENTED_EDGE ( 'NONE', *, *, #425, .F. ) ;
#1176 = EDGE_CURVE ( 'NONE', #1419, #1181, #569, .T. ) ;
#1177 = ORIENTED_EDGE ( 'NONE', *, *, #1562, .T. ) ;
#1178 = DIRECTION ( 'NONE',  ( -1.000000000000000000, -0.000000000000000000, -0.000000000000000000 ) ) ;
#1179 = CARTESIAN_POINT ( 'NONE',  ( 470.0002626870000881, -1397.000000000000000, 1249.000000000000000 ) ) ;
#1180 = ORIENTED_EDGE ( 'NONE', *, *, #835, .T. ) ;
#1181 = VERTEX_POINT ( 'NONE', #1159 ) ;
#1182 = FACE_OUTER_BOUND ( 'NONE', #647, .T. ) ;
#1183 = EDGE_CURVE ( 'NONE', #437, #1442, #1149, .T. ) ;
#1184 = CARTESIAN_POINT ( 'NONE',  ( 472.9251760756787348, -1352.322925685154587, 1248.748909663635914 ) ) ;
#1185 =( GEOMETRIC_REPRESENTATION_CONTEXT ( 3 ) GLOBAL_UNCERTAINTY_ASSIGNED_CONTEXT ( ( #1002 ) ) GLOBAL_UNIT_ASSIGNED_CONTEXT ( ( #326, #619, #76 ) ) REPRESENTATION_CONTEXT ( 'NONE', 'WORKASPACE' ) );
#1186 = CARTESIAN_POINT ( 'NONE',  ( 429.0002626870000313, -1353.000000000000000, 1042.000000000000000 ) ) ;
#1187 = PRESENTATION_LAYER_ASSIGNMENT (  '', '', ( #959 ) ) ;
#1188 = LINE ( 'NONE', #519, #1514 ) ;
#1189 = COLOUR_RGB ( '',0.6274509803921568540, 0.6274509803921568540, 0.6431372549019607199 ) ;
#1190 = ORIENTED_EDGE ( 'NONE', *, *, #177, .T. ) ;
#1191 = UNCERTAINTY_MEASURE_WITH_UNIT (LENGTH_MEASURE( 1.000000000000000082E-05 ), #1317, 'distance_accuracy_value', 'NONE');
#1192 = EDGE_LOOP ( 'NONE', ( #165, #824, #1040, #302 ) ) ;
#1193 = PRESENTATION_STYLE_ASSIGNMENT (( #517 ) ) ;
#1194 = CARTESIAN_POINT ( 'NONE',  ( 474.0002626870000313, -1352.757359313626921, 1248.414213562373334 ) ) ;
#1195 = DIRECTION ( 'NONE',  ( 1.000000000000000000, 0.000000000000000000, 0.000000000000000000 ) ) ;
#1196 = SURFACE_SIDE_STYLE ('',( #663 ) ) ;
#1197 = EDGE_CURVE ( 'NONE', #1669, #468, #493, .T. ) ;
#1198 =( NAMED_UNIT ( * ) PLANE_ANGLE_UNIT ( ) SI_UNIT ( $, .RADIAN. ) );
#1199 = ORIENTED_EDGE ( 'NONE', *, *, #1441, .T. ) ;
#1200 = EDGE_LOOP ( 'NONE', ( #568, #477, #1709, #382 ) ) ;
#1201 = FILL_AREA_STYLE_COLOUR ( '', #101 ) ;
#1202 = CARTESIAN_POINT ( 'NONE',  ( 473.0002626870000313, -1391.000000000000000, 1042.000000000000000 ) ) ;
#1203 = FACE_OUTER_BOUND ( 'NONE', #69, .T. ) ;
#1204 = CARTESIAN_POINT ( 'NONE',  ( 456.0000000000000000, -1347.000000000000000, 1056.290926196999862 ) ) ;
#1205 = EDGE_CURVE ( 'NONE', #496, #128, #355, .T. ) ;
#1206 = VERTEX_POINT ( 'NONE', #597 ) ;
#1207 = ORIENTED_EDGE ( 'NONE', *, *, #125, .T. ) ;
#1208 = DIRECTION ( 'NONE',  ( 0.000000000000000000, 0.000000000000000000, 1.000000000000000000 ) ) ;
#1209 =( GEOMETRIC_REPRESENTATION_CONTEXT ( 3 ) GLOBAL_UNCERTAINTY_ASSIGNED_CONTEXT ( ( #545 ) ) GLOBAL_UNIT_ASSIGNED_CONTEXT ( ( #1644, #1630, #1349 ) ) REPRESENTATION_CONTEXT ( 'NONE', 'WORKASPACE' ) );
#1210 = CARTESIAN_POINT ( 'NONE',  ( 476.0002626870000313, -1357.742639008559991, 1243.428933867099886 ) ) ;
#1211 = COLOUR_RGB ( '',0.6274509803921568540, 0.6274509803921568540, 0.6431372549019607199 ) ;
#1212 = AXIS2_PLACEMENT_3D ( 'NONE', #1459, #796, #1334 ) ;
#1213 = VECTOR ( 'NONE', #704, 1000.000000000000000 ) ;
#1214 = PRESENTATION_LAYER_ASSIGNMENT (  '', '', ( #1124 ) ) ;
#1215 = EDGE_LOOP ( 'NONE', ( #683, #837, #910, #1609, #1497, #1231 ) ) ;
#1216 = ADVANCED_FACE ( 'NONE', ( #747 ), #349, .T. ) ;
#1217 = DIRECTION ( 'NONE',  ( 0.000000000000000000, 0.000000000000000000, 1.000000000000000000 ) ) ;
#1218 = DIRECTION ( 'NONE',  ( 0.000000000000000000, 0.000000000000000000, -1.000000000000000000 ) ) ;
#1219 = DIRECTION ( 'NONE',  ( 0.9611167404248078805, 0.2761423750082419026, 0.000000000000000000 ) ) ;
#1220 = CARTESIAN_POINT ( 'NONE',  ( 473.0002626870000313, -1363.500000000000000, 1229.353122809000070 ) ) ;
#1221 = FACE_OUTER_BOUND ( 'NONE', #770, .T. ) ;
#1222 = ORIENTED_EDGE ( 'NONE', *, *, #1498, .F. ) ;
#1223 = EDGE_CURVE ( 'NONE', #297, #868, #529, .T. ) ;
#1224 = LINE ( 'NONE', #310, #509 ) ;
#1225 = VERTEX_POINT ( 'NONE', #462 ) ;
#1226 = LINE ( 'NONE', #1114, #684 ) ;
#1227 = CARTESIAN_POINT ( 'NONE',  ( 476.0002626870000313, -1391.000000000000000, 1249.000000000000000 ) ) ;
#1228 = FILL_AREA_STYLE ('',( #1064 ) ) ;
#1229 = FACE_OUTER_BOUND ( 'NONE', #658, .T. ) ;
#1230 = EDGE_LOOP ( 'NONE', ( #760, #791 ) ) ;
#1231 = ORIENTED_EDGE ( 'NONE', *, *, #31, .T. ) ;
#1232 = EDGE_CURVE ( 'NONE', #128, #745, #781, .T. ) ;
#1233 = CIRCLE ( 'NONE', #233, 30.00000000000002842 ) ;
#1234 = SURFACE_STYLE_USAGE ( .BOTH. , #323 ) ;
#1235 = DIRECTION ( 'NONE',  ( 1.000000000000000000, 0.000000000000000000, 0.000000000000000000 ) ) ;
#1236 = AXIS2_PLACEMENT_3D ( 'NONE', #1033, #1011, #1551 ) ;
#1237 = VECTOR ( 'NONE', #481, 1000.000000000000000 ) ;
#1238 = AXIS2_PLACEMENT_3D ( 'NONE', #587, #186, #25 ) ;
#1239 = ORIENTED_EDGE ( 'NONE', *, *, #1562, .F. ) ;
#1240 = CARTESIAN_POINT ( 'NONE',  ( 476.0002626870000313, -1363.500000000000000, 1159.000000000000000 ) ) ;
#1241 = CARTESIAN_POINT ( 'NONE',  ( 441.0002626869999744, -1347.000000000000000, 1206.000000000000000 ) ) ;
#1242 = ORIENTED_EDGE ( 'NONE', *, *, #383, .F. ) ;
#1243 = DIRECTION ( 'NONE',  ( 0.000000000000000000, 0.000000000000000000, 1.000000000000000000 ) ) ;
#1244 = ADVANCED_FACE ( 'NONE', ( #361 ), #1428, .F. ) ;
#1245 = DIRECTION ( 'NONE',  ( 0.000000000000000000, 0.000000000000000000, 1.000000000000000000 ) ) ;
#1246 = VERTEX_POINT ( 'NONE', #499 ) ;
#1247 = DIRECTION ( 'NONE',  ( -1.000000000000000000, 0.000000000000000000, 0.000000000000000000 ) ) ;
#1248 = ORIENTED_EDGE ( 'NONE', *, *, #1584, .F. ) ;
#1249 = CARTESIAN_POINT ( 'NONE',  ( 476.0002626870000313, -1372.000000000000000, 1081.290926197000090 ) ) ;
#1250 = CARTESIAN_POINT ( 'NONE',  ( 472.9904341699281076, -1352.757359313626921, 1248.414213562373334 ) ) ;
#1251 = CARTESIAN_POINT ( 'NONE',  ( 432.0002626870000313, -1347.000000000000227, 1042.000000000000000 ) ) ;
#1252 = EDGE_CURVE ( 'NONE', #554, #1470, #931, .T. ) ;
#1253 = VERTEX_POINT ( 'NONE', #203 ) ;
#1254 = CARTESIAN_POINT ( 'NONE',  ( 432.0002626870000313, -1353.000000000000000, 1249.000000000000000 ) ) ;
#1255 = ADVANCED_FACE ( 'NONE', ( #735 ), #1557, .T. ) ;
#1256 = FACE_BOUND ( 'NONE', #530, .T. ) ;
#1257 = ORIENTED_EDGE ( 'NONE', *, *, #428, .T. ) ;
#1258 = CARTESIAN_POINT ( 'NONE',  ( 432.0002626870000313, -1353.000000000000000, 1206.000000000000000 ) ) ;
#1259 = FACE_OUTER_BOUND ( 'NONE', #111, .T. ) ;
#1260 = FACE_BOUND ( 'NONE', #334, .T. ) ;
#1261 = AXIS2_PLACEMENT_3D ( 'NONE', #1506, #577, #968 ) ;
#1262 = VECTOR ( 'NONE', #466, 1000.000000000000000 ) ;
#1263 = AXIS2_PLACEMENT_3D ( 'NONE', #806, #1235, #1085 ) ;
#1264 = VERTEX_POINT ( 'NONE', #89 ) ;
#1265 = CARTESIAN_POINT ( 'NONE',  ( 441.0002626870732456, -1397.000000000000000, 1042.000000000028649 ) ) ;
#1266 = AXIS2_PLACEMENT_3D ( 'NONE', #1688, #1565, #904 ) ;
#1267 = ADVANCED_FACE ( 'NONE', ( #1259 ), #1436, .F. ) ;
#1268 = CARTESIAN_POINT ( 'NONE',  ( 470.0002626870000313, -1391.000000000000000, 1206.000000000000000 ) ) ;
#1269 = ORIENTED_EDGE ( 'NONE', *, *, #177, .F. ) ;
#1270 = VECTOR ( 'NONE', #479, 1000.000000000000000 ) ;
#1271 = FILL_AREA_STYLE ('',( #1670 ) ) ;
#1272 = CARTESIAN_POINT ( 'NONE',  ( 531.0002626869999176, 0.000000000000000000, 1159.000000000000000 ) ) ;
#1273 = PRESENTATION_STYLE_ASSIGNMENT (( #1372 ) ) ;
#1274 = STYLED_ITEM ( 'NONE', ( #697 ), #1395 ) ;
#1275 = FILL_AREA_STYLE_COLOUR ( '', #1211 ) ;
#1276 = ORIENTED_EDGE ( 'NONE', *, *, #1066, .T. ) ;
#1277 = FACE_OUTER_BOUND ( 'NONE', #239, .T. ) ;
#1278 = ORIENTED_EDGE ( 'NONE', *, *, #497, .F. ) ;
#1279 = DIRECTION ( 'NONE',  ( 0.000000000000000000, 0.000000000000000000, -1.000000000000000000 ) ) ;
#1280 = SURFACE_SIDE_STYLE ('',( #215 ) ) ;
#1281 = CARTESIAN_POINT ( 'NONE',  ( 473.0002626870000313, -1363.500000000000000, 1159.000000000000000 ) ) ;
#1282 = DIRECTION ( 'NONE',  ( -0.000000000000000000, 1.000000000000000000, -0.000000000000000000 ) ) ;
#1283 = EDGE_LOOP ( 'NONE', ( #665, #1166, #328, #429 ) ) ;
#1284 = B_SPLINE_CURVE_WITH_KNOTS ( 'NONE', 3,
 ( #285, #583, #308, #1359, #1118, #827, #1643, #590, #183, #1127 ),
 .UNSPECIFIED., .F., .F.,
 ( 4, 2, 2, 2, 4 ),
 ( 0.000000000000000000, 0.0003955933060108357763, 0.0007911866120216715526, 0.001186779918032507437, 0.001582373224043343105 ),
 .UNSPECIFIED. ) ;
#1285 = PRESENTATION_STYLE_ASSIGNMENT (( #869 ) ) ;
#1286 = DIRECTION ( 'NONE',  ( 0.000000000000000000, 0.000000000000000000, 1.000000000000000000 ) ) ;
#1287 = ORIENTED_EDGE ( 'NONE', *, *, #425, .T. ) ;
#1288 = CARTESIAN_POINT ( 'NONE',  ( 461.0002626869323308, -1393.999999999999773, 1042.000000000047748 ) ) ;
#1289 = DIRECTION ( 'NONE',  ( 0.000000000000000000, 0.000000000000000000, -1.000000000000000000 ) ) ;
#1290 = LINE ( 'NONE', #1309, #1237 ) ;
#1291 = ADVANCED_FACE ( 'NONE', ( #763 ), #103, .F. ) ;
#1292 = ORIENTED_EDGE ( 'NONE', *, *, #640, .F. ) ;
#1293 = CARTESIAN_POINT ( 'NONE',  ( 473.0002626870000313, -1363.500000000000000, 1159.000000000000000 ) ) ;
#1294 = VECTOR ( 'NONE', #1178, 1000.000000000000000 ) ;
#1295 = DIRECTION ( 'NONE',  ( 1.000000000000000000, 0.000000000000000000, 0.000000000000000000 ) ) ;
#1296 = VERTEX_POINT ( 'NONE', #1563 ) ;
#1297 = PRESENTATION_STYLE_ASSIGNMENT (( #174 ) ) ;
#1298 =( GEOMETRIC_REPRESENTATION_CONTEXT ( 3 ) GLOBAL_UNCERTAINTY_ASSIGNED_CONTEXT ( ( #1025 ) ) GLOBAL_UNIT_ASSIGNED_CONTEXT ( ( #742, #1553, #632 ) ) REPRESENTATION_CONTEXT ( 'NONE', 'WORKASPACE' ) );
#1299 = DIRECTION ( 'NONE',  ( 0.000000000000000000, 1.000000000000000000, 0.000000000000000000 ) ) ;
#1300 = AXIS2_PLACEMENT_3D ( 'NONE', #1318, #927, #938 ) ;
#1301 = VECTOR ( 'NONE', #570, 1000.000000000000000 ) ;
#1302 = MANIFOLD_SOLID_BREP ( '‘≤Ω«1', #764 ) ;
#1303 = FILL_AREA_STYLE_COLOUR ( '', #929 ) ;
#1304 = CIRCLE ( 'NONE', #543, 6.000000000000005329 ) ;
#1305 = LINE ( 'NONE', #351, #736 ) ;
#1306 = EDGE_CURVE ( 'NONE', #189, #272, #1589, .T. ) ;
#1307 = ORIENTED_EDGE ( 'NONE', *, *, #1498, .T. ) ;
#1308 = ORIENTED_EDGE ( 'NONE', *, *, #691, .F. ) ;
#1309 = CARTESIAN_POINT ( 'NONE',  ( 461.0002626870000313, -1394.000000000000000, 1042.000000000000000 ) ) ;
#1310 = LINE ( 'NONE', #628, #1597 ) ;
#1311 = ORIENTED_EDGE ( 'NONE', *, *, #867, .F. ) ;
#1312 = EDGE_CURVE ( 'NONE', #352, #792, #242, .T. ) ;
#1313 = ORIENTED_EDGE ( 'NONE', *, *, #1080, .F. ) ;
#1314 = EDGE_CURVE ( 'NONE', #1057, #1591, #142, .T. ) ;
#1315 = SURFACE_STYLE_USAGE ( .BOTH. , #130 ) ;
#1316 = CARTESIAN_POINT ( 'NONE',  ( 476.0002626870000313, -1372.000000000000000, 1081.290926197000090 ) ) ;
#1317 =( LENGTH_UNIT ( ) NAMED_UNIT ( * ) SI_UNIT ( .MILLI., .METRE. ) );
#1318 = CARTESIAN_POINT ( 'NONE',  ( 470.0002626870000313, -1353.000000000000000, 1206.000000000000000 ) ) ;
#1319 = ORIENTED_EDGE ( 'NONE', *, *, #805, .T. ) ;
#1320 = VERTEX_POINT ( 'NONE', #1711 ) ;
#1321 = AXIS2_PLACEMENT_3D ( 'NONE', #773, #404, #131 ) ;
#1322 = EDGE_CURVE ( 'NONE', #297, #575, #644, .T. ) ;
#1323 = DIRECTION ( 'NONE',  ( 0.000000000000000000, -1.000000000000000000, 0.000000000000000000 ) ) ;
#1324 = PRESENTATION_LAYER_ASSIGNMENT (  '', '', ( #1074 ) ) ;
#1325 = AXIS2_PLACEMENT_3D ( 'NONE', #637, #500, #1672 ) ;
#1326 = CARTESIAN_POINT ( 'NONE',  ( 456.0000000000000000, -1397.000000000000000, 1106.290926197000090 ) ) ;
#1327 = VECTOR ( 'NONE', #1061, 1000.000000000000000 ) ;
#1328 = FILL_AREA_STYLE ('',( #669 ) ) ;
#1329 = LINE ( 'NONE', #140, #270 ) ;
#1330 = VERTEX_POINT ( 'NONE', #1341 ) ;
#1331 = ORIENTED_EDGE ( 'NONE', *, *, #1529, .T. ) ;
#1332 =( LENGTH_UNIT ( ) NAMED_UNIT ( * ) SI_UNIT ( .MILLI., .METRE. ) );
#1333 = DIRECTION ( 'NONE',  ( 1.000000000000000000, 0.000000000000000000, 0.000000000000000000 ) ) ;
#1334 = DIRECTION ( 'NONE',  ( 0.000000000000000000, 1.000000000000000000, 0.000000000000000000 ) ) ;
#1335 = EDGE_CURVE ( 'NONE', #1507, #445, #1051, .T. ) ;
#1336 = CARTESIAN_POINT ( 'NONE',  ( 451.0000000000000000, -1347.000000000000000, 1056.290926196999862 ) ) ;
#1337 = DIRECTION ( 'NONE',  ( 0.000000000000000000, 0.000000000000000000, 1.000000000000000000 ) ) ;
#1338 = ORIENTED_EDGE ( 'NONE', *, *, #1197, .F. ) ;
#1339 = ORIENTED_EDGE ( 'NONE', *, *, #22, .T. ) ;
#1340 = DIRECTION ( 'NONE',  ( 0.000000000000000000, 0.000000000000000000, -1.000000000000000000 ) ) ;
#1341 = CARTESIAN_POINT ( 'NONE',  ( 472.5012292998142129, -1351.343145751253587, 1249.000000000000000 ) ) ;
#1342 = SURFACE_STYLE_FILL_AREA ( #804 ) ;
#1343 = PLANE ( 'NONE',  #315 ) ;
#1344 = EDGE_CURVE ( 'NONE', #575, #1330, #889, .T. ) ;
#1345 = DIRECTION ( 'NONE',  ( 0.000000000000000000, 0.000000000000000000, -1.000000000000000000 ) ) ;
#1346 = CARTESIAN_POINT ( 'NONE',  ( 500.0002626870000313, -1482.000000000000000, 1042.000000000000000 ) ) ;
#1347 = ORIENTED_EDGE ( 'NONE', *, *, #255, .T. ) ;
#1348 = SURFACE_STYLE_FILL_AREA ( #1703 ) ;
#1349 =( NAMED_UNIT ( * ) SI_UNIT ( $, .STERADIAN. ) SOLID_ANGLE_UNIT ( ) );
#1350 = AXIS2_PLACEMENT_3D ( 'NONE', #1555, #353, #1410 ) ;
#1351 = DIRECTION ( 'NONE',  ( 0.000000000000000000, 1.000000000000000000, 0.000000000000000000 ) ) ;
#1352 = STYLED_ITEM ( 'NONE', ( #1667 ), #680 ) ;
#1353 = VECTOR ( 'NONE', #544, 1000.000000000000000 ) ;
#1354 = COLOUR_RGB ( '',0.6274509803921568540, 0.6274509803921568540, 0.6431372549019607199 ) ;
#1355 = CARTESIAN_POINT ( 'NONE',  ( 476.0002626870000313, -1359.500000000000000, 1239.186291500999914 ) ) ;
#1356 = EDGE_CURVE ( 'NONE', #352, #974, #542, .T. ) ;
#1357 = MECHANICAL_DESIGN_GEOMETRIC_PRESENTATION_REPRESENTATION (  '', ( #1352 ), #1185 ) ;
#1358 = ORIENTED_EDGE ( 'NONE', *, *, #756, .T. ) ;
#1359 = CARTESIAN_POINT ( 'NONE',  ( 475.8909520480780770, -1351.852578219410134, 1248.938331482241892 ) ) ;
#1360 = ORIENTED_EDGE ( 'NONE', *, *, #1453, .T. ) ;
#1361 = FILL_AREA_STYLE_COLOUR ( '', #179 ) ;
#1362 = DIRECTION ( 'NONE',  ( 0.000000000000000000, -1.000000000000000000, 0.000000000000000000 ) ) ;
#1363 = SURFACE_STYLE_USAGE ( .BOTH. , #799 ) ;
#1364 = ORIENTED_EDGE ( 'NONE', *, *, #1365, .F. ) ;
#1365 = EDGE_CURVE ( 'NONE', #1078, #226, #1083, .T. ) ;
#1366 = ORIENTED_EDGE ( 'NONE', *, *, #1446, .T. ) ;
#1367 = ADVANCED_FACE ( 'NONE', ( #249 ), #936, .T. ) ;
#1368 = DIRECTION ( 'NONE',  ( 0.000000000000000000, 1.000000000000000000, 0.000000000000000000 ) ) ;
#1369 = ORIENTED_EDGE ( 'NONE', *, *, #1133, .F. ) ;
#1370 = DIRECTION ( 'NONE',  ( 0.000000000000000000, 0.000000000000000000, 1.000000000000000000 ) ) ;
#1371 =( LENGTH_UNIT ( ) NAMED_UNIT ( * ) SI_UNIT ( .MILLI., .METRE. ) );
#1372 = SURFACE_STYLE_USAGE ( .BOTH. , #301 ) ;
#1373 = ORIENTED_EDGE ( 'NONE', *, *, #133, .F. ) ;
#1374 = FILL_AREA_STYLE_COLOUR ( '', #1648 ) ;
#1375 = LINE ( 'NONE', #1638, #204 ) ;
#1376 = ORIENTED_EDGE ( 'NONE', *, *, #1000, .F. ) ;
#1377 = EDGE_CURVE ( 'NONE', #1462, #1320, #918, .T. ) ;
#1378 = CIRCLE ( 'NONE', #1350, 2.000000000000001776 ) ;
#1379 = STYLED_ITEM ( 'NONE', ( #250 ), #110 ) ;
#1380 = DIRECTION ( 'NONE',  ( 0.000000000000000000, 0.000000000000000000, -1.000000000000000000 ) ) ;
#1381 = CIRCLE ( 'NONE', #61, 6.000000000000005329 ) ;
#1382 = STYLED_ITEM ( 'NONE', ( #1062 ), #1090 ) ;
#1383 = ORIENTED_EDGE ( 'NONE', *, *, #1707, .F. ) ;
#1384 = CARTESIAN_POINT ( 'NONE',  ( 476.0002626870000313, -1353.000000000000000, 1042.000000000000000 ) ) ;
#1385 = DIRECTION ( 'NONE',  ( -1.000000000000000000, 0.000000000000000000, 0.000000000000000000 ) ) ;
#1386 = FACE_OUTER_BOUND ( 'NONE', #1710, .T. ) ;
#1387 = EDGE_CURVE ( 'NONE', #985, #503, #591, .T. ) ;
#1388 = LINE ( 'NONE', #839, #1018 ) ;
#1389 = B_SPLINE_SURFACE_WITH_KNOTS ( 'NONE', 3, 1, ( 
 ( #963, #321 ),
 ( #193, #461 ),
 ( #998, #449 ),
 ( #586, #1121 ) ),
 .UNSPECIFIED., .F., .F., .F.,
 ( 4, 4 ),
 ( 2, 2 ),
 ( 0.006178537930356101625, 0.9937548754671714502 ),
 ( 0.000000000000000000, 1.000000000000000000 ),
 .UNSPECIFIED. ) ;
#1390 = ORIENTED_EDGE ( 'NONE', *, *, #293, .F. ) ;
#1391 = CARTESIAN_POINT ( 'NONE',  ( 461.0002626870000313, -1347.000000000000000, 1042.000000000000000 ) ) ;
#1392 = VERTEX_POINT ( 'NONE', #1068 ) ;
#1393 = FACE_OUTER_BOUND ( 'NONE', #337, .T. ) ;
#1394 = CARTESIAN_POINT ( 'NONE',  ( 473.0002626870000313, -1391.000000000000000, 1042.000000000000000 ) ) ;
#1395 = ADVANCED_BREP_SHAPE_REPRESENTATION ( 'XH-YJ38-LJ-026-A0-—”≥§º‹-”“', ( #1302, #603 ), #68 ) ;
#1396 = EDGE_CURVE ( 'NONE', #221, #606, #1606, .T. ) ;
#1397 = ORIENTED_EDGE ( 'NONE', *, *, #199, .T. ) ;
#1398 = CARTESIAN_POINT ( 'NONE',  ( 429.0002626870000313, -1391.000000000000000, 1042.000000000000000 ) ) ;
#1399 = CARTESIAN_POINT ( 'NONE',  ( 476.0002626870000313, -1353.000000000000000, 1042.000000000000000 ) ) ;
#1400 = EDGE_LOOP ( 'NONE', ( #1566, #325, #673, #168 ) ) ;
#1401 = LINE ( 'NONE', #874, #398 ) ;
#1402 = CARTESIAN_POINT ( 'NONE',  ( 451.0000000000000000, -1350.000000000000000, 1056.290926196999862 ) ) ;
#1403 = CARTESIAN_POINT ( 'NONE',  ( 470.0002626870000881, -1394.000000000000000, 1249.000000000000000 ) ) ;
#1404 =( LENGTH_UNIT ( ) NAMED_UNIT ( * ) SI_UNIT ( .MILLI., .METRE. ) );
#1405 = VECTOR ( 'NONE', #296, 1000.000000000000000 ) ;
#1406 = VECTOR ( 'NONE', #1664, 1000.000000000000000 ) ;
#1407 = ORIENTED_EDGE ( 'NONE', *, *, #377, .T. ) ;
#1408 = ADVANCED_FACE ( 'NONE', ( #652 ), #257, .F. ) ;
#1409 = VECTOR ( 'NONE', #920, 1000.000000000000000 ) ;
#1410 = DIRECTION ( 'NONE',  ( 0.000000000000000000, 0.000000000000000000, 1.000000000000000000 ) ) ;
#1411 = ORIENTED_EDGE ( 'NONE', *, *, #1252, .T. ) ;
#1412 = STYLED_ITEM ( 'NONE', ( #1427 ), #504 ) ;
#1413 = FACE_BOUND ( 'NONE', #1170, .T. ) ;
#1414 = FILL_AREA_STYLE ('',( #339 ) ) ;
#1415 = CARTESIAN_POINT ( 'NONE',  ( 456.0000000000000000, -1347.000000000000000, 1106.290926197000090 ) ) ;
#1416 = DIRECTION ( 'NONE',  ( 0.000000000000000000, 0.000000000000000000, 1.000000000000000000 ) ) ;
#1417 = VERTEX_POINT ( 'NONE', #675 ) ;
#1418 = PLANE ( 'NONE',  #261 ) ;
#1419 = VERTEX_POINT ( 'NONE', #421 ) ;
#1420 = CARTESIAN_POINT ( 'NONE',  ( 476.0002626870000313, -1353.000000000000000, 1248.171572875999800 ) ) ;
#1421 = DIRECTION ( 'NONE',  ( -1.000000000000000000, 0.000000000000000000, 0.000000000000000000 ) ) ;
#1422 = FACE_OUTER_BOUND ( 'NONE', #801, .T. ) ;
#1423 = ORIENTED_EDGE ( 'NONE', *, *, #1356, .T. ) ;
#1424 = DIRECTION ( 'NONE',  ( 0.000000000000000000, -1.000000000000000000, 0.000000000000000000 ) ) ;
#1425 = DIRECTION ( 'NONE',  ( 0.000000000000000000, 0.000000000000000000, -1.000000000000000000 ) ) ;
#1426 = VERTEX_POINT ( 'NONE', #1384 ) ;
#1427 = PRESENTATION_STYLE_ASSIGNMENT (( #70 ) ) ;
#1428 = CYLINDRICAL_SURFACE ( 'NONE', #629, 3.000000000000002665 ) ;
#1429 = CARTESIAN_POINT ( 'NONE',  ( 470.0002626870000313, -1350.000000000000000, 1249.000000000000000 ) ) ;
#1430 = EDGE_CURVE ( 'NONE', #1246, #962, #1112, .T. ) ;
#1431 = DIRECTION ( 'NONE',  ( 1.000000000000000000, 0.000000000000000000, 0.000000000000000000 ) ) ;
#1432 = ORIENTED_EDGE ( 'NONE', *, *, #805, .F. ) ;
#1433 = CIRCLE ( 'NONE', #902, 6.000000000000005329 ) ;
#1434 = EDGE_LOOP ( 'NONE', ( #1140, #490, #384, #1587 ) ) ;
#1435 = CARTESIAN_POINT ( 'NONE',  ( 441.0002626880782373, -1393.999999999999773, 1041.999999997821533 ) ) ;
#1436 = CYLINDRICAL_SURFACE ( 'NONE', #599, 4.999999999999893419 ) ;
#1437 = CIRCLE ( 'NONE', #14, 4.999999999999893419 ) ;
#1438 = AXIS2_PLACEMENT_3D ( 'NONE', #802, #1604, #1217 ) ;
#1439 = EDGE_CURVE ( 'NONE', #1501, #254, #1477, .T. ) ;
#1440 = CARTESIAN_POINT ( 'NONE',  ( 432.0002626870000313, -1394.000000000000000, 1249.000000000000000 ) ) ;
#1441 = EDGE_CURVE ( 'NONE', #916, #1264, #1375, .T. ) ;
#1442 = VERTEX_POINT ( 'NONE', #1119 ) ;
#1443 = ORIENTED_EDGE ( 'NONE', *, *, #630, .T. ) ;
#1444 = FACE_OUTER_BOUND ( 'NONE', #1192, .T. ) ;
#1445 = ORIENTED_EDGE ( 'NONE', *, *, #849, .T. ) ;
#1446 = EDGE_CURVE ( 'NONE', #247, #1507, #562, .T. ) ;
#1447 = UNCERTAINTY_MEASURE_WITH_UNIT (LENGTH_MEASURE( 1.000000000000000082E-05 ), #926, 'distance_accuracy_value', 'NONE');
#1448 = ORIENTED_EDGE ( 'NONE', *, *, #1663, .F. ) ;
#1449 = CARTESIAN_POINT ( 'NONE',  ( 470.0002626870000313, -1397.000000000000000, 1249.000000000000000 ) ) ;
#1450 = CARTESIAN_POINT ( 'NONE',  ( 441.0002626869999744, -1482.000000000000000, 1042.000000000000000 ) ) ;
#1451 = CARTESIAN_POINT ( 'NONE',  ( 426.0002626870000313, -1391.000000000000000, 1249.000000000000000 ) ) ;
#1452 = ORIENTED_EDGE ( 'NONE', *, *, #1474, .F. ) ;
#1453 = EDGE_CURVE ( 'NONE', #1426, #949, #309, .T. ) ;
#1454 = ORIENTED_EDGE ( 'NONE', *, *, #810, .F. ) ;
#1455 = CARTESIAN_POINT ( 'NONE',  ( 1591.000262687000031, -1394.000000000000000, -250.0000000000000000 ) ) ;
#1456 = VECTOR ( 'NONE', #633, 1000.000000000000000 ) ;
#1457 = DIRECTION ( 'NONE',  ( 0.000000000000000000, 1.000000000000000000, 0.000000000000000000 ) ) ;
#1458 = VECTOR ( 'NONE', #356, 1000.000000000000000 ) ;
#1459 = CARTESIAN_POINT ( 'NONE',  ( 432.0002626870000313, -1353.000000000000000, 1042.000000000000000 ) ) ;
#1460 = CARTESIAN_POINT ( 'NONE',  ( 426.0002626870000313, -1377.000000000000000, 1081.290926197000090 ) ) ;
#1461 = ORIENTED_EDGE ( 'NONE', *, *, #66, .F. ) ;
#1462 = VERTEX_POINT ( 'NONE', #431 ) ;
#1463 = DIRECTION ( 'NONE',  ( 0.000000000000000000, -1.000000000000000000, 0.000000000000000000 ) ) ;
#1464 = PRESENTATION_STYLE_ASSIGNMENT (( #614 ) ) ;
#1465 = CARTESIAN_POINT ( 'NONE',  ( 476.0002626870000313, -1359.500000000000000, 1239.186291500999914 ) ) ;
#1466 = ADVANCED_FACE ( 'NONE', ( #1620, #951, #718 ), #35, .F. ) ;
#1467 = CARTESIAN_POINT ( 'NONE',  ( 454.3335960202165325, -1350.000000000000000, 1026.000000000039790 ) ) ;
#1468 = B_SPLINE_CURVE_WITH_KNOTS ( 'NONE', 3,
 ( #1265, #758, #458, #1680 ),
 .UNSPECIFIED., .F., .F.,
 ( 4, 4 ),
 ( 0.006178537930747414475, 0.9937548754633139803 ),
 .UNSPECIFIED. ) ;
#1469 = CARTESIAN_POINT ( 'NONE',  ( 473.0002626870000313, -1362.000000000000000, 1356.000000000000000 ) ) ;
#1470 = VERTEX_POINT ( 'NONE', #43 ) ;
#1471 =( NAMED_UNIT ( * ) SI_UNIT ( $, .STERADIAN. ) SOLID_ANGLE_UNIT ( ) );
#1472 = CARTESIAN_POINT ( 'NONE',  ( 472.9904341699281076, -1352.757359313626921, 1248.414213562373334 ) ) ;
#1473 = DIRECTION ( 'NONE',  ( 0.000000000000000000, 0.000000000000000000, -1.000000000000000000 ) ) ;
#1474 = EDGE_CURVE ( 'NONE', #1093, #254, #59, .T. ) ;
#1475 = ORIENTED_EDGE ( 'NONE', *, *, #1387, .T. ) ;
#1476 = DIRECTION ( 'NONE',  ( 0.000000000000000000, 0.000000000000000000, -1.000000000000000000 ) ) ;
#1477 = LINE ( 'NONE', #184, #1405 ) ;
#1478 = ORIENTED_EDGE ( 'NONE', *, *, #1663, .T. ) ;
#1479 = LINE ( 'NONE', #1186, #710 ) ;
#1480 = PRESENTATION_LAYER_ASSIGNMENT (  '', '', ( #1540 ) ) ;
#1481 = CARTESIAN_POINT ( 'NONE',  ( 473.0002626870000313, -1357.742638170119790, 1243.428934705119900 ) ) ;
#1482 = PRESENTATION_LAYER_ASSIGNMENT (  '', '', ( #510 ) ) ;
#1483 = MECHANICAL_DESIGN_GEOMETRIC_PRESENTATION_REPRESENTATION (  '', ( #1379 ), #94 ) ;
#1484 = VECTOR ( 'NONE', #1416, 1000.000000000000000 ) ;
#1485 = EDGE_CURVE ( 'NONE', #859, #1417, #1621, .T. ) ;
#1486 = CARTESIAN_POINT ( 'NONE',  ( 441.0002626869999744, -1350.000000000000000, 1356.000000000000000 ) ) ;
#1487 = SHAPE_DEFINITION_REPRESENTATION ( #1063, #1395 ) ;
#1488 = PRESENTATION_LAYER_ASSIGNMENT (  '', '', ( #515 ) ) ;
#1489 =( GEOMETRIC_REPRESENTATION_CONTEXT ( 3 ) GLOBAL_UNCERTAINTY_ASSIGNED_CONTEXT ( ( #218 ) ) GLOBAL_UNIT_ASSIGNED_CONTEXT ( ( #696, #720, #298 ) ) REPRESENTATION_CONTEXT ( 'NONE', 'WORKASPACE' ) );
#1490 = CARTESIAN_POINT ( 'NONE',  ( 451.0000000000000000, -1347.000000000000000, 1106.290926197000090 ) ) ;
#1491 = EDGE_CURVE ( 'NONE', #192, #496, #1224, .T. ) ;
#1492 = EDGE_LOOP ( 'NONE', ( #1611, #1050 ) ) ;
#1493 = ORIENTED_EDGE ( 'NONE', *, *, #199, .F. ) ;
#1494 =( NAMED_UNIT ( * ) SI_UNIT ( $, .STERADIAN. ) SOLID_ANGLE_UNIT ( ) );
#1495 = CARTESIAN_POINT ( 'NONE',  ( 426.0002626870000313, -1391.000000000000000, 1042.000000000000000 ) ) ;
#1496 = PLANE ( 'NONE',  #511 ) ;
#1497 = ORIENTED_EDGE ( 'NONE', *, *, #133, .T. ) ;
#1498 = EDGE_CURVE ( 'NONE', #1561, #1320, #685, .T. ) ;
#1499 = CARTESIAN_POINT ( 'NONE',  ( 474.0002626870000313, -1371.760917098328036, 1247.000000000000000 ) ) ;
#1500 = FILL_AREA_STYLE_COLOUR ( '', #811 ) ;
#1501 = VERTEX_POINT ( 'NONE', #23 ) ;
#1502 = FILL_AREA_STYLE ('',( #970 ) ) ;
#1503 = CARTESIAN_POINT ( 'NONE',  ( 432.0002626870000313, -1391.000000000000000, 1249.000000000000000 ) ) ;
#1504 = ORIENTED_EDGE ( 'NONE', *, *, #1312, .F. ) ;
#1505 = EDGE_CURVE ( 'NONE', #156, #247, #549, .T. ) ;
#1506 = CARTESIAN_POINT ( 'NONE',  ( 451.0000000000000000, -1397.000000000000000, 1106.290926197000090 ) ) ;
#1507 = VERTEX_POINT ( 'NONE', #304 ) ;
#1508 = SURFACE_STYLE_FILL_AREA ( #702 ) ;
#1509 =( NAMED_UNIT ( * ) PLANE_ANGLE_UNIT ( ) SI_UNIT ( $, .RADIAN. ) );
#1510 = VECTOR ( 'NONE', #1596, 1000.000000000000000 ) ;
#1511 = VECTOR ( 'NONE', #124, 1000.000000000000000 ) ;
#1512 = DIRECTION ( 'NONE',  ( -1.000000000000000000, 0.000000000000000000, 0.000000000000000000 ) ) ;
#1513 = AXIS2_PLACEMENT_3D ( 'NONE', #376, #251, #809 ) ;
#1514 = VECTOR ( 'NONE', #1583, 1000.000000000000000 ) ;
#1515 = EDGE_LOOP ( 'NONE', ( #289, #410 ) ) ;
#1516 = FILL_AREA_STYLE ('',( #1374 ) ) ;
#1517 = AXIS2_PLACEMENT_3D ( 'NONE', #1499, #950, #1111 ) ;
#1518 = FACE_OUTER_BOUND ( 'NONE', #724, .T. ) ;
#1519 = DIRECTION ( 'NONE',  ( 0.000000000000000000, -0.7071067811865475727, 0.7071067811865475727 ) ) ;
#1520 = EDGE_CURVE ( 'NONE', #1501, #402, #788, .T. ) ;
#1521 = DIRECTION ( 'NONE',  ( 0.000000000000000000, 0.000000000000000000, -1.000000000000000000 ) ) ;
#1522 = VERTEX_POINT ( 'NONE', #99 ) ;
#1523 = SURFACE_STYLE_FILL_AREA ( #1516 ) ;
#1524 = DIRECTION ( 'NONE',  ( 0.000000000000000000, 0.000000000000000000, -1.000000000000000000 ) ) ;
#1525 = ORIENTED_EDGE ( 'NONE', *, *, #1205, .F. ) ;
#1526 = CARTESIAN_POINT ( 'NONE',  ( 426.0002626870000313, -1391.000000000000000, 1042.000000000000000 ) ) ;
#1527 = CARTESIAN_POINT ( 'NONE',  ( 454.3335960202165325, -1347.000000000000000, 1026.000000000039790 ) ) ;
#1528 = PLANE ( 'NONE',  #176 ) ;
#1529 = EDGE_CURVE ( 'NONE', #960, #189, #346, .T. ) ;
#1530 = PLANE ( 'NONE',  #1266 ) ;
#1531 = ORIENTED_EDGE ( 'NONE', *, *, #935, .F. ) ;
#1532 = CYLINDRICAL_SURFACE ( 'NONE', #1102, 5.000000000000004441 ) ;
#1533 = CARTESIAN_POINT ( 'NONE',  ( 429.0002626870000313, -1353.000000000000000, 1042.000000000000000 ) ) ;
#1534 = ORIENTED_EDGE ( 'NONE', *, *, #1223, .T. ) ;
#1535 = DIRECTION ( 'NONE',  ( 1.000000000000000000, 0.000000000000000000, -0.000000000000000000 ) ) ;
#1536 = CARTESIAN_POINT ( 'NONE',  ( 470.0002626870000313, -1353.000000000000000, 1356.000000000000000 ) ) ;
#1537 = CARTESIAN_POINT ( 'NONE',  ( 426.0002626870000313, -1367.000000000000000, 1081.290926197000090 ) ) ;
#1538 = SURFACE_STYLE_USAGE ( .BOTH. , #1151 ) ;
#1539 = UNCERTAINTY_MEASURE_WITH_UNIT (LENGTH_MEASURE( 1.000000000000000082E-05 ), #1404, 'distance_accuracy_value', 'NONE');
#1540 = STYLED_ITEM ( 'NONE', ( #694 ), #1466 ) ;
#1541 = VECTOR ( 'NONE', #1100, 1000.000000000000000 ) ;
#1542 = ORIENTED_EDGE ( 'NONE', *, *, #743, .F. ) ;
#1543 = EDGE_CURVE ( 'NONE', #128, #949, #744, .T. ) ;
#1544 = VECTOR ( 'NONE', #954, 1000.000000000000000 ) ;
#1545 = AXIS2_PLACEMENT_3D ( 'NONE', #668, #550, #1195 ) ;
#1546 = FACE_OUTER_BOUND ( 'NONE', #228, .T. ) ;
#1547 = ORIENTED_EDGE ( 'NONE', *, *, #363, .F. ) ;
#1548 = DIRECTION ( 'NONE',  ( 0.000000000000000000, 0.000000000000000000, -1.000000000000000000 ) ) ;
#1549 = CYLINDRICAL_SURFACE ( 'NONE', #1325, 5.000000000000004441 ) ;
#1550 = CIRCLE ( 'NONE', #794, 2.999999999999891642 ) ;
#1551 = DIRECTION ( 'NONE',  ( 0.000000000000000000, 0.000000000000000000, -1.000000000000000000 ) ) ;
#1552 = ORIENTED_EDGE ( 'NONE', *, *, #826, .T. ) ;
#1553 =( NAMED_UNIT ( * ) PLANE_ANGLE_UNIT ( ) SI_UNIT ( $, .RADIAN. ) );
#1554 = ADVANCED_FACE ( 'NONE', ( #1256, #1277 ), #1418, .F. ) ;
#1555 = CARTESIAN_POINT ( 'NONE',  ( 473.0002626870000313, -1371.760917098328036, 1247.000000000000000 ) ) ;
#1556 = ORIENTED_EDGE ( 'NONE', *, *, #313, .T. ) ;
#1557 = PLANE ( 'NONE',  #150 ) ;
#1558 = CARTESIAN_POINT ( 'NONE',  ( 473.0002626870000313, -1391.000000000000000, 1249.000000000000000 ) ) ;
#1559 = CARTESIAN_POINT ( 'NONE',  ( 451.0000000000000000, -1347.000000000000000, 1056.290926196999862 ) ) ;
#1560 = ORIENTED_EDGE ( 'NONE', *, *, #1505, .F. ) ;
#1561 = VERTEX_POINT ( 'NONE', #77 ) ;
#1562 = EDGE_CURVE ( 'NONE', #1078, #437, #1233, .T. ) ;
#1563 = CARTESIAN_POINT ( 'NONE',  ( 470.0002626870000881, -1350.000000000000227, 1249.000000000000000 ) ) ;
#1564 = ADVANCED_FACE ( 'NONE', ( #1146 ), #55, .F. ) ;
#1565 = DIRECTION ( 'NONE',  ( 1.000000000000000000, 0.000000000000000000, 0.000000000000000000 ) ) ;
#1566 = ORIENTED_EDGE ( 'NONE', *, *, #1117, .F. ) ;
#1567 = AXIS2_PLACEMENT_3D ( 'NONE', #397, #803, #1323 ) ;
#1568 = AXIS2_PLACEMENT_3D ( 'NONE', #661, #1463, #1594 ) ;
#1569 = CIRCLE ( 'NONE', #312, 3.000000000000027534 ) ;
#1570 = ORIENTED_EDGE ( 'NONE', *, *, #642, .T. ) ;
#1571 = LINE ( 'NONE', #469, #1163 ) ;
#1572 = CARTESIAN_POINT ( 'NONE',  ( 472.9688434553718821, -1352.551584812091278, 1248.599477654322072 ) ) ;
#1573 = AXIS2_PLACEMENT_3D ( 'NONE', #1098, #58, #1548 ) ;
#1574 = CIRCLE ( 'NONE', #98, 4.999999999999893419 ) ;
#1575 = DIRECTION ( 'NONE',  ( -1.000000000000000000, 0.000000000000000000, 0.000000000000000000 ) ) ;
#1576 = CARTESIAN_POINT ( 'NONE',  ( 461.0002626869626852, -1350.000000000000000, 1042.000000000015916 ) ) ;
#1577 = EDGE_CURVE ( 'NONE', #749, #672, #1139, .T. ) ;
#1578 = PRODUCT_DEFINITION_FORMATION_WITH_SPECIFIED_SOURCE ( '»Œ∫Œ', '', #32, .NOT_KNOWN. ) ;
#1579 = EDGE_LOOP ( 'NONE', ( #578, #422, #1347, #594, #1628, #1222 ) ) ;
#1580 = ORIENTED_EDGE ( 'NONE', *, *, #324, .F. ) ;
#1581 = CARTESIAN_POINT ( 'NONE',  ( 472.7752585590766898, -1351.831139803194674, 1248.957496254159196 ) ) ;
#1582 =( NAMED_UNIT ( * ) SI_UNIT ( $, .STERADIAN. ) SOLID_ANGLE_UNIT ( ) );
#1583 = DIRECTION ( 'NONE',  ( 0.000000000000000000, 0.000000000000000000, 1.000000000000000000 ) ) ;
#1584 = EDGE_CURVE ( 'NONE', #712, #960, #1015, .T. ) ;
#1585 = CARTESIAN_POINT ( 'NONE',  ( 432.0002626870000313, -1391.000000000000000, 1042.000000000000000 ) ) ;
#1586 = ORIENTED_EDGE ( 'NONE', *, *, #1543, .F. ) ;
#1587 = ORIENTED_EDGE ( 'NONE', *, *, #438, .F. ) ;
#1588 = DIRECTION ( 'NONE',  ( 0.000000000000000000, 0.000000000000000000, -1.000000000000000000 ) ) ;
#1589 = LINE ( 'NONE', #505, #871 ) ;
#1590 = DIRECTION ( 'NONE',  ( -1.850371707708661024E-14, -1.000000000000000000, 0.000000000000000000 ) ) ;
#1591 = VERTEX_POINT ( 'NONE', #459 ) ;
#1592 = AXIS2_PLACEMENT_3D ( 'NONE', #861, #1425, #1295 ) ;
#1593 = ORIENTED_EDGE ( 'NONE', *, *, #1696, .T. ) ;
#1594 = DIRECTION ( 'NONE',  ( 1.000000000000000000, 0.000000000000000000, 0.000000000000000000 ) ) ;
#1595 = MECHANICAL_DESIGN_GEOMETRIC_PRESENTATION_REPRESENTATION (  '', ( #1649 ), #537 ) ;
#1596 = DIRECTION ( 'NONE',  ( -1.000000000000000000, 0.000000000000000000, 0.000000000000000000 ) ) ;
#1597 = VECTOR ( 'NONE', #1024, 1000.000000000000000 ) ;
#1598 = CARTESIAN_POINT ( 'NONE',  ( 432.0002626870000313, -1394.000000000000000, 1042.000000000000000 ) ) ;
#1599 = LINE ( 'NONE', #138, #657 ) ;
#1600 =( BOUNDED_CURVE ( )  B_SPLINE_CURVE ( 3, ( #721, #551, #1614, #1250 ),
 .UNSPECIFIED., .F., .T. ) 
 B_SPLINE_CURVE_WITH_KNOTS ( ( 4, 4 ),
 ( 1.570796326753189254, 1.651764997353598163 ),
 .UNSPECIFIED. ) 
 CURVE ( )  GEOMETRIC_REPRESENTATION_ITEM ( )  RATIONAL_B_SPLINE_CURVE ( ( 1.000000000000000000, 0.9994537474793583343, 0.9994537474793583343, 1.000000000000000000 ) ) 
 REPRESENTATION_ITEM ( '' )  );
#1601 = CIRCLE ( 'NONE', #1438, 4.999999999999893419 ) ;
#1602 = DIRECTION ( 'NONE',  ( 0.000000000000000000, 0.000000000000000000, -1.000000000000000000 ) ) ;
#1603 = VERTEX_POINT ( 'NONE', #759 ) ;
#1604 = DIRECTION ( 'NONE',  ( -1.000000000000000000, 0.000000000000000000, 0.000000000000000000 ) ) ;
#1605 = ADVANCED_FACE ( 'NONE', ( #1546 ), #220, .F. ) ;
#1606 = LINE ( 'NONE', #1449, #1510 ) ;
#1607 = CARTESIAN_POINT ( 'NONE',  ( 432.0002626870000313, -1353.000000000000000, 1042.000000000000000 ) ) ;
#1608 = LINE ( 'NONE', #1109, #391 ) ;
#1609 = ORIENTED_EDGE ( 'NONE', *, *, #139, .T. ) ;
#1610 = CARTESIAN_POINT ( 'NONE',  ( 470.0002626870000313, -1391.000000000000000, 1356.000000000000000 ) ) ;
#1611 = ORIENTED_EDGE ( 'NONE', *, *, #313, .F. ) ;
#1612 = CARTESIAN_POINT ( 'NONE',  ( 470.0002626870000313, -1347.000000000000000, 1249.000000000000000 ) ) ;
#1613 = EDGE_CURVE ( 'NONE', #1426, #868, #86, .T. ) ;
#1614 = CARTESIAN_POINT ( 'NONE',  ( 472.9969847240504919, -1352.838084769967736, 1248.333488106032064 ) ) ;
#1615 = EDGE_CURVE ( 'NONE', #1561, #933, #732, .T. ) ;
#1616 = B_SPLINE_SURFACE_WITH_KNOTS ( 'NONE', 3, 1, ( 
 ( #1631, #1288 ),
 ( #772, #734 ),
 ( #643, #1156 ),
 ( #1017, #1435 ) ),
 .UNSPECIFIED., .F., .F., .F.,
 ( 4, 4 ),
 ( 2, 2 ),
 ( 0.006178537930374154025, 0.9937548754173117782 ),
 ( 0.000000000000000000, 1.000000000000000000 ),
 .UNSPECIFIED. ) ;
#1617 = CARTESIAN_POINT ( 'NONE',  ( 432.0002626870000313, -1350.000000000000000, 1249.000000000000000 ) ) ;
#1618 = ORIENTED_EDGE ( 'NONE', *, *, #558, .F. ) ;
#1619 = DIRECTION ( 'NONE',  ( 0.000000000000000000, 0.000000000000000000, -1.000000000000000000 ) ) ;
#1620 = FACE_OUTER_BOUND ( 'NONE', #21, .T. ) ;
#1621 = CIRCLE ( 'NONE', #1123, 4.999999999999893419 ) ;
#1622 =( GEOMETRIC_REPRESENTATION_CONTEXT ( 3 ) GLOBAL_UNCERTAINTY_ASSIGNED_CONTEXT ( ( #981 ) ) GLOBAL_UNIT_ASSIGNED_CONTEXT ( ( #120, #248, #942 ) ) REPRESENTATION_CONTEXT ( 'NONE', 'WORKASPACE' ) );
#1623 = EDGE_CURVE ( 'NONE', #1442, #352, #1153, .T. ) ;
#1624 = DIRECTION ( 'NONE',  ( 0.000000000000000000, 1.000000000000000000, 0.000000000000000000 ) ) ;
#1625 = UNCERTAINTY_MEASURE_WITH_UNIT (LENGTH_MEASURE( 1.000000000000000082E-05 ), #930, 'distance_accuracy_value', 'NONE');
#1626 = VECTOR ( 'NONE', #1535, 1000.000000000000000 ) ;
#1627 = ORIENTED_EDGE ( 'NONE', *, *, #1223, .F. ) ;
#1628 = ORIENTED_EDGE ( 'NONE', *, *, #1012, .T. ) ;
#1629 = DIRECTION ( 'NONE',  ( 0.000000000000000000, 1.000000000000000000, 0.000000000000000000 ) ) ;
#1630 =( NAMED_UNIT ( * ) PLANE_ANGLE_UNIT ( ) SI_UNIT ( $, .RADIAN. ) );
#1631 = CARTESIAN_POINT ( 'NONE',  ( 461.0002626869323308, -1397.000000000000000, 1042.000000000047748 ) ) ;
#1632 = LINE ( 'NONE', #1481, #1213 ) ;
#1633 = PLANE ( 'NONE',  #709 ) ;
#1634 = DIRECTION ( 'NONE',  ( 0.000000000000000000, 0.000000000000000000, 1.000000000000000000 ) ) ;
#1635 = EDGE_CURVE ( 'NONE', #974, #437, #1378, .T. ) ;
#1636 = ORIENTED_EDGE ( 'NONE', *, *, #234, .T. ) ;
#1637 = DIRECTION ( 'NONE',  ( -1.000000000000000000, 0.000000000000000000, 0.000000000000000000 ) ) ;
#1638 = CARTESIAN_POINT ( 'NONE',  ( 432.0002626870000313, -1394.000000000000000, 1042.000000000000000 ) ) ;
#1639 = ORIENTED_EDGE ( 'NONE', *, *, #1520, .F. ) ;
#1640 = CYLINDRICAL_SURFACE ( 'NONE', #1238, 4.999999999999893419 ) ;
#1641 = FILL_AREA_STYLE ('',( #1115 ) ) ;
#1642 = VERTEX_POINT ( 'NONE', #891 ) ;
#1643 = CARTESIAN_POINT ( 'NONE',  ( 475.9647004356232856, -1352.338401215826707, 1248.739806770120822 ) ) ;
#1644 =( LENGTH_UNIT ( ) NAMED_UNIT ( * ) SI_UNIT ( .MILLI., .METRE. ) );
#1645 = ORIENTED_EDGE ( 'NONE', *, *, #383, .T. ) ;
#1646 = DIRECTION ( 'NONE',  ( 0.000000000000000000, -1.000000000000000000, 0.000000000000000000 ) ) ;
#1647 = AXIS2_PLACEMENT_3D ( 'NONE', #1690, #320, #521 ) ;
#1648 = COLOUR_RGB ( '',0.6274509803921568540, 0.6274509803921568540, 0.6431372549019607199 ) ;
#1649 = STYLED_ITEM ( 'NONE', ( #1273 ), #82 ) ;
#1650 = CARTESIAN_POINT ( 'NONE',  ( 451.0000000000000000, -1347.000000000000000, 1056.290926196999862 ) ) ;
#1651 = VECTOR ( 'NONE', #1662, 1000.000000000000000 ) ;
#1652 = ORIENTED_EDGE ( 'NONE', *, *, #743, .T. ) ;
#1653 = LINE ( 'NONE', #487, #60 ) ;
#1654 = DIRECTION ( 'NONE',  ( 0.000000000000000000, -1.000000000000000000, 0.000000000000000000 ) ) ;
#1655 = EDGE_LOOP ( 'NONE', ( #1177, #1004, #1478, #1364 ) ) ;
#1656 = EDGE_CURVE ( 'NONE', #1462, #757, #900, .T. ) ;
#1657 = CARTESIAN_POINT ( 'NONE',  ( 461.0002626870000313, -1482.000000000000000, 1042.000000000000000 ) ) ;
#1658 = EDGE_LOOP ( 'NONE', ( #27, #852, #1560, #1276 ) ) ;
#1659 = DIRECTION ( 'NONE',  ( 0.000000000000000000, 0.000000000000000000, 1.000000000000000000 ) ) ;
#1660 = DIRECTION ( 'NONE',  ( 0.000000000000000000, 0.000000000000000000, 1.000000000000000000 ) ) ;
#1661 = EDGE_LOOP ( 'NONE', ( #609, #695, #952, #1190 ) ) ;
#1662 = DIRECTION ( 'NONE',  ( 1.000000000000000000, 0.000000000000000000, 0.000000000000000000 ) ) ;
#1663 = EDGE_CURVE ( 'NONE', #1442, #226, #677, .T. ) ;
#1664 = DIRECTION ( 'NONE',  ( 0.000000000000000000, 0.000000000000000000, -1.000000000000000000 ) ) ;
#1665 = ADVANCED_FACE ( 'NONE', ( #1518 ), #854, .T. ) ;
#1666 = VERTEX_POINT ( 'NONE', #1533 ) ;
#1667 = PRESENTATION_STYLE_ASSIGNMENT (( #85 ) ) ;
#1668 = CARTESIAN_POINT ( 'NONE',  ( 476.0002626870000313, -1372.000000000000000, 1081.290926197000090 ) ) ;
#1669 = VERTEX_POINT ( 'NONE', #336 ) ;
#1670 = FILL_AREA_STYLE_COLOUR ( '', #1189 ) ;
#1671 = DIRECTION ( 'NONE',  ( 0.000000000000000000, 0.000000000000000000, -1.000000000000000000 ) ) ;
#1672 = DIRECTION ( 'NONE',  ( 1.000000000000000000, 0.000000000000000000, 0.000000000000000000 ) ) ;
#1673 = CARTESIAN_POINT ( 'NONE',  ( 432.0002626870000313, -1350.000000000000227, 1249.000000000000000 ) ) ;
#1674 = VECTOR ( 'NONE', #1286, 1000.000000000000000 ) ;
#1675 = VECTOR ( 'NONE', #1169, 1000.000000000000000 ) ;
#1676 = EDGE_CURVE ( 'NONE', #1642, #1603, #872, .T. ) ;
#1677 = CIRCLE ( 'NONE', #766, 3.000000000000002665 ) ;
#1678 = AXIS2_PLACEMENT_3D ( 'NONE', #1607, #405, #919 ) ;
#1679 = ORIENTED_EDGE ( 'NONE', *, *, #777, .F. ) ;
#1680 = CARTESIAN_POINT ( 'NONE',  ( 461.0002626869623441, -1397.000000000000000, 1042.000000000015007 ) ) ;
#1681 =( GEOMETRIC_REPRESENTATION_CONTEXT ( 3 ) GLOBAL_UNCERTAINTY_ASSIGNED_CONTEXT ( ( #617 ) ) GLOBAL_UNIT_ASSIGNED_CONTEXT ( ( #992, #1509, #1494 ) ) REPRESENTATION_CONTEXT ( 'NONE', 'WORKASPACE' ) );
#1682 = AXIS2_PLACEMENT_3D ( 'NONE', #414, #944, #532 ) ;
#1683 = CARTESIAN_POINT ( 'NONE',  ( 441.0002626869999744, -1350.000000000000000, 1042.000000000000000 ) ) ;
#1684 = ORIENTED_EDGE ( 'NONE', *, *, #1377, .F. ) ;
#1685 =( GEOMETRIC_REPRESENTATION_CONTEXT ( 3 ) GLOBAL_UNCERTAINTY_ASSIGNED_CONTEXT ( ( #1625 ) ) GLOBAL_UNIT_ASSIGNED_CONTEXT ( ( #930, #1056, #812 ) ) REPRESENTATION_CONTEXT ( 'NONE', 'WORKASPACE' ) );
#1686 = CARTESIAN_POINT ( 'NONE',  ( 474.0002626870000313, -1353.500000000000000, 1239.186291500999914 ) ) ;
#1687 = FACE_OUTER_BOUND ( 'NONE', #486, .T. ) ;
#1688 = CARTESIAN_POINT ( 'NONE',  ( 429.0002626870000313, -1362.000000000000000, 1356.000000000000000 ) ) ;
#1689 = ORIENTED_EDGE ( 'NONE', *, *, #267, .T. ) ;
#1690 = CARTESIAN_POINT ( 'NONE',  ( 476.0002626870000313, -1393.500000000000000, 1229.353122809000070 ) ) ;
#1691 = ORIENTED_EDGE ( 'NONE', *, *, #472, .F. ) ;
#1692 = FACE_OUTER_BOUND ( 'NONE', #1, .T. ) ;
#1693 =( NAMED_UNIT ( * ) PLANE_ANGLE_UNIT ( ) SI_UNIT ( $, .RADIAN. ) );
#1694 = VERTEX_POINT ( 'NONE', #18 ) ;
#1695 = ORIENTED_EDGE ( 'NONE', *, *, #1168, .F. ) ;
#1696 = EDGE_CURVE ( 'NONE', #916, #701, #1550, .T. ) ;
#1697 = CARTESIAN_POINT ( 'NONE',  ( 476.0002626870000313, -1363.500000000000000, 1229.353122809000070 ) ) ;
#1698 = ORIENTED_EDGE ( 'NONE', *, *, #1387, .F. ) ;
#1699 = VECTOR ( 'NONE', #12, 1000.000000000000000 ) ;
#1700 = STYLED_ITEM ( 'NONE', ( #1193 ), #548 ) ;
#1701 = CIRCLE ( 'NONE', #875, 4.999999999999893419 ) ;
#1702 = ORIENTED_EDGE ( 'NONE', *, *, #282, .F. ) ;
#1703 = FILL_AREA_STYLE ('',( #1201 ) ) ;
#1704 = CIRCLE ( 'NONE', #314, 4.999999999999893419 ) ;
#1705 = CARTESIAN_POINT ( 'NONE',  ( 473.0002626870000313, -1363.500000000000000, 1229.353122809000070 ) ) ;
#1706 = STYLED_ITEM ( 'NONE', ( #1297 ), #447 ) ;
#1707 = EDGE_CURVE ( 'NONE', #843, #528, #1329, .T. ) ;
#1708 = FACE_OUTER_BOUND ( 'NONE', #105, .T. ) ;
#1709 = ORIENTED_EDGE ( 'NONE', *, *, #1635, .F. ) ;
#1710 = EDGE_LOOP ( 'NONE', ( #1475, #1407, #457, #782 ) ) ;
#1711 = CARTESIAN_POINT ( 'NONE',  ( 473.0002626870000313, -1353.000000000000000, 1042.000000000000000 ) ) ;
#1712 = CARTESIAN_POINT ( 'NONE',  ( 476.0002626870000313, -1371.760917098328036, 1249.000000000000000 ) ) ;
#1713 = DIRECTION ( 'NONE',  ( -0.000000000000000000, 1.000000000000000000, -0.000000000000000000 ) ) ;
ENDSEC;
END-ISO-10303-21;
