ISO-10303-21;
HEADER;
FILE_DESCRIPTION (( 'STEP AP214' ),
    '1' );
FILE_NAME ('XH-YJ38-LJ-028-A0-活动挡板.STEP',
    '2026-06-05T00:16:57',
    ( 'Microsoft' ),
    ( 'Microsoft' ),
    'SwSTEP 2.0',
    'SolidWorks 2020',
    '' );
FILE_SCHEMA (( 'AUTOMOTIVE_DESIGN' ));
ENDSEC;

DATA;
#1 = CARTESIAN_POINT ( 'NONE',  ( 476.5751022649999982, -1394.500000874000079, 1188.047423972999923 ) ) ;
#2 = ORIENTED_EDGE ( 'NONE', *, *, #1588, .F. ) ;
#3 = EDGE_LOOP ( 'NONE', ( #780, #406, #1444, #631 ) ) ;
#4 = FACE_OUTER_BOUND ( 'NONE', #1804, .T. ) ;
#5 = EDGE_CURVE ( 'NONE', #2484, #2373, #1012, .T. ) ;
#6 = ORIENTED_EDGE ( 'NONE', *, *, #1493, .F. ) ;
#7 = CARTESIAN_POINT ( 'NONE',  ( 1580.000000000000000, -1360.500000874000079, 1158.999411893999877 ) ) ;
#8 = EDGE_CURVE ( 'NONE', #1404, #2524, #1363, .T. ) ;
#9 = LINE ( 'NONE', #1214, #1642 ) ;
#10 = DIRECTION ( 'NONE',  ( 0.000000000000000000, 0.000000000000000000, 1.000000000000000000 ) ) ;
#11 = B_SPLINE_CURVE_WITH_KNOTS ( 'NONE', 3,
 ( #2008, #459, #1001, #221, #1023, #1967, #2415, #209, #977, #1812 ),
 .UNSPECIFIED., .F., .F.,
 ( 4, 2, 2, 2, 4 ),
 ( 0.000000000000000000, 0.2500000000000000000, 0.5000000000000000000, 0.7500000000000000000, 1.000000000000000000 ),
 .UNSPECIFIED. ) ;
#12 = ORIENTED_EDGE ( 'NONE', *, *, #1560, .F. ) ;
#13 = CARTESIAN_POINT ( 'NONE',  ( 445.5379905101453346, -1400.500000874000307, 1180.760803089295223 ) ) ;
#14 = VECTOR ( 'NONE', #439, 1000.000000000000000 ) ;
#15 = DIRECTION ( 'NONE',  ( 1.698641045578150293E-11, 1.000000000000000000, 0.000000000000000000 ) ) ;
#16 = ORIENTED_EDGE ( 'NONE', *, *, #364, .F. ) ;
#17 = LINE ( 'NONE', #765, #1271 ) ;
#18 = VERTEX_POINT ( 'NONE', #1729 ) ;
#19 = EDGE_CURVE ( 'NONE', #369, #1009, #1955, .T. ) ;
#20 = LINE ( 'NONE', #398, #1797 ) ;
#21 = DIRECTION ( 'NONE',  ( 1.000000000000000000, 0.000000000000000000, 0.000000000000000000 ) ) ;
#22 = AXIS2_PLACEMENT_3D ( 'NONE', #1808, #2165, #21 ) ;
#23 = EDGE_CURVE ( 'NONE', #1739, #2147, #72, .T. ) ;
#24 = CIRCLE ( 'NONE', #1350, 2.999999999999891642 ) ;
#25 = CARTESIAN_POINT ( 'NONE',  ( 450.7723503109999683, -1488.099878616000069, 1159.581968933999860 ) ) ;
#26 = VECTOR ( 'NONE', #1576, 1000.000000000000000 ) ;
#27 = ORIENTED_EDGE ( 'NONE', *, *, #2324, .F. ) ;
#28 = DIRECTION ( 'NONE',  ( 0.6694847621834431051, 0.000000000000000000, -0.7428257892697175402 ) ) ;
#29 = CARTESIAN_POINT ( 'NONE',  ( 1575.997248046000095, -1400.265924844200072, 1183.706978361959955 ) ) ;
#30 = ORIENTED_EDGE ( 'NONE', *, *, #745, .F. ) ;
#31 = CARTESIAN_POINT ( 'NONE',  ( 476.4561217257350449, -1360.500000874000079, 1134.047426609710101 ) ) ;
#32 = ORIENTED_EDGE ( 'NONE', *, *, #1920, .F. ) ;
#33 = CARTESIAN_POINT ( 'NONE',  ( 444.8411421005812940, -1360.500000874000307, 1179.242336586831698 ) ) ;
#34 = CARTESIAN_POINT ( 'NONE',  ( 1576.158032210310012, -1395.833349046280091, 1131.047423794520000 ) ) ;
#35 = ADVANCED_FACE ( 'NONE', ( #835 ), #2186, .T. ) ;
#36 = CARTESIAN_POINT ( 'NONE',  ( 476.4161875869450000, -1361.134053570699962, 1131.181585939679962 ) ) ;
#37 = ORIENTED_EDGE ( 'NONE', *, *, #1354, .F. ) ;
#38 = DIRECTION ( 'NONE',  ( 0.000000000000000000, 1.000000000000000000, -4.670593587206159884E-13 ) ) ;
#39 = EDGE_CURVE ( 'NONE', #1678, #492, #651, .T. ) ;
#40 = ORIENTED_EDGE ( 'NONE', *, *, #296, .F. ) ;
#41 = CARTESIAN_POINT ( 'NONE',  ( 1669.899999999999864, -1385.500000873999852, 1128.047423972999923 ) ) ;
#42 = LINE ( 'NONE', #1690, #69 ) ;
#43 = ORIENTED_EDGE ( 'NONE', *, *, #1641, .T. ) ;
#44 = CARTESIAN_POINT ( 'NONE',  ( 444.6723503110000024, -1363.500000873999852, 1177.156472538000116 ) ) ;
#45 = VERTEX_POINT ( 'NONE', #224 ) ;
#46 = CARTESIAN_POINT ( 'NONE',  ( 446.5724307636970138, -1360.499997273219833, 1182.047335812080064 ) ) ;
#47 = LINE ( 'NONE', #401, #599 ) ;
#48 = FACE_OUTER_BOUND ( 'NONE', #2069, .T. ) ;
#49 = EDGE_LOOP ( 'NONE', ( #43, #2248, #1838, #878 ) ) ;
#50 = CARTESIAN_POINT ( 'NONE',  ( 1594.000000000000000, -1397.500000873999852, 1146.129883359999894 ) ) ;
#51 = B_SPLINE_CURVE_WITH_KNOTS ( 'NONE', 3,
 ( #692, #2078, #113, #665, #1881, #894 ),
 .UNSPECIFIED., .F., .F.,
 ( 4, 2, 4 ),
 ( 0.000000000000000000, 0.5000000000000000000, 1.000000000000000000 ),
 .UNSPECIFIED. ) ;
#52 = EDGE_CURVE ( 'NONE', #850, #320, #255, .T. ) ;
#53 = ORIENTED_EDGE ( 'NONE', *, *, #1608, .F. ) ;
#54 = CARTESIAN_POINT ( 'NONE',  ( 1587.646883131021696, -1418.500000874000079, 1134.047423972999923 ) ) ;
#55 = DIRECTION ( 'NONE',  ( 0.000000000000000000, -1.000000000000000000, 0.000000000000000000 ) ) ;
#56 = EDGE_CURVE ( 'NONE', #1011, #507, #2374, .T. ) ;
#57 = SURFACE_STYLE_USAGE ( .BOTH. , #361 ) ;
#58 = ORIENTED_EDGE ( 'NONE', *, *, #108, .F. ) ;
#59 = DIRECTION ( 'NONE',  ( -1.000000000000000000, 0.000000000000000000, 0.000000000000000000 ) ) ;
#60 = VECTOR ( 'NONE', #740, 1000.000000000000000 ) ;
#61 = EDGE_LOOP ( 'NONE', ( #1237, #2322, #1594, #2449, #2145 ) ) ;
#62 = FACE_OUTER_BOUND ( 'NONE', #1491, .T. ) ;
#63 = CARTESIAN_POINT ( 'NONE',  ( 1600.198097487762880, -1400.500000874000079, 1137.047423972999695 ) ) ;
#64 = DIRECTION ( 'NONE',  ( 0.000000000000000000, 0.1316179340316027679, 0.9913005192378608887 ) ) ;
#65 = ORIENTED_EDGE ( 'NONE', *, *, #2282, .T. ) ;
#66 = VECTOR ( 'NONE', #1731, 1000.000000000000000 ) ;
#67 = DIRECTION ( 'NONE',  ( 0.000000000000000000, 0.9901988003910388025, -0.1396650840552059736 ) ) ;
#68 = AXIS2_PLACEMENT_3D ( 'NONE', #1604, #958, #997 ) ;
#69 = VECTOR ( 'NONE', #1219, 1000.000000000000000 ) ;
#70 = ORIENTED_EDGE ( 'NONE', *, *, #621, .T. ) ;
#71 = DIRECTION ( 'NONE',  ( 0.000000000000000000, -1.000000000000000000, 0.000000000000000000 ) ) ;
#72 = CIRCLE ( 'NONE', #2096, 2.000000000000001776 ) ;
#73 = AXIS2_PLACEMENT_3D ( 'NONE', #2006, #207, #1371 ) ;
#74 = EDGE_CURVE ( 'NONE', #1806, #2068, #211, .T. ) ;
#75 = AXIS2_PLACEMENT_3D ( 'NONE', #50, #1771, #497 ) ;
#76 = VERTEX_POINT ( 'NONE', #598 ) ;
#77 = DIRECTION ( 'NONE',  ( -0.000000000000000000, -1.000000000000000000, -0.000000000000000000 ) ) ;
#78 = ORIENTED_EDGE ( 'NONE', *, *, #453, .T. ) ;
#79 = EDGE_CURVE ( 'NONE', #216, #983, #2418, .T. ) ;
#80 = CARTESIAN_POINT ( 'NONE',  ( 1580.000000000000000, -1400.500000874000079, 1158.999411893999877 ) ) ;
#81 = CARTESIAN_POINT ( 'NONE',  ( 476.5723503100040261, -1360.500000874000079, 1142.388475394999887 ) ) ;
#82 = DIRECTION ( 'NONE',  ( 0.000000000000000000, 1.000000000000000000, 0.000000000000000000 ) ) ;
#83 = VERTEX_POINT ( 'NONE', #1400 ) ;
#84 = CARTESIAN_POINT ( 'NONE',  ( 1604.778699998004186, -1400.430516647203149, 1183.002051557165260 ) ) ;
#85 = VERTEX_POINT ( 'NONE', #792 ) ;
#86 = DIRECTION ( 'NONE',  ( 0.000000000000000000, 0.000000000000000000, 1.000000000000000000 ) ) ;
#87 = ORIENTED_EDGE ( 'NONE', *, *, #1525, .F. ) ;
#88 = CARTESIAN_POINT ( 'NONE',  ( 444.6723716670660451, -1360.500000873990075, 1177.579615115139859 ) ) ;
#89 = VERTEX_POINT ( 'NONE', #461 ) ;
#90 = DIRECTION ( 'NONE',  ( 0.000000000000000000, -1.000000000000000000, 0.000000000000000000 ) ) ;
#91 = EDGE_CURVE ( 'NONE', #1068, #1994, #1072, .T. ) ;
#92 = DIRECTION ( 'NONE',  ( 0.000000000000000000, 0.000000000000000000, -1.000000000000000000 ) ) ;
#93 = CARTESIAN_POINT ( 'NONE',  ( 476.5751022649999982, -1363.510697745379957, 1183.315134207889969 ) ) ;
#94 = ORIENTED_EDGE ( 'NONE', *, *, #453, .F. ) ;
#95 = CARTESIAN_POINT ( 'NONE',  ( 765.2723503110000820, -1366.500000874000079, 1134.047423972999923 ) ) ;
#96 = ORIENTED_EDGE ( 'NONE', *, *, #1894, .F. ) ;
#97 = FACE_OUTER_BOUND ( 'NONE', #2231, .T. ) ;
#98 = B_SPLINE_CURVE_WITH_KNOTS ( 'NONE', 3,
 ( #2456, #646, #1851, #93 ),
 .UNSPECIFIED., .F., .F.,
 ( 4, 4 ),
 ( 0.000000000000000000, 1.000000000000000000 ),
 .UNSPECIFIED. ) ;
#99 = ORIENTED_EDGE ( 'NONE', *, *, #2037, .T. ) ;
#100 = ORIENTED_EDGE ( 'NONE', *, *, #1069, .T. ) ;
#101 = CARTESIAN_POINT ( 'NONE',  ( 1575.997248046000095, -1363.500000873999852, 1183.047423972999923 ) ) ;
#102 = AXIS2_PLACEMENT_3D ( 'NONE', #2441, #843, #2257 ) ;
#103 = DIRECTION ( 'NONE',  ( 0.000000000000000000, 1.000000000000000000, 0.000000000000000000 ) ) ;
#104 = ADVANCED_FACE ( 'NONE', ( #635 ), #1004, .T. ) ;
#105 = DIRECTION ( 'NONE',  ( 1.000000000000000000, 0.000000000000000000, 0.000000000000000000 ) ) ;
#106 = ORIENTED_EDGE ( 'NONE', *, *, #232, .F. ) ;
#107 = DIRECTION ( 'NONE',  ( -1.110223024625196678E-13, 0.000000000000000000, 1.000000000000000000 ) ) ;
#108 = EDGE_CURVE ( 'NONE', #76, #626, #442, .T. ) ;
#109 = B_SPLINE_CURVE_WITH_KNOTS ( 'NONE', 3,
 ( #133, #1380, #2357, #829, #1605, #1992, #607, #233, #1768 ),
 .UNSPECIFIED., .F., .F.,
 ( 4, 1, 1, 1, 1, 1, 4 ),
 ( 0.000000000000000000, 0.1250000000000000000, 0.2500000000000000000, 0.5000000000000000000, 0.7500000000000000000, 0.8750000000000000000, 1.000000000000000000 ),
 .UNSPECIFIED. ) ;
#110 = AXIS2_PLACEMENT_3D ( 'NONE', #2482, #1437, #670 ) ;
#111 = DIRECTION ( 'NONE',  ( 0.01393317611376270436, 0.000000000000000000, 0.9999029285902621966 ) ) ;
#112 = ORIENTED_EDGE ( 'NONE', *, *, #1114, .F. ) ;
#113 = CARTESIAN_POINT ( 'NONE',  ( 1607.034359805641316, -1360.500000874000307, 1180.760803080750293 ) ) ;
#114 = CIRCLE ( 'NONE', #1551, 2.999999999999891642 ) ;
#115 = AXIS2_PLACEMENT_3D ( 'NONE', #126, #1702, #334 ) ;
#116 = EDGE_LOOP ( 'NONE', ( #825, #145, #1066, #666 ) ) ;
#117 = VECTOR ( 'NONE', #1554, 1000.000000000000000 ) ;
#118 = UNCERTAINTY_MEASURE_WITH_UNIT (LENGTH_MEASURE( 1.000000000000000082E-05 ), #192, 'distance_accuracy_value', 'NONE');
#119 = CARTESIAN_POINT ( 'NONE',  ( 1605.999768565060094, -1400.500000873990075, 1182.047423976630171 ) ) ;
#120 = CARTESIAN_POINT ( 'NONE',  ( 466.9339214651207044, -1397.500000873999852, 1134.818946603951190 ) ) ;
#121 = CARTESIAN_POINT ( 'NONE',  ( 476.4149931820000461, -1342.500000874000079, 1131.095870450000120 ) ) ;
#122 = ORIENTED_EDGE ( 'NONE', *, *, #1158, .T. ) ;
#123 = LINE ( 'NONE', #2075, #852 ) ;
#124 = CARTESIAN_POINT ( 'NONE',  ( 476.5751022649999982, -1360.734076904019958, 1183.706978362720065 ) ) ;
#125 = ORIENTED_EDGE ( 'NONE', *, *, #1412, .T. ) ;
#126 = CARTESIAN_POINT ( 'NONE',  ( 472.5723503109999797, -1349.500000873999852, 1148.999411893999877 ) ) ;
#127 = EDGE_CURVE ( 'NONE', #507, #1203, #2059, .T. ) ;
#128 = VERTEX_POINT ( 'NONE', #2404 ) ;
#129 = CARTESIAN_POINT ( 'NONE',  ( 1576.199835793799821, -1394.500003583080115, 1128.047423972999923 ) ) ;
#130 = DIRECTION ( 'NONE',  ( 0.000000000000000000, -0.1316179340315949964, 0.9913005192378619990 ) ) ;
#131 = DIRECTION ( 'NONE',  ( 0.01393317431592850167, 0.000000000000000000, -0.9999029286153140461 ) ) ;
#132 = ORIENTED_EDGE ( 'NONE', *, *, #1081, .T. ) ;
#133 = CARTESIAN_POINT ( 'NONE',  ( 1576.116228565150095, -1360.500000874000079, 1134.047428015499918 ) ) ;
#134 = DIRECTION ( 'NONE',  ( 1.000000000000000000, 0.000000000000000000, 0.000000000000000000 ) ) ;
#135 = ORIENTED_EDGE ( 'NONE', *, *, #91, .T. ) ;
#136 = CARTESIAN_POINT ( 'NONE',  ( 1576.000000000000000, -1411.500000873999852, 1148.999411893999877 ) ) ;
#137 = CARTESIAN_POINT ( 'NONE',  ( 1607.900000000000091, -1265.500000874000079, 1212.047423972999923 ) ) ;
#138 = ADVANCED_FACE ( 'NONE', ( #1248 ), #1622, .T. ) ;
#139 = ORIENTED_EDGE ( 'NONE', *, *, #1657, .F. ) ;
#140 = ADVANCED_FACE ( 'NONE', ( #2039 ), #1610, .T. ) ;
#141 = DIRECTION ( 'NONE',  ( 0.000000000000000000, 0.000000000000000000, -1.000000000000000000 ) ) ;
#142 = CARTESIAN_POINT ( 'NONE',  ( 464.6723503110000024, -1400.500000874000079, 1148.784408176000170 ) ) ;
#143 = B_SPLINE_CURVE_WITH_KNOTS ( 'NONE', 3,
 ( #1397, #1233, #417, #1383, #252, #779, #596 ),
 .UNSPECIFIED., .F., .F.,
 ( 4, 1, 1, 1, 4 ),
 ( 0.000000000000000000, 0.2500000000000000000, 0.5000000000000000000, 0.7500000000000000000, 1.000000000000000000 ),
 .UNSPECIFIED. ) ;
#144 = LINE ( 'NONE', #328, #491 ) ;
#145 = ORIENTED_EDGE ( 'NONE', *, *, #2487, .T. ) ;
#146 = LINE ( 'NONE', #925, #2099 ) ;
#147 = FACE_OUTER_BOUND ( 'NONE', #1819, .T. ) ;
#148 = CARTESIAN_POINT ( 'NONE',  ( 1587.900000000000091, -1363.500000873999852, 1148.784408176000170 ) ) ;
#149 = ORIENTED_EDGE ( 'NONE', *, *, #2338, .T. ) ;
#150 = CIRCLE ( 'NONE', #483, 2.999999999999891642 ) ;
#151 = ADVANCED_FACE ( 'NONE', ( #1826 ), #1235, .F. ) ;
#152 = VECTOR ( 'NONE', #1172, 1000.000000000000000 ) ;
#153 = VECTOR ( 'NONE', #2198, 1000.000000000000000 ) ;
#154 = CARTESIAN_POINT ( 'NONE',  ( 444.6723503110000024, -1397.500000873999852, 1177.088848350339958 ) ) ;
#155 = CARTESIAN_POINT ( 'NONE',  ( 476.5751022649999982, -1400.292121505949808, 1183.613099093940036 ) ) ;
#156 = VECTOR ( 'NONE', #2067, 1000.000000000000000 ) ;
#157 = EDGE_CURVE ( 'NONE', #389, #424, #2027, .T. ) ;
#158 = AXIS2_PLACEMENT_3D ( 'NONE', #1517, #1905, #951 ) ;
#159 = CARTESIAN_POINT ( 'NONE',  ( 444.6723503110000024, -1397.500000873999852, 1177.088848350569833 ) ) ;
#160 = EDGE_LOOP ( 'NONE', ( #1663, #1612, #668, #2565 ) ) ;
#161 = PLANE ( 'NONE',  #1928 ) ;
#162 = CARTESIAN_POINT ( 'NONE',  ( 444.6723503110000024, -1400.500000874000079, 1148.784408176000170 ) ) ;
#163 = ORIENTED_EDGE ( 'NONE', *, *, #1809, .T. ) ;
#164 = DIRECTION ( 'NONE',  ( 0.000000000000000000, 0.000000000000000000, 1.000000000000000000 ) ) ;
#165 = ORIENTED_EDGE ( 'NONE', *, *, #1169, .F. ) ;
#166 = CARTESIAN_POINT ( 'NONE',  ( 446.5724307636970138, -1360.499997273219833, 1182.047335812080064 ) ) ;
#167 = EDGE_CURVE ( 'NONE', #2074, #2349, #1049, .T. ) ;
#168 = PLANE ( 'NONE',  #1962 ) ;
#169 = ORIENTED_EDGE ( 'NONE', *, *, #806, .F. ) ;
#170 = CARTESIAN_POINT ( 'NONE',  ( 1576.158032207829820, -1365.999976533619929, 1131.047423972170009 ) ) ;
#171 = ADVANCED_FACE ( 'NONE', ( #1103 ), #1064, .T. ) ;
#172 = CARTESIAN_POINT ( 'NONE',  ( 1583.747235298000078, -1411.500000873999852, 1136.523417934000008 ) ) ;
#173 = ORIENTED_EDGE ( 'NONE', *, *, #593, .F. ) ;
#174 = DIRECTION ( 'NONE',  ( 0.000000000000000000, -1.000000000000000000, 0.000000000000000000 ) ) ;
#175 = ORIENTED_EDGE ( 'NONE', *, *, #874, .F. ) ;
#176 = CARTESIAN_POINT ( 'NONE',  ( 1669.899999999999864, -1400.500000874000079, 1153.047423972999923 ) ) ;
#177 = LINE ( 'NONE', #579, #1723 ) ;
#178 = CARTESIAN_POINT ( 'NONE',  ( 1576.000000000000000, -1411.500000873999852, 1148.999411893999877 ) ) ;
#179 = DIRECTION ( 'NONE',  ( 1.000000000000000000, 0.000000000000000000, 0.000000000000000000 ) ) ;
#180 = EDGE_CURVE ( 'NONE', #2224, #1945, #866, .T. ) ;
#181 = LINE ( 'NONE', #818, #2309 ) ;
#182 = ORIENTED_EDGE ( 'NONE', *, *, #2130, .T. ) ;
#183 = CYLINDRICAL_SURFACE ( 'NONE', #1555, 2.999999999999891642 ) ;
#184 = AXIS2_PLACEMENT_3D ( 'NONE', #569, #1764, #1545 ) ;
#185 = ADVANCED_FACE ( 'NONE', ( #294 ), #703, .T. ) ;
#186 = ORIENTED_EDGE ( 'NONE', *, *, #2098, .T. ) ;
#187 = CIRCLE ( 'NONE', #926, 2.999999999999891642 ) ;
#188 = LINE ( 'NONE', #382, #2546 ) ;
#189 = CARTESIAN_POINT ( 'NONE',  ( 452.3742528232371569, -1397.500000873999852, 1137.047423972999695 ) ) ;
#190 = ORIENTED_EDGE ( 'NONE', *, *, #1229, .T. ) ;
#191 = VECTOR ( 'NONE', #655, 1000.000000000000000 ) ;
#192 =( LENGTH_UNIT ( ) NAMED_UNIT ( * ) SI_UNIT ( .MILLI., .METRE. ) );
#193 = AXIS2_PLACEMENT_3D ( 'NONE', #1661, #86, #2279 ) ;
#194 = AXIS2_PLACEMENT_3D ( 'NONE', #1930, #941, #2104 ) ;
#195 = CARTESIAN_POINT ( 'NONE',  ( 450.7723502016229986, -1400.292121502479858, 1183.613099108800043 ) ) ;
#196 = CARTESIAN_POINT ( 'NONE',  ( 1580.000000000000000, -1400.500000874000079, 1146.129883359999894 ) ) ;
#197 = ORIENTED_EDGE ( 'NONE', *, *, #896, .F. ) ;
#198 = CARTESIAN_POINT ( 'NONE',  ( 1576.135482815690011, -1400.381827388609963, 1132.665662573779855 ) ) ;
#199 = EDGE_CURVE ( 'NONE', #424, #983, #1058, .T. ) ;
#200 = ORIENTED_EDGE ( 'NONE', *, *, #268, .T. ) ;
#201 = DIRECTION ( 'NONE',  ( 0.000000000000000000, -1.000000000000000000, 0.000000000000000000 ) ) ;
#202 = EDGE_CURVE ( 'NONE', #2281, #1933, #1113, .T. ) ;
#203 = DIRECTION ( 'NONE',  ( 0.6694847624141885278, 0.000000000000000000, -0.7428257890617541159 ) ) ;
#204 = VERTEX_POINT ( 'NONE', #2499 ) ;
#205 = FACE_OUTER_BOUND ( 'NONE', #1865, .T. ) ;
#206 = CARTESIAN_POINT ( 'NONE',  ( 476.5723503099999903, -1360.500000874000079, 1142.388475394999887 ) ) ;
#207 = DIRECTION ( 'NONE',  ( 0.000000000000000000, 1.000000000000000000, 0.000000000000000000 ) ) ;
#208 = ORIENTED_EDGE ( 'NONE', *, *, #471, .T. ) ;
#209 = CARTESIAN_POINT ( 'NONE',  ( 449.1678697076854974, -1363.500000794123480, 1183.154764775803642 ) ) ;
#210 = ORIENTED_EDGE ( 'NONE', *, *, #641, .F. ) ;
#211 = LINE ( 'NONE', #1411, #968 ) ;
#212 = ADVANCED_FACE ( 'NONE', ( #1300 ), #2489, .T. ) ;
#213 = CARTESIAN_POINT ( 'NONE',  ( 1576.116228562000060, -1360.500000874000079, 1134.047428191330027 ) ) ;
#214 = ORIENTED_EDGE ( 'NONE', *, *, #889, .F. ) ;
#215 = CARTESIAN_POINT ( 'NONE',  ( 468.8251150130000156, -1349.500000873999852, 1136.523417934000008 ) ) ;
#216 = VERTEX_POINT ( 'NONE', #677 ) ;
#217 = ADVANCED_FACE ( 'NONE', ( #97 ), #500, .F. ) ;
#218 = DIRECTION ( 'NONE',  ( 1.000000000000000000, 0.000000000000000000, 0.000000000000000000 ) ) ;
#219 = CARTESIAN_POINT ( 'NONE',  ( 451.1512077337999926, -1400.500000874000079, 1134.047423972999923 ) ) ;
#220 = DIRECTION ( 'NONE',  ( 0.000000000000000000, 0.000000000000000000, 1.000000000000000000 ) ) ;
#221 = CARTESIAN_POINT ( 'NONE',  ( 445.4358762191031360, -1363.500000849282515, 1180.247025182353582 ) ) ;
#222 = ORIENTED_EDGE ( 'NONE', *, *, #1693, .T. ) ;
#223 = VECTOR ( 'NONE', #1317, 1000.000000000000000 ) ;
#224 = CARTESIAN_POINT ( 'NONE',  ( 446.5724307636970138, -1360.499997273219833, 1182.047335812080064 ) ) ;
#225 = FACE_OUTER_BOUND ( 'NONE', #1943, .T. ) ;
#226 = ORIENTED_EDGE ( 'NONE', *, *, #1173, .T. ) ;
#227 = EDGE_CURVE ( 'NONE', #2386, #1041, #1467, .T. ) ;
#228 = DIRECTION ( 'NONE',  ( -1.000000000000000000, 0.000000000000000000, 0.000000000000000000 ) ) ;
#229 = ORIENTED_EDGE ( 'NONE', *, *, #1507, .T. ) ;
#230 = AXIS2_PLACEMENT_3D ( 'NONE', #844, #2454, #1644 ) ;
#231 = DIRECTION ( 'NONE',  ( 0.000000000000000000, 1.000000000000000000, 0.000000000000000000 ) ) ;
#232 = EDGE_CURVE ( 'NONE', #952, #1999, #906, .T. ) ;
#233 = CARTESIAN_POINT ( 'NONE',  ( 1576.199835793129978, -1365.999975771940171, 1128.047424016669993 ) ) ;
#234 = VECTOR ( 'NONE', #2173, 1000.000000000000000 ) ;
#235 = AXIS2_PLACEMENT_3D ( 'NONE', #2460, #1481, #524 ) ;
#236 = VECTOR ( 'NONE', #415, 1000.000000000000000 ) ;
#237 = CARTESIAN_POINT ( 'NONE',  ( 1585.638428845966928, -1363.500000873999852, 1134.818946604048051 ) ) ;
#238 = CARTESIAN_POINT ( 'NONE',  ( 1576.116228582170152, -1400.500000874000079, 1134.047425393000140 ) ) ;
#239 = AXIS2_PLACEMENT_3D ( 'NONE', #1216, #1619, #404 ) ;
#240 = CIRCLE ( 'NONE', #2060, 20.00000000000001776 ) ;
#241 = ORIENTED_EDGE ( 'NONE', *, *, #1047, .F. ) ;
#242 = DIRECTION ( 'NONE',  ( 0.000000000000000000, 0.000000000000000000, 1.000000000000000000 ) ) ;
#243 = DIRECTION ( 'NONE',  ( 0.000000000000000000, -1.000000000000000000, 0.000000000000000000 ) ) ;
#244 = ORIENTED_EDGE ( 'NONE', *, *, #2162, .T. ) ;
#245 = DIRECTION ( 'NONE',  ( 1.000000000000000000, 0.000000000000000000, 0.000000000000000000 ) ) ;
#246 = ORIENTED_EDGE ( 'NONE', *, *, #265, .F. ) ;
#247 = CARTESIAN_POINT ( 'NONE',  ( 444.6723503110000024, -1360.500000874000079, 1148.784408176000170 ) ) ;
#248 = FACE_OUTER_BOUND ( 'NONE', #2491, .T. ) ;
#249 = EDGE_CURVE ( 'NONE', #2256, #1609, #2301, .T. ) ;
#250 = CARTESIAN_POINT ( 'NONE',  ( 765.3999999999999773, -1326.500000874000079, 1159.999411894000104 ) ) ;
#251 = ORIENTED_EDGE ( 'NONE', *, *, #314, .T. ) ;
#252 = CARTESIAN_POINT ( 'NONE',  ( 476.4302691034600343, -1363.644680238149931, 1132.192134403860109 ) ) ;
#253 = EDGE_CURVE ( 'NONE', #989, #2276, #489, .T. ) ;
#254 = VERTEX_POINT ( 'NONE', #1675 ) ;
#255 = LINE ( 'NONE', #1997, #2182 ) ;
#256 = CARTESIAN_POINT ( 'NONE',  ( 1669.899999999999864, -1394.500000874000079, 1182.047423972999923 ) ) ;
#257 = ORIENTED_EDGE ( 'NONE', *, *, #1305, .T. ) ;
#258 = PLANE ( 'NONE',  #2476 ) ;
#259 = ORIENTED_EDGE ( 'NONE', *, *, #611, .F. ) ;
#260 = CARTESIAN_POINT ( 'NONE',  ( 1576.000000000010004, -1360.500000874000079, 1158.999411893999877 ) ) ;
#261 = CARTESIAN_POINT ( 'NONE',  ( 1602.368349985603345, -1400.500000874000079, 1134.976191466587807 ) ) ;
#262 = CARTESIAN_POINT ( 'NONE',  ( 1580.000000000000000, -1411.500000873999852, 1148.999411893999877 ) ) ;
#263 = EDGE_LOOP ( 'NONE', ( #1825, #1372, #1053, #53 ) ) ;
#264 = CARTESIAN_POINT ( 'NONE',  ( 476.5723503103439498, -1397.500000873999852, 1158.999411893999877 ) ) ;
#265 = EDGE_CURVE ( 'NONE', #1621, #2068, #1289, .T. ) ;
#266 = VERTEX_POINT ( 'NONE', #2472 ) ;
#267 = DIRECTION ( 'NONE',  ( -1.000000000000000000, 0.000000000000000000, 0.000000000000000000 ) ) ;
#268 = EDGE_CURVE ( 'NONE', #1505, #819, #51, .T. ) ;
#269 = EDGE_LOOP ( 'NONE', ( #1102, #434, #1857, #560 ) ) ;
#270 = DIRECTION ( 'NONE',  ( 0.000000000000000000, 1.000000000000000000, 0.000000000000000000 ) ) ;
#271 = AXIS2_PLACEMENT_3D ( 'NONE', #764, #587, #394 ) ;
#272 = ORIENTED_EDGE ( 'NONE', *, *, #1673, .F. ) ;
#273 = CYLINDRICAL_SURFACE ( 'NONE', #102, 6.000000000000005329 ) ;
#274 = DIRECTION ( 'NONE',  ( -0.7428257896760809276, 0.000000000000000000, 0.6694847617325631051 ) ) ;
#275 = CARTESIAN_POINT ( 'NONE',  ( 1600.198097487762880, -1363.500000873999852, 1137.047423972999695 ) ) ;
#276 = ORIENTED_EDGE ( 'NONE', *, *, #2001, .T. ) ;
#277 = DIRECTION ( 'NONE',  ( 0.000000000000000000, 0.000000000000000000, 1.000000000000000000 ) ) ;
#278 = VECTOR ( 'NONE', #837, 1000.000000000000114 ) ;
#279 = EDGE_LOOP ( 'NONE', ( #229, #163, #1915, #656 ) ) ;
#280 = CARTESIAN_POINT ( 'NONE',  ( 765.3999999999999773, -1397.500000873999852, 1134.047423972999923 ) ) ;
#281 = VECTOR ( 'NONE', #390, 999.9999999999998863 ) ;
#282 = AXIS2_PLACEMENT_3D ( 'NONE', #172, #1917, #559 ) ;
#283 = EDGE_CURVE ( 'NONE', #1188, #855, #308, .T. ) ;
#284 = EDGE_LOOP ( 'NONE', ( #1176, #1638, #1162, #348 ) ) ;
#285 = CARTESIAN_POINT ( 'NONE',  ( 1602.368349985603345, -1360.500000874000079, 1134.976191466587807 ) ) ;
#286 = ORIENTED_EDGE ( 'NONE', *, *, #108, .T. ) ;
#287 = ADVANCED_FACE ( 'NONE', ( #2106 ), #1897, .T. ) ;
#288 = CARTESIAN_POINT ( 'NONE',  ( 476.4368674545679596, -1400.381826691910192, 1132.665659650319867 ) ) ;
#289 = CYLINDRICAL_SURFACE ( 'NONE', #230, 2.999999999999891642 ) ;
#290 = DIRECTION ( 'NONE',  ( 1.000000000000000000, 0.000000000000000000, 0.000000000000000000 ) ) ;
#291 = ORIENTED_EDGE ( 'NONE', *, *, #904, .F. ) ;
#292 = CARTESIAN_POINT ( 'NONE',  ( 1600.198097487762880, -1397.500000873999852, 1137.047423972999695 ) ) ;
#293 = ORIENTED_EDGE ( 'NONE', *, *, #1774, .F. ) ;
#294 = FACE_OUTER_BOUND ( 'NONE', #2468, .T. ) ;
#295 = ORIENTED_EDGE ( 'NONE', *, *, #580, .T. ) ;
#296 = EDGE_CURVE ( 'NONE', #965, #1061, #2448, .T. ) ;
#297 = ORIENTED_EDGE ( 'NONE', *, *, #199, .F. ) ;
#298 = PRODUCT_DEFINITION_CONTEXT ( 'detailed design', #753, 'design' ) ;
#299 = DIRECTION ( 'NONE',  ( -1.000000000000000000, 0.000000000000000000, 0.000000000000000000 ) ) ;
#300 = FACE_OUTER_BOUND ( 'NONE', #2291, .T. ) ;
#301 = EDGE_CURVE ( 'NONE', #2263, #1196, #585, .T. ) ;
#302 = CYLINDRICAL_SURFACE ( 'NONE', #728, 14.00000000000001243 ) ;
#303 = ORIENTED_EDGE ( 'NONE', *, *, #577, .F. ) ;
#304 = B_SPLINE_CURVE_WITH_KNOTS ( 'NONE', 3,
 ( #816, #1042, #33, #2061, #1628, #46 ),
 .UNSPECIFIED., .F., .F.,
 ( 4, 2, 4 ),
 ( 0.000000000000000000, 0.5000000000000000000, 1.000000000000000000 ),
 .UNSPECIFIED. ) ;
#305 = CARTESIAN_POINT ( 'NONE',  ( 1584.627213328460130, -1397.500000873999852, 1135.730322311580039 ) ) ;
#306 = CARTESIAN_POINT ( 'NONE',  ( 1605.895803606029858, -1360.499997417639861, 1182.047334431319996 ) ) ;
#307 = ORIENTED_EDGE ( 'NONE', *, *, #1894, .T. ) ;
#308 = LINE ( 'NONE', #2290, #2388 ) ;
#309 = ORIENTED_EDGE ( 'NONE', *, *, #1409, .T. ) ;
#310 = EDGE_CURVE ( 'NONE', #1061, #2318, #2138, .T. ) ;
#311 = DIRECTION ( 'NONE',  ( 0.000000000000000000, -1.000000000000000000, 0.000000000000000000 ) ) ;
#312 = AXIS2_PLACEMENT_3D ( 'NONE', #176, #955, #2394 ) ;
#313 = CARTESIAN_POINT ( 'NONE',  ( 476.5723503107769830, -1400.500000874000079, 1158.999411893999877 ) ) ;
#314 = EDGE_CURVE ( 'NONE', #325, #418, #550, .T. ) ;
#315 = LINE ( 'NONE', #900, #1389 ) ;
#316 = ORIENTED_EDGE ( 'NONE', *, *, #1412, .F. ) ;
#317 = DIRECTION ( 'NONE',  ( 0.000000000000000000, 0.000000000000000000, -1.000000000000000000 ) ) ;
#318 = AXIS2_PLACEMENT_3D ( 'NONE', #1056, #2082, #860 ) ;
#319 = DIRECTION ( 'NONE',  ( 0.000000000000000000, -1.000000000000000000, 0.000000000000000000 ) ) ;
#320 = VERTEX_POINT ( 'NONE', #738 ) ;
#321 = CARTESIAN_POINT ( 'NONE',  ( 1819.900000000000091, -1395.500000873999852, 1183.047423972999923 ) ) ;
#322 = CIRCLE ( 'NONE', #2553, 14.00000000000001599 ) ;
#323 = VECTOR ( 'NONE', #2536, 1000.000000000000000 ) ;
#324 = AXIS2_PLACEMENT_3D ( 'NONE', #457, #2045, #1631 ) ;
#325 = VERTEX_POINT ( 'NONE', #1136 ) ;
#326 = DIRECTION ( 'NONE',  ( 0.000000000000000000, -0.9913005192420952794, -0.1316179339997100572 ) ) ;
#327 = DIRECTION ( 'NONE',  ( -1.000000000000000000, 0.000000000000000000, 0.000000000000000000 ) ) ;
#328 = CARTESIAN_POINT ( 'NONE',  ( 1576.000000001000217, -1400.500000874000079, 1142.388475398999844 ) ) ;
#329 = ORIENTED_EDGE ( 'NONE', *, *, #760, .F. ) ;
#330 = LINE ( 'NONE', #1110, #687 ) ;
#331 = EDGE_CURVE ( 'NONE', #2147, #1090, #539, .T. ) ;
#332 = DIRECTION ( 'NONE',  ( -0.9999999831078099088, -0.0001822062661723669672, -2.419207076950969631E-05 ) ) ;
#333 = ORIENTED_EDGE ( 'NONE', *, *, #1242, .F. ) ;
#334 = DIRECTION ( 'NONE',  ( 0.000000000000000000, 1.000000000000000000, 0.000000000000000000 ) ) ;
#335 = CARTESIAN_POINT ( 'NONE',  ( 476.4143181032000030, -1394.500000874000079, 1131.047423972999923 ) ) ;
#336 = EDGE_CURVE ( 'NONE', #345, #1203, #1348, .T. ) ;
#337 = ORIENTED_EDGE ( 'NONE', *, *, #2383, .T. ) ;
#338 = CARTESIAN_POINT ( 'NONE',  ( 1575.997248046000095, -1360.707880242050123, 1183.613099093940036 ) ) ;
#339 = LINE ( 'NONE', #1524, #66 ) ;
#340 = DIRECTION ( 'NONE',  ( 0.000000000000000000, -1.000000000000000000, 0.000000000000000000 ) ) ;
#341 = ORIENTED_EDGE ( 'NONE', *, *, #408, .T. ) ;
#342 = CARTESIAN_POINT ( 'NONE',  ( 444.6723503110000024, -1397.500000873999852, 1177.088848350339958 ) ) ;
#343 = CARTESIAN_POINT ( 'NONE',  ( 1601.799999999760075, -1363.500000873829777, 1183.242380888980051 ) ) ;
#344 = EDGE_CURVE ( 'NONE', #2043, #1678, #953, .T. ) ;
#345 = VERTEX_POINT ( 'NONE', #1932 ) ;
#346 = CARTESIAN_POINT ( 'NONE',  ( 466.0778797143009911, -1360.500000874000079, 1134.047423973200011 ) ) ;
#347 = EDGE_CURVE ( 'NONE', #254, #1674, #1161, .T. ) ;
#348 = ORIENTED_EDGE ( 'NONE', *, *, #167, .F. ) ;
#349 = CARTESIAN_POINT ( 'NONE',  ( 1606.634816362749916, -1400.500000874000079, 1181.438599096809867 ) ) ;
#350 = CARTESIAN_POINT ( 'NONE',  ( 1600.198097487762880, -1397.500000873999852, 1134.047423972999923 ) ) ;
#351 = CARTESIAN_POINT ( 'NONE',  ( 444.6723714158840153, -1400.500000874010084, 1177.487167340329961 ) ) ;
#352 = ORIENTED_EDGE ( 'NONE', *, *, #1968, .F. ) ;
#353 = DIRECTION ( 'NONE',  ( 0.6760571288917824884, 0.000000000000000000, -0.7368492101336607814 ) ) ;
#354 = CARTESIAN_POINT ( 'NONE',  ( 1607.900000000000091, -1363.500000873999852, 1177.088848350339958 ) ) ;
#355 = DIRECTION ( 'NONE',  ( 0.000000000000000000, 0.000000000000000000, -1.000000000000000000 ) ) ;
#356 = B_SPLINE_CURVE_WITH_KNOTS ( 'NONE', 3,
 ( #1046, #2496, #711, #1893, #864, #1245, #2036, #2347, #1916, #342 ),
 .UNSPECIFIED., .F., .F.,
 ( 4, 2, 2, 2, 4 ),
 ( 0.000000000000000000, 0.2500000000000000000, 0.5000000000000000000, 0.7500000000000000000, 1.000000000000000000 ),
 .UNSPECIFIED. ) ;
#357 = ORIENTED_EDGE ( 'NONE', *, *, #347, .T. ) ;
#358 = CIRCLE ( 'NONE', #1054, 14.00000000000003197 ) ;
#359 = ADVANCED_FACE ( 'NONE', ( #2544 ), #183, .T. ) ;
#360 = AXIS2_PLACEMENT_3D ( 'NONE', #142, #2320, #544 ) ;
#361 = SURFACE_SIDE_STYLE ('',( #2132 ) ) ;
#362 = DIRECTION ( 'NONE',  ( 1.000000000000000000, 0.000000000000000000, 0.000000000000000000 ) ) ;
#363 = VECTOR ( 'NONE', #548, 1000.000000000000000 ) ;
#364 = EDGE_CURVE ( 'NONE', #418, #1933, #1918, .T. ) ;
#365 = CARTESIAN_POINT ( 'NONE',  ( 1576.116228582170152, -1400.500000874000079, 1134.047425393000140 ) ) ;
#366 = ORIENTED_EDGE ( 'NONE', *, *, #1125, .T. ) ;
#367 = CARTESIAN_POINT ( 'NONE',  ( 1576.130163171199911, -1397.500000873999852, 1133.047422476779957 ) ) ;
#368 = DIRECTION ( 'NONE',  ( 0.000000000000000000, -1.000000000000000000, 0.000000000000000000 ) ) ;
#369 = VERTEX_POINT ( 'NONE', #943 ) ;
#370 = DIRECTION ( 'NONE',  ( 0.000000000000000000, 1.000000000000000000, 0.000000000000000000 ) ) ;
#371 = VERTEX_POINT ( 'NONE', #748 ) ;
#372 =( NAMED_UNIT ( * ) SI_UNIT ( $, .STERADIAN. ) SOLID_ANGLE_UNIT ( ) );
#373 = EDGE_CURVE ( 'NONE', #855, #2256, #2316, .T. ) ;
#374 = CARTESIAN_POINT ( 'NONE',  ( 1601.799999999999955, -1363.500000879369736, 1183.242380927370050 ) ) ;
#375 = CARTESIAN_POINT ( 'NONE',  ( 472.5723503109999797, -1397.500000873999852, 1158.999411893999877 ) ) ;
#376 = ADVANCED_FACE ( 'NONE', ( #724 ), #2336, .T. ) ;
#377 = CARTESIAN_POINT ( 'NONE',  ( 464.9254671799783409, -1342.500000874000079, 1137.047423972999695 ) ) ;
#378 = DIRECTION ( 'NONE',  ( 0.000000000000000000, 1.000000000000000000, 0.000000000000000000 ) ) ;
#379 = ORIENTED_EDGE ( 'NONE', *, *, #1689, .T. ) ;
#380 = FACE_OUTER_BOUND ( 'NONE', #1264, .T. ) ;
#381 = CARTESIAN_POINT ( 'NONE',  ( 1607.900000000000091, -1397.500000873999852, 1177.156472538000116 ) ) ;
#382 = CARTESIAN_POINT ( 'NONE',  ( 450.2040003253966347, -1353.500000873999852, 1134.976191466587807 ) ) ;
#383 = CARTESIAN_POINT ( 'NONE',  ( 1576.000000000000000, -1363.500000873999852, 1142.388475342999982 ) ) ;
#384 = ORIENTED_EDGE ( 'NONE', *, *, #1099, .T. ) ;
#385 = DIRECTION ( 'NONE',  ( 5.809460853063029545E-11, 0.000000000000000000, -1.000000000000000000 ) ) ;
#386 = CARTESIAN_POINT ( 'NONE',  ( 1607.899978894730111, -1360.500000873990075, 1177.487167340329961 ) ) ;
#387 = EDGE_CURVE ( 'NONE', #1966, #85, #2012, .T. ) ;
#388 = CARTESIAN_POINT ( 'NONE',  ( 466.9339214653928707, -1400.500000874000079, 1134.818946603649238 ) ) ;
#389 = VERTEX_POINT ( 'NONE', #2509 ) ;
#390 = DIRECTION ( 'NONE',  ( -0.9999999625027412575, 0.0002711671957763200696, 3.824746018462520320E-05 ) ) ;
#391 = ORIENTED_EDGE ( 'NONE', *, *, #157, .F. ) ;
#392 = ORIENTED_EDGE ( 'NONE', *, *, #314, .F. ) ;
#393 = AXIS2_PLACEMENT_3D ( 'NONE', #735, #1528, #2323 ) ;
#394 = DIRECTION ( 'NONE',  ( -0.6760571288633450138, 0.000000000000000000, -0.7368492101597520216 ) ) ;
#395 = CARTESIAN_POINT ( 'NONE',  ( 1576.130163150520048, -1397.500000873999852, 1133.047423972999923 ) ) ;
#396 = ORIENTED_EDGE ( 'NONE', *, *, #2195, .T. ) ;
#397 = AXIS2_PLACEMENT_3D ( 'NONE', #1803, #2420, #55 ) ;
#398 = CARTESIAN_POINT ( 'NONE',  ( 765.3999999999999773, -1397.500000873999852, 1134.047423972999923 ) ) ;
#399 = AXIS2_PLACEMENT_3D ( 'NONE', #1758, #1373, #1532 ) ;
#400 = CIRCLE ( 'NONE', #527, 2.999999999999891642 ) ;
#401 = CARTESIAN_POINT ( 'NONE',  ( 1586.494470597669988, -1400.500000874000079, 1134.047423972709794 ) ) ;
#402 = CARTESIAN_POINT ( 'NONE',  ( 1601.800000005230004, -1400.265924842159848, 1183.706978368649970 ) ) ;
#403 = EDGE_LOOP ( 'NONE', ( #214, #519, #2024, #2031 ) ) ;
#404 = DIRECTION ( 'NONE',  ( 0.000000000000000000, -1.000000000000000000, 0.000000000000000000 ) ) ;
#405 = ADVANCED_FACE ( 'NONE', ( #380 ), #962, .T. ) ;
#406 = ORIENTED_EDGE ( 'NONE', *, *, #871, .F. ) ;
#407 = DIRECTION ( 'NONE',  ( -0.000000000000000000, -1.000000000000000000, -0.000000000000000000 ) ) ;
#408 = EDGE_CURVE ( 'NONE', #2386, #128, #2267, .T. ) ;
#409 = LINE ( 'NONE', #1946, #1544 ) ;
#410 = ORIENTED_EDGE ( 'NONE', *, *, #52, .F. ) ;
#411 = CARTESIAN_POINT ( 'NONE',  ( 464.6723503110000024, -1353.500000873999852, 1148.784408176000170 ) ) ;
#412 = ORIENTED_EDGE ( 'NONE', *, *, #1158, .F. ) ;
#413 = FILL_AREA_STYLE ('',( #2202 ) ) ;
#414 = CARTESIAN_POINT ( 'NONE',  ( 444.6723503110000024, -1360.500000874000079, 1148.784408176000170 ) ) ;
#415 = DIRECTION ( 'NONE',  ( 1.000000000000000000, 0.000000000000000000, 0.000000000000000000 ) ) ;
#416 = ORIENTED_EDGE ( 'NONE', *, *, #704, .F. ) ;
#417 = CARTESIAN_POINT ( 'NONE',  ( 476.4163344120379975, -1364.644667196850151, 1131.192122721829946 ) ) ;
#418 = VERTEX_POINT ( 'NONE', #1748 ) ;
#419 = DIRECTION ( 'NONE',  ( 0.000000000000000000, -1.000000000000000000, 0.000000000000000000 ) ) ;
#420 = EDGE_CURVE ( 'NONE', #979, #1953, #758, .T. ) ;
#421 = CARTESIAN_POINT ( 'NONE',  ( 1600.198097487762880, -1360.500000874000079, 1137.047423972999695 ) ) ;
#422 = ORIENTED_EDGE ( 'NONE', *, *, #331, .T. ) ;
#423 = DIRECTION ( 'NONE',  ( 1.000000000000000000, 0.000000000000000000, 0.000000000000000000 ) ) ;
#424 = VERTEX_POINT ( 'NONE', #2350 ) ;
#425 = SURFACE_SIDE_STYLE ('',( #1167 ) ) ;
#426 = DIRECTION ( 'NONE',  ( -1.000000000000000000, 0.000000000000000000, 0.000000000000000000 ) ) ;
#427 = LINE ( 'NONE', #1756, #443 ) ;
#428 = ORIENTED_EDGE ( 'NONE', *, *, #2162, .F. ) ;
#429 = CARTESIAN_POINT ( 'NONE',  ( 1576.158032207819815, -1395.499999803180117, 1131.047423973009927 ) ) ;
#430 = EDGE_LOOP ( 'NONE', ( #132, #1141, #1876, #705 ) ) ;
#431 = VECTOR ( 'NONE', #454, 1000.000000000000000 ) ;
#432 = CARTESIAN_POINT ( 'NONE',  ( 446.6765467204630227, -1400.500004329720014, 1182.047334432410025 ) ) ;
#433 = CARTESIAN_POINT ( 'NONE',  ( 476.4561216895000371, -1400.500000874000079, 1134.047423972999923 ) ) ;
#434 = ORIENTED_EDGE ( 'NONE', *, *, #8, .F. ) ;
#435 = CARTESIAN_POINT ( 'NONE',  ( 476.5751022649999982, -1397.500000873999852, 1183.047423972999923 ) ) ;
#436 = EDGE_CURVE ( 'NONE', #2236, #424, #575, .T. ) ;
#437 = ORIENTED_EDGE ( 'NONE', *, *, #1507, .F. ) ;
#438 = VECTOR ( 'NONE', #946, 1000.000000000000114 ) ;
#439 = DIRECTION ( 'NONE',  ( 0.000000000000000000, -1.000000000000000000, 0.000000000000000000 ) ) ;
#440 = CARTESIAN_POINT ( 'NONE',  ( 765.2723503110000820, -1363.500000873999852, 1133.047422280999854 ) ) ;
#441 = AXIS2_PLACEMENT_3D ( 'NONE', #2188, #1776, #228 ) ;
#442 = CIRCLE ( 'NONE', #1388, 2.999999999999891642 ) ;
#443 = VECTOR ( 'NONE', #1396, 1000.000000000000114 ) ;
#444 = DIRECTION ( 'NONE',  ( 0.000000000000000000, -1.000000000000000000, 0.000000000000000000 ) ) ;
#445 = VERTEX_POINT ( 'NONE', #770 ) ;
#446 = CARTESIAN_POINT ( 'NONE',  ( 1101.000000000000000, -1397.500000873999852, 1183.316851643000064 ) ) ;
#447 = VERTEX_POINT ( 'NONE', #1995 ) ;
#448 = CARTESIAN_POINT ( 'NONE',  ( 446.0458638239203424, -1400.500000874000307, 1181.470806227645198 ) ) ;
#449 = DIRECTION ( 'NONE',  ( 0.000000000000000000, -1.000000000000000000, 0.000000000000000000 ) ) ;
#450 = ORIENTED_EDGE ( 'NONE', *, *, #1482, .F. ) ;
#451 = DIRECTION ( 'NONE',  ( 0.000000000000000000, -1.000000000000000000, 0.000000000000000000 ) ) ;
#452 = ORIENTED_EDGE ( 'NONE', *, *, #1169, .T. ) ;
#453 = EDGE_CURVE ( 'NONE', #2366, #2108, #2362, .T. ) ;
#454 = DIRECTION ( 'NONE',  ( -1.000000000000000000, 0.000000000000000000, 0.000000000000000000 ) ) ;
#455 = CARTESIAN_POINT ( 'NONE',  ( 1607.900000000000091, -1363.500000873999852, 1148.784408176000170 ) ) ;
#456 = EDGE_CURVE ( 'NONE', #2498, #18, #2181, .T. ) ;
#457 = CARTESIAN_POINT ( 'NONE',  ( 476.5751022649989750, -1366.500000874000079, 1182.047423972999923 ) ) ;
#458 = ORIENTED_EDGE ( 'NONE', *, *, #2416, .F. ) ;
#459 = CARTESIAN_POINT ( 'NONE',  ( 444.6723503094247008, -1363.500000718456931, 1177.958918989089170 ) ) ;
#460 = ORIENTED_EDGE ( 'NONE', *, *, #1322, .F. ) ;
#461 = CARTESIAN_POINT ( 'NONE',  ( 1602.368349985603345, -1397.500000873999852, 1134.976191466587807 ) ) ;
#462 =( NAMED_UNIT ( * ) SI_UNIT ( $, .STERADIAN. ) SOLID_ANGLE_UNIT ( ) );
#463 = VERTEX_POINT ( 'NONE', #1796 ) ;
#464 = DIRECTION ( 'NONE',  ( 0.000000000000000000, 0.000000000000000000, -1.000000000000000000 ) ) ;
#465 = EDGE_LOOP ( 'NONE', ( #1048, #695, #1327, #1439 ) ) ;
#466 = CARTESIAN_POINT ( 'NONE',  ( 765.3999999999999773, -1397.500000873999852, 1134.047423972999923 ) ) ;
#467 = LINE ( 'NONE', #1681, #2549 ) ;
#468 = DIRECTION ( 'NONE',  ( -1.000000000000000000, 0.000000000000000000, 0.000000000000000000 ) ) ;
#469 = ORIENTED_EDGE ( 'NONE', *, *, #1703, .T. ) ;
#470 = CARTESIAN_POINT ( 'NONE',  ( 1601.799999999999955, -1272.900123132000090, 1159.581968933999860 ) ) ;
#471 = EDGE_CURVE ( 'NONE', #2089, #1843, #1189, .T. ) ;
#472 = ORIENTED_EDGE ( 'NONE', *, *, #2265, .T. ) ;
#473 = CARTESIAN_POINT ( 'NONE',  ( 1601.800000224729956, -1360.707880243759973, 1183.613099100440195 ) ) ;
#474 = ADVANCED_FACE ( 'NONE', ( #1577 ), #2430, .T. ) ;
#475 = ORIENTED_EDGE ( 'NONE', *, *, #1099, .F. ) ;
#476 = FACE_OUTER_BOUND ( 'NONE', #2270, .T. ) ;
#477 = ORIENTED_EDGE ( 'NONE', *, *, #180, .F. ) ;
#478 = UNCERTAINTY_MEASURE_WITH_UNIT (LENGTH_MEASURE( 1.000000000000000082E-05 ), #1787, 'distance_accuracy_value', 'NONE');
#479 = CARTESIAN_POINT ( 'NONE',  ( 476.3725145180840173, -1395.000025793050099, 1128.047424031989976 ) ) ;
#480 = CARTESIAN_POINT ( 'NONE',  ( 476.4382446517760172, -1397.282983505709808, 1132.764493076520012 ) ) ;
#481 = CARTESIAN_POINT ( 'NONE',  ( 476.5723503100329594, -1397.500000873999852, 1158.999411893999877 ) ) ;
#482 = ORIENTED_EDGE ( 'NONE', *, *, #857, .T. ) ;
#483 = AXIS2_PLACEMENT_3D ( 'NONE', #2004, #817, #1616 ) ;
#484 = DIRECTION ( 'NONE',  ( 0.000000000000000000, 0.000000000000000000, 1.000000000000000000 ) ) ;
#485 = AXIS2_PLACEMENT_3D ( 'NONE', #148, #370, #916 ) ;
#486 = VECTOR ( 'NONE', #77, 1000.000000000000000 ) ;
#487 = EDGE_CURVE ( 'NONE', #1739, #2373, #1201, .T. ) ;
#488 = ORIENTED_EDGE ( 'NONE', *, *, #1511, .T. ) ;
#489 = LINE ( 'NONE', #1277, #2475 ) ;
#490 = AXIS2_PLACEMENT_3D ( 'NONE', #1357, #2522, #1724 ) ;
#491 = VECTOR ( 'NONE', #131, 1000.000000000000227 ) ;
#492 = VERTEX_POINT ( 'NONE', #1 ) ;
#493 = ORIENTED_EDGE ( 'NONE', *, *, #2233, .T. ) ;
#494 = LINE ( 'NONE', #455, #2512 ) ;
#495 = CARTESIAN_POINT ( 'NONE',  ( 1607.900000000000091, -1363.500000873999852, 1148.784408176000170 ) ) ;
#496 = VERTEX_POINT ( 'NONE', #2237 ) ;
#497 = DIRECTION ( 'NONE',  ( -1.000000000000000000, 0.000000000000000000, 0.000000000000000000 ) ) ;
#498 = CARTESIAN_POINT ( 'NONE',  ( 1600.198097487762880, -1418.500000874000079, 1134.047423972999923 ) ) ;
#499 = ORIENTED_EDGE ( 'NONE', *, *, #2327, .F. ) ;
#500 = CYLINDRICAL_SURFACE ( 'NONE', #1725, 2.000000000000001776 ) ;
#501 = ADVANCED_FACE ( 'NONE', ( #988 ), #2401, .T. ) ;
#502 = ORIENTED_EDGE ( 'NONE', *, *, #1827, .F. ) ;
#503 = EDGE_CURVE ( 'NONE', #2185, #1090, #11, .T. ) ;
#504 = LINE ( 'NONE', #1106, #2087 ) ;
#505 = CARTESIAN_POINT ( 'NONE',  ( 1594.000000000000000, -1363.500000873999852, 1146.129883359999894 ) ) ;
#506 = DIRECTION ( 'NONE',  ( 0.000000000000000000, 0.000000000000000000, 1.000000000000000000 ) ) ;
#507 = VERTEX_POINT ( 'NONE', #2025 ) ;
#508 = DIRECTION ( 'NONE',  ( 0.000000000000000000, 0.9902001749156915666, 0.1396553385908809453 ) ) ;
#509 = CYLINDRICAL_SURFACE ( 'NONE', #1178, 6.000000000000005329 ) ;
#510 = ORIENTED_EDGE ( 'NONE', *, *, #836, .F. ) ;
#511 = DIRECTION ( 'NONE',  ( 0.000000000000000000, 0.000000000000000000, 1.000000000000000000 ) ) ;
#512 = ORIENTED_EDGE ( 'NONE', *, *, #2049, .F. ) ;
#513 = CYLINDRICAL_SURFACE ( 'NONE', #1301, 20.00000000000001776 ) ;
#514 = ADVANCED_FACE ( 'NONE', ( #1034 ), #2222, .F. ) ;
#515 = VECTOR ( 'NONE', #1580, 1000.000000000000000 ) ;
#516 = FACE_OUTER_BOUND ( 'NONE', #1940, .T. ) ;
#517 = DIRECTION ( 'NONE',  ( -0.9999029285919266430, 0.000000000000000000, 0.01393317599431039347 ) ) ;
#518 = EDGE_CURVE ( 'NONE', #369, #538, #143, .T. ) ;
#519 = ORIENTED_EDGE ( 'NONE', *, *, #861, .F. ) ;
#520 = CARTESIAN_POINT ( 'NONE',  ( 1580.000000000000000, -1400.500000874000079, 1146.129883359999894 ) ) ;
#521 = CIRCLE ( 'NONE', #1719, 14.00000000000001243 ) ;
#522 = DIRECTION ( 'NONE',  ( 0.000000000000000000, 1.000000000000000000, 0.000000000000000000 ) ) ;
#523 = ORIENTED_EDGE ( 'NONE', *, *, #2560, .T. ) ;
#524 = DIRECTION ( 'NONE',  ( 0.000000000000000000, 1.000000000000000000, 0.000000000000000000 ) ) ;
#525 = DIRECTION ( 'NONE',  ( 1.000000000000000000, 0.000000000000000000, 0.000000000000000000 ) ) ;
#526 = VECTOR ( 'NONE', #1455, 1000.000000000000000 ) ;
#527 = AXIS2_PLACEMENT_3D ( 'NONE', #275, #1231, #1073 ) ;
#528 = ORIENTED_EDGE ( 'NONE', *, *, #1246, .F. ) ;
#529 = AXIS2_PLACEMENT_3D ( 'NONE', #1837, #1453, #277 ) ;
#530 = DIRECTION ( 'NONE',  ( -0.7428257896760928070, 0.000000000000000000, -0.6694847617325498934 ) ) ;
#531 = CARTESIAN_POINT ( 'NONE',  ( 765.2723503110000820, -1365.500000874109901, 1131.047423972999923 ) ) ;
#532 = EDGE_CURVE ( 'NONE', #2089, #204, #803, .T. ) ;
#533 = CARTESIAN_POINT ( 'NONE',  ( 1575.997248046000095, -1360.707880242600140, 1183.613099096130099 ) ) ;
#534 = ORIENTED_EDGE ( 'NONE', *, *, #2532, .T. ) ;
#535 = FACE_OUTER_BOUND ( 'NONE', #1421, .T. ) ;
#536 = ADVANCED_FACE ( 'NONE', ( #1463 ), #1478, .T. ) ;
#537 = CARTESIAN_POINT ( 'NONE',  ( 1603.403592167150236, -1363.500000797109578, 1183.080673526540295 ) ) ;
#538 = VERTEX_POINT ( 'NONE', #1500 ) ;
#539 = LINE ( 'NONE', #2326, #281 ) ;
#540 = CARTESIAN_POINT ( 'NONE',  ( 1586.494470597370082, -1400.500000874000079, 1134.047423972999923 ) ) ;
#541 = B_SPLINE_CURVE_WITH_KNOTS ( 'NONE', 3,
 ( #697, #1449, #480, #1283, #2033, #1873, #1850 ),
 .UNSPECIFIED., .F., .F.,
 ( 4, 1, 1, 1, 4 ),
 ( 0.000000000000000000, 0.2500000000000000000, 0.5000000000000000000, 0.7500000000000000000, 1.000000000000000000 ),
 .UNSPECIFIED. ) ;
#542 = ORIENTED_EDGE ( 'NONE', *, *, #180, .T. ) ;
#543 = DIRECTION ( 'NONE',  ( 1.000000000000000000, 0.000000000000000000, 0.000000000000000000 ) ) ;
#544 = DIRECTION ( 'NONE',  ( -0.6760571288633351328, 0.000000000000000000, -0.7368492101597613475 ) ) ;
#545 = CARTESIAN_POINT ( 'NONE',  ( 1587.646883131021696, -1418.500000874000079, 1134.047423972999923 ) ) ;
#546 = VERTEX_POINT ( 'NONE', #2249 ) ;
#547 = DIRECTION ( 'NONE',  ( -5.809460851664039655E-11, 0.000000000000000000, -1.000000000000000000 ) ) ;
#548 = DIRECTION ( 'NONE',  ( -1.000000000000000000, 0.000000000000000000, 0.000000000000000000 ) ) ;
#549 = ORIENTED_EDGE ( 'NONE', *, *, #268, .F. ) ;
#550 = LINE ( 'NONE', #1335, #1226 ) ;
#551 = ADVANCED_FACE ( 'NONE', ( #1866 ), #2287, .T. ) ;
#552 = ORIENTED_EDGE ( 'NONE', *, *, #806, .T. ) ;
#553 = CARTESIAN_POINT ( 'NONE',  ( 1575.997248046000095, -1363.500000873999852, 1183.112201537666806 ) ) ;
#554 = LINE ( 'NONE', #1922, #2266 ) ;
#555 = CARTESIAN_POINT ( 'NONE',  ( 467.9451369748049956, -1400.500000874000079, 1135.730322304099900 ) ) ;
#556 = VERTEX_POINT ( 'NONE', #264 ) ;
#557 = CARTESIAN_POINT ( 'NONE',  ( 468.8251150130000156, -1349.500000873999852, 1136.523417934000008 ) ) ;
#558 = MECHANICAL_DESIGN_GEOMETRIC_PRESENTATION_REPRESENTATION (  '', ( #2003 ), #922 ) ;
#559 = DIRECTION ( 'NONE',  ( -0.7428257896883030398, 0.000000000000000000, 0.6694847617190020639 ) ) ;
#560 = ORIENTED_EDGE ( 'NONE', *, *, #2037, .F. ) ;
#561 = CARTESIAN_POINT ( 'NONE',  ( 1575.997248046000095, -1366.500000874000079, 1188.047423972999923 ) ) ;
#562 = VECTOR ( 'NONE', #2493, 1000.000000000000000 ) ;
#563 = EDGE_CURVE ( 'NONE', #1766, #965, #1139, .T. ) ;
#564 = ORIENTED_EDGE ( 'NONE', *, *, #1069, .F. ) ;
#565 = AXIS2_PLACEMENT_3D ( 'NONE', #2152, #1368, #591 ) ;
#566 = VECTOR ( 'NONE', #1010, 1000.000000000000000 ) ;
#567 = EDGE_CURVE ( 'NONE', #128, #447, #2458, .T. ) ;
#568 = AXIS2_PLACEMENT_3D ( 'NONE', #885, #630, #1420 ) ;
#569 = CARTESIAN_POINT ( 'NONE',  ( 1594.000000000000000, -1411.500000873999852, 1146.129883359999894 ) ) ;
#570 = DIRECTION ( 'NONE',  ( 0.000000000000000000, 0.000000000000000000, -1.000000000000000000 ) ) ;
#571 = PLANE ( 'NONE',  #68 ) ;
#572 = DIRECTION ( 'NONE',  ( 0.000000000000000000, 0.000000000000000000, 1.000000000000000000 ) ) ;
#573 = CARTESIAN_POINT ( 'NONE',  ( 472.5723503109999797, -1363.500000873999852, 1158.999411893999877 ) ) ;
#574 = ORIENTED_EDGE ( 'NONE', *, *, #1635, .T. ) ;
#575 = LINE ( 'NONE', #1361, #1017 ) ;
#576 = DIRECTION ( 'NONE',  ( 1.000000000000000000, 0.000000000000000000, 0.000000000000000000 ) ) ;
#577 = EDGE_CURVE ( 'NONE', #1045, #2041, #1991, .T. ) ;
#578 = CARTESIAN_POINT ( 'NONE',  ( 476.5751022649999982, -1360.734076903620007, 1183.706978360149833 ) ) ;
#579 = CARTESIAN_POINT ( 'NONE',  ( 466.0778797145669614, -1360.500000874000079, 1134.047423972999923 ) ) ;
#580 = EDGE_CURVE ( 'NONE', #2147, #2558, #123, .T. ) ;
#581 = FACE_OUTER_BOUND ( 'NONE', #1502, .T. ) ;
#582 = CARTESIAN_POINT ( 'NONE',  ( 1576.150279656769953, -1396.943685769410195, 1131.603779429990027 ) ) ;
#583 = DIRECTION ( 'NONE',  ( -0.000000000000000000, -1.000000000000000000, -0.000000000000000000 ) ) ;
#584 = ORIENTED_EDGE ( 'NONE', *, *, #1125, .F. ) ;
#585 = LINE ( 'NONE', #346, #2345 ) ;
#586 = VERTEX_POINT ( 'NONE', #1086 ) ;
#587 = DIRECTION ( 'NONE',  ( 0.000000000000000000, 1.000000000000000000, 0.000000000000000000 ) ) ;
#588 = DIRECTION ( 'NONE',  ( 0.000000000000000000, -2.353460484183089822E-14, 1.000000000000000000 ) ) ;
#589 = ORIENTED_EDGE ( 'NONE', *, *, #671, .T. ) ;
#590 = ADVANCED_FACE ( 'NONE', ( #2261 ), #877, .T. ) ;
#591 = DIRECTION ( 'NONE',  ( -0.7428257896883030398, 0.000000000000000000, 0.6694847617190020639 ) ) ;
#592 = CARTESIAN_POINT ( 'NONE',  ( 1585.638428845941007, -1397.500000873999852, 1134.818946604019402 ) ) ;
#593 = EDGE_CURVE ( 'NONE', #89, #1109, #1889, .T. ) ;
#594 = CARTESIAN_POINT ( 'NONE',  ( 472.5723503109999797, -1363.500000873999852, 1146.129883359999894 ) ) ;
#595 = VERTEX_POINT ( 'NONE', #2065 ) ;
#596 = CARTESIAN_POINT ( 'NONE',  ( 476.4421871148420564, -1363.500000873999852, 1133.047420683000155 ) ) ;
#597 = ORIENTED_EDGE ( 'NONE', *, *, #2532, .F. ) ;
#598 = CARTESIAN_POINT ( 'NONE',  ( 450.2040003253966347, -1400.500000874000079, 1134.976191466587807 ) ) ;
#599 = VECTOR ( 'NONE', #1168, 1000.000000000000114 ) ;
#600 = PLANE ( 'NONE',  #312 ) ;
#601 = ORIENTED_EDGE ( 'NONE', *, *, #1871, .T. ) ;
#602 = DIRECTION ( 'NONE',  ( 0.6694847617190020639, 0.000000000000000000, -0.7428257896883030398 ) ) ;
#603 = ORIENTED_EDGE ( 'NONE', *, *, #420, .F. ) ;
#604 = AXIS2_PLACEMENT_3D ( 'NONE', #411, #2551, #1195 ) ;
#605 = VECTOR ( 'NONE', #71, 1000.000000000000000 ) ;
#606 = VECTOR ( 'NONE', #720, 1000.000000000000000 ) ;
#607 = CARTESIAN_POINT ( 'NONE',  ( 1576.198188804859910, -1365.118132856700186, 1128.165618777029977 ) ) ;
#608 = EDGE_CURVE ( 'NONE', #204, #850, #1297, .T. ) ;
#609 = CARTESIAN_POINT ( 'NONE',  ( 1576.000000000980208, -1400.500000874000079, 1142.388475398999844 ) ) ;
#610 = DIRECTION ( 'NONE',  ( 0.000000000000000000, -0.1396650840552059736, -0.9901988003910388025 ) ) ;
#611 = EDGE_CURVE ( 'NONE', #556, #993, #2469, .T. ) ;
#612 = ORIENTED_EDGE ( 'NONE', *, *, #1641, .F. ) ;
#613 = DIRECTION ( 'NONE',  ( 0.000000000000000000, 0.000000000000000000, -1.000000000000000000 ) ) ;
#614 = DIRECTION ( 'NONE',  ( -0.000000000000000000, -1.000000000000000000, -0.000000000000000000 ) ) ;
#615 = VERTEX_POINT ( 'NONE', #1062 ) ;
#616 = CARTESIAN_POINT ( 'NONE',  ( 452.3742528232371569, -1353.500000873999852, 1137.047423972999695 ) ) ;
#617 = ORIENTED_EDGE ( 'NONE', *, *, #2520, .F. ) ;
#618 = LINE ( 'NONE', #802, #794 ) ;
#619 = CARTESIAN_POINT ( 'NONE',  ( 447.8786820170116698, -1400.438104548530873, 1182.948414879046595 ) ) ;
#620 = DIRECTION ( 'NONE',  ( -0.000000000000000000, 1.000000000000000000, -0.000000000000000000 ) ) ;
#621 = EDGE_CURVE ( 'NONE', #2349, #1743, #2310, .T. ) ;
#622 = ORIENTED_EDGE ( 'NONE', *, *, #820, .F. ) ;
#623 = DIRECTION ( 'NONE',  ( 0.000000000000000000, 1.000000000000000000, 0.000000000000000000 ) ) ;
#624 = FACE_OUTER_BOUND ( 'NONE', #1151, .T. ) ;
#625 = EDGE_CURVE ( 'NONE', #1011, #2074, #2479, .T. ) ;
#626 = VERTEX_POINT ( 'NONE', #1688 ) ;
#627 = CYLINDRICAL_SURFACE ( 'NONE', #441, 20.00000000000001776 ) ;
#628 = ORIENTED_EDGE ( 'NONE', *, *, #2119, .F. ) ;
#629 = CARTESIAN_POINT ( 'NONE',  ( 1576.142081203279986, -1397.355321673210028, 1132.192134709260017 ) ) ;
#630 = DIRECTION ( 'NONE',  ( -1.000000000000000000, 0.000000000000000000, 0.000000000000000000 ) ) ;
#631 = ORIENTED_EDGE ( 'NONE', *, *, #1398, .F. ) ;
#632 = CARTESIAN_POINT ( 'NONE',  ( 1576.123195503970010, -1400.500001140239874, 1133.547451405210268 ) ) ;
#633 = ORIENTED_EDGE ( 'NONE', *, *, #608, .F. ) ;
#634 = AXIS2_PLACEMENT_3D ( 'NONE', #682, #90, #2020 ) ;
#635 = FACE_OUTER_BOUND ( 'NONE', #2428, .T. ) ;
#636 = EDGE_CURVE ( 'NONE', #819, #266, #1489, .T. ) ;
#637 = CARTESIAN_POINT ( 'NONE',  ( 1605.895803606029858, -1360.499997417639861, 1182.047334431319996 ) ) ;
#638 = ORIENTED_EDGE ( 'NONE', *, *, #296, .T. ) ;
#639 = DIRECTION ( 'NONE',  ( 0.000000000000000000, 0.000000000000000000, -1.000000000000000000 ) ) ;
#640 = VERTEX_POINT ( 'NONE', #1098 ) ;
#641 = EDGE_CURVE ( 'NONE', #1618, #2457, #356, .T. ) ;
#642 = AXIS2_PLACEMENT_3D ( 'NONE', #63, #1460, #2258 ) ;
#643 = CARTESIAN_POINT ( 'NONE',  ( 1575.997248046000095, -1363.500000873999852, 1183.047423972999923 ) ) ;
#644 = PLANE ( 'NONE',  #110 ) ;
#645 = AXIS2_PLACEMENT_3D ( 'NONE', #1429, #2450, #270 ) ;
#646 = CARTESIAN_POINT ( 'NONE',  ( 476.5751022649999982, -1363.500000873999852, 1183.136913331442656 ) ) ;
#647 = ORIENTED_EDGE ( 'NONE', *, *, #1020, .F. ) ;
#648 = CARTESIAN_POINT ( 'NONE',  ( 1576.156162694289833, -1399.865949305630011, 1131.181588075679883 ) ) ;
#649 = VECTOR ( 'NONE', #572, 1000.000000000000000 ) ;
#650 = ORIENTED_EDGE ( 'NONE', *, *, #471, .F. ) ;
#651 = LINE ( 'NONE', #1025, #1474 ) ;
#652 = CARTESIAN_POINT ( 'NONE',  ( 1604.693668296117494, -1360.561897199260557, 1182.948414877836058 ) ) ;
#653 =( NAMED_UNIT ( * ) PLANE_ANGLE_UNIT ( ) SI_UNIT ( $, .RADIAN. ) );
#654 = ORIENTED_EDGE ( 'NONE', *, *, #636, .F. ) ;
#655 = DIRECTION ( 'NONE',  ( 1.000000000000000000, 0.000000000000000000, 0.000000000000000000 ) ) ;
#656 = ORIENTED_EDGE ( 'NONE', *, *, #74, .F. ) ;
#657 = CARTESIAN_POINT ( 'NONE',  ( 476.5723503097569846, -1363.500000873999852, 1142.388475341080039 ) ) ;
#658 = EDGE_CURVE ( 'NONE', #1766, #2445, #1121, .T. ) ;
#659 = FACE_OUTER_BOUND ( 'NONE', #49, .T. ) ;
#660 = CARTESIAN_POINT ( 'NONE',  ( 1607.742934695244912, -1397.500000848649506, 1178.761125310297302 ) ) ;
#661 = EDGE_CURVE ( 'NONE', #496, #948, #768, .T. ) ;
#662 = ORIENTED_EDGE ( 'NONE', *, *, #1365, .T. ) ;
#663 = CARTESIAN_POINT ( 'NONE',  ( 1601.800000016379954, -1400.265924843419953, 1183.706978362379914 ) ) ;
#664 = ORIENTED_EDGE ( 'NONE', *, *, #1322, .T. ) ;
#665 = CARTESIAN_POINT ( 'NONE',  ( 1607.721193161155043, -1360.500000874000307, 1179.195867472626787 ) ) ;
#666 = ORIENTED_EDGE ( 'NONE', *, *, #919, .F. ) ;
#667 = LINE ( 'NONE', #839, #2179 ) ;
#668 = ORIENTED_EDGE ( 'NONE', *, *, #675, .F. ) ;
#669 = DIRECTION ( 'NONE',  ( 0.000000000000000000, 0.000000000000000000, 1.000000000000000000 ) ) ;
#670 = DIRECTION ( 'NONE',  ( 0.000000000000000000, 0.000000000000000000, -1.000000000000000000 ) ) ;
#671 = EDGE_CURVE ( 'NONE', #1843, #2224, #1332, .T. ) ;
#672 = LINE ( 'NONE', #1284, #1475 ) ;
#673 = EDGE_LOOP ( 'NONE', ( #1252, #197, #1391, #40 ) ) ;
#674 = CARTESIAN_POINT ( 'NONE',  ( 1602.572527701809122, -1400.265879583999549, 1183.707135613119817 ) ) ;
#675 = EDGE_CURVE ( 'NONE', #1367, #1256, #146, .T. ) ;
#676 = ORIENTED_EDGE ( 'NONE', *, *, #871, .T. ) ;
#677 = CARTESIAN_POINT ( 'NONE',  ( 1584.627213336259956, -1360.500000874000079, 1135.730322304189940 ) ) ;
#678 = VECTOR ( 'NONE', #883, 1000.000000000000000 ) ;
#679 = ORIENTED_EDGE ( 'NONE', *, *, #2282, .F. ) ;
#680 = DIRECTION ( 'NONE',  ( 6.873073018404259346E-11, -1.000000000000000000, 0.000000000000000000 ) ) ;
#681 = ORIENTED_EDGE ( 'NONE', *, *, #2128, .F. ) ;
#682 = CARTESIAN_POINT ( 'NONE',  ( 458.5723503110000365, -1349.500000873999852, 1146.129883359999894 ) ) ;
#683 = PLANE ( 'NONE',  #2092 ) ;
#684 = CARTESIAN_POINT ( 'NONE',  ( 1602.602447812911578, -1397.500004550700169, 1183.316852173247298 ) ) ;
#685 = VECTOR ( 'NONE', #218, 1000.000000000000000 ) ;
#686 = ORIENTED_EDGE ( 'NONE', *, *, #841, .T. ) ;
#687 = VECTOR ( 'NONE', #1709, 999.9999999999998863 ) ;
#688 = DIRECTION ( 'NONE',  ( 1.000000000000000000, 0.000000000000000000, 0.000000000000000000 ) ) ;
#689 = VECTOR ( 'NONE', #1692, 1000.000000000000000 ) ;
#690 = AXIS2_PLACEMENT_3D ( 'NONE', #982, #1582, #2379 ) ;
#691 = ORIENTED_EDGE ( 'NONE', *, *, #1529, .T. ) ;
#692 = CARTESIAN_POINT ( 'NONE',  ( 1605.895803606029858, -1360.499997417639861, 1182.047334431319996 ) ) ;
#693 = EDGE_CURVE ( 'NONE', #89, #2524, #972, .T. ) ;
#694 = ORIENTED_EDGE ( 'NONE', *, *, #232, .T. ) ;
#695 = ORIENTED_EDGE ( 'NONE', *, *, #760, .T. ) ;
#696 = DIRECTION ( 'NONE',  ( 1.000000000000000000, 0.000000000000000000, 0.000000000000000000 ) ) ;
#697 = CARTESIAN_POINT ( 'NONE',  ( 476.4561216891959816, -1397.500000873999852, 1134.047423972999923 ) ) ;
#698 = CARTESIAN_POINT ( 'NONE',  ( 472.5723503109999797, -1363.500000873999852, 1158.999411893999877 ) ) ;
#699 = ORIENTED_EDGE ( 'NONE', *, *, #907, .F. ) ;
#700 = DIRECTION ( 'NONE',  ( 0.000000000000000000, 1.000000000000000000, 0.000000000000000000 ) ) ;
#701 = CARTESIAN_POINT ( 'NONE',  ( 1602.548769625366504, -1360.707917882856918, 1183.613238344027877 ) ) ;
#702 = VERTEX_POINT ( 'NONE', #367 ) ;
#703 = PLANE ( 'NONE',  #931 ) ;
#704 = EDGE_CURVE ( 'NONE', #2058, #1041, #1598, .T. ) ;
#705 = ORIENTED_EDGE ( 'NONE', *, *, #283, .F. ) ;
#706 = ADVANCED_FACE ( 'NONE', ( #1309 ), #161, .F. ) ;
#707 = CARTESIAN_POINT ( 'NONE',  ( 476.5723503109999797, -1400.500000874000079, 1158.999411893999877 ) ) ;
#708 = CARTESIAN_POINT ( 'NONE',  ( 1607.900000000000091, -1265.500000874000079, 1212.047423972999923 ) ) ;
#709 = CARTESIAN_POINT ( 'NONE',  ( 1819.900000000000091, -1395.500000873999852, 1133.047423972999923 ) ) ;
#710 = ORIENTED_EDGE ( 'NONE', *, *, #2151, .T. ) ;
#711 = CARTESIAN_POINT ( 'NONE',  ( 449.1687581438497432, -1397.500000950889898, 1183.080673526540295 ) ) ;
#712 = CARTESIAN_POINT ( 'NONE',  ( 476.5751022649999982, -1366.500000874000079, 1188.047423972999923 ) ) ;
#713 = ORIENTED_EDGE ( 'NONE', *, *, #1736, .T. ) ;
#714 = CARTESIAN_POINT ( 'NONE',  ( 1587.646883131021696, -1360.500000874000079, 1137.047423972999695 ) ) ;
#715 = ORIENTED_EDGE ( 'NONE', *, *, #2311, .F. ) ;
#716 = EDGE_CURVE ( 'NONE', #2445, #18, #2208, .T. ) ;
#717 = CARTESIAN_POINT ( 'NONE',  ( 1607.544627691170035, -1400.500000874000079, 1180.067246406959839 ) ) ;
#718 = DIRECTION ( 'NONE',  ( 0.000000000000000000, 0.000000000000000000, 1.000000000000000000 ) ) ;
#719 = ADVANCED_FACE ( 'NONE', ( #535 ), #2531, .T. ) ;
#720 = DIRECTION ( 'NONE',  ( 0.000000000000000000, 0.000000000000000000, 1.000000000000000000 ) ) ;
#721 = ORIENTED_EDGE ( 'NONE', *, *, #1065, .T. ) ;
#722 = DIRECTION ( 'NONE',  ( -1.000000000000000000, 0.000000000000000000, 0.000000000000000000 ) ) ;
#723 = LINE ( 'NONE', #343, #1800 ) ;
#724 = FACE_OUTER_BOUND ( 'NONE', #1428, .T. ) ;
#725 = LINE ( 'NONE', #2462, #887 ) ;
#726 = AXIS2_PLACEMENT_3D ( 'NONE', #215, #602, #1415 ) ;
#727 = VECTOR ( 'NONE', #2432, 1000.000000000000000 ) ;
#728 = AXIS2_PLACEMENT_3D ( 'NONE', #1243, #82, #1044 ) ;
#729 = VERTEX_POINT ( 'NONE', #2113 ) ;
#730 = LINE ( 'NONE', #2492, #678 ) ;
#731 = LINE ( 'NONE', #2095, #842 ) ;
#732 = ADVANCED_FACE ( 'NONE', ( #940 ), #1744, .F. ) ;
#733 = CARTESIAN_POINT ( 'NONE',  ( 1575.997248046000095, -1397.491056124470106, 1183.315590008270192 ) ) ;
#734 = VERTEX_POINT ( 'NONE', #1735 ) ;
#735 = CARTESIAN_POINT ( 'NONE',  ( 801.5723503110000365, -1365.500000873999852, 1133.047423972999923 ) ) ;
#736 = CARTESIAN_POINT ( 'NONE',  ( 472.5723503109999797, -1400.500000874000079, 1146.129883359999894 ) ) ;
#737 = ORIENTED_EDGE ( 'NONE', *, *, #227, .F. ) ;
#738 = CARTESIAN_POINT ( 'NONE',  ( 1585.638428846096076, -1400.500000874000079, 1134.818946604191524 ) ) ;
#739 = ORIENTED_EDGE ( 'NONE', *, *, #693, .F. ) ;
#740 = DIRECTION ( 'NONE',  ( -0.000000000000000000, 1.000000000000000000, -0.000000000000000000 ) ) ;
#741 = CARTESIAN_POINT ( 'NONE',  ( 446.5725817535220585, -1360.500000874000079, 1182.047423985100068 ) ) ;
#742 = DIRECTION ( 'NONE',  ( 0.000000000000000000, 0.000000000000000000, 1.000000000000000000 ) ) ;
#743 = ORIENTED_EDGE ( 'NONE', *, *, #420, .T. ) ;
#744 = DIRECTION ( 'NONE',  ( 0.000000000000000000, 0.000000000000000000, -1.000000000000000000 ) ) ;
#745 = EDGE_CURVE ( 'NONE', #463, #819, #330, .T. ) ;
#746 = CARTESIAN_POINT ( 'NONE',  ( 1576.000000000000000, -1360.500000874000079, 1142.388475342170068 ) ) ;
#747 = ORIENTED_EDGE ( 'NONE', *, *, #1205, .T. ) ;
#748 = CARTESIAN_POINT ( 'NONE',  ( 1576.000000000010004, -1397.500000873999852, 1158.999411893999877 ) ) ;
#749 = ADVANCED_FACE ( 'NONE', ( #1157 ), #1904, .T. ) ;
#750 = ORIENTED_EDGE ( 'NONE', *, *, #904, .T. ) ;
#751 = DIRECTION ( 'NONE',  ( 1.000000000000000000, 0.000000000000000000, 0.000000000000000000 ) ) ;
#752 = CARTESIAN_POINT ( 'NONE',  ( 447.7936503186022605, -1360.569485101294049, 1183.002051559905567 ) ) ;
#753 = APPLICATION_CONTEXT ( 'automotive_design' ) ;
#754 = CARTESIAN_POINT ( 'NONE',  ( 452.3742528232371569, -1353.500000873999852, 1137.047423972999695 ) ) ;
#755 = CARTESIAN_POINT ( 'NONE',  ( 1580.000000000000000, -1363.500000873999852, 1146.129883359999894 ) ) ;
#756 = ADVANCED_FACE ( 'NONE', ( #1538 ), #2333, .T. ) ;
#757 = ORIENTED_EDGE ( 'NONE', *, *, #336, .F. ) ;
#758 = LINE ( 'NONE', #2525, #117 ) ;
#759 = CIRCLE ( 'NONE', #1883, 6.000000000000005329 ) ;
#760 = EDGE_CURVE ( 'NONE', #1188, #216, #521, .T. ) ;
#761 = VERTEX_POINT ( 'NONE', #2555 ) ;
#762 = AXIS2_PLACEMENT_3D ( 'NONE', #2225, #2197, #1204 ) ;
#763 = VECTOR ( 'NONE', #620, 1000.000000000000000 ) ;
#764 = CARTESIAN_POINT ( 'NONE',  ( 464.6723503110000024, -1363.500000873999852, 1148.784408176000170 ) ) ;
#765 = CARTESIAN_POINT ( 'NONE',  ( 1607.900000000000091, -1363.500000873999852, 1148.784408176000170 ) ) ;
#766 = AXIS2_PLACEMENT_3D ( 'NONE', #292, #1659, #484 ) ;
#767 = CARTESIAN_POINT ( 'NONE',  ( 472.5723503109999797, -1360.500000874000079, 1158.999411893999877 ) ) ;
#768 = LINE ( 'NONE', #1514, #1849 ) ;
#769 = CARTESIAN_POINT ( 'NONE',  ( 476.3725145172240332, -1366.500000844700025, 1128.047423972999923 ) ) ;
#770 = CARTESIAN_POINT ( 'NONE',  ( 444.6723503110000024, -1397.500000873999852, 1148.784408176000170 ) ) ;
#771 = ORIENTED_EDGE ( 'NONE', *, *, #1745, .T. ) ;
#772 = EDGE_CURVE ( 'NONE', #2408, #2276, #109, .T. ) ;
#773 = CARTESIAN_POINT ( 'NONE',  ( 1584.627213335669921, -1363.500000873999852, 1135.730322304599895 ) ) ;
#774 = CARTESIAN_POINT ( 'NONE',  ( 1594.000000000000000, -1400.500000874000079, 1146.129883359999894 ) ) ;
#775 = ORIENTED_EDGE ( 'NONE', *, *, #658, .T. ) ;
#776 = CARTESIAN_POINT ( 'NONE',  ( 1575.997248046000095, -1397.500000873999852, 1183.047423972999923 ) ) ;
#777 = CARTESIAN_POINT ( 'NONE',  ( 765.3999999999999773, -1394.500000874000079, 1134.047423972999923 ) ) ;
#778 = LINE ( 'NONE', #2154, #26 ) ;
#779 = CARTESIAN_POINT ( 'NONE',  ( 476.4375425021699471, -1363.500001437970013, 1132.714103886879911 ) ) ;
#780 = ORIENTED_EDGE ( 'NONE', *, *, #919, .T. ) ;
#781 = DIRECTION ( 'NONE',  ( -1.000000000000000000, 0.000000000000000000, 0.000000000000000000 ) ) ;
#782 = ORIENTED_EDGE ( 'NONE', *, *, #1762, .T. ) ;
#783 = EDGE_CURVE ( 'NONE', #2300, #948, #1030, .T. ) ;
#784 = DIRECTION ( 'NONE',  ( 0.000000000000000000, 0.000000000000000000, -1.000000000000000000 ) ) ;
#785 = ORIENTED_EDGE ( 'NONE', *, *, #836, .T. ) ;
#786 = LINE ( 'NONE', #1405, #966 ) ;
#787 = EDGE_CURVE ( 'NONE', #2498, #702, #1569, .T. ) ;
#788 = DIRECTION ( 'NONE',  ( 0.000000000000000000, -2.313349637178409884E-14, 1.000000000000000000 ) ) ;
#789 = DIRECTION ( 'NONE',  ( 0.000000000000000000, -1.000000000000000000, 0.000000000000000000 ) ) ;
#790 = DIRECTION ( 'NONE',  ( 1.000000000000000000, 0.000000000000000000, 0.000000000000000000 ) ) ;
#791 = ORIENTED_EDGE ( 'NONE', *, *, #373, .F. ) ;
#792 = CARTESIAN_POINT ( 'NONE',  ( 1602.368349985603345, -1363.500000873999852, 1134.976191466587807 ) ) ;
#793 = CARTESIAN_POINT ( 'NONE',  ( 1580.000000000000000, -1411.500000873999852, 1148.999411893999877 ) ) ;
#794 = VECTOR ( 'NONE', #2344, 1000.000000000000114 ) ;
#795 = CIRCLE ( 'NONE', #1840, 5.999999999999906741 ) ;
#796 = FILL_AREA_STYLE ('',( #992 ) ) ;
#797 = ORIENTED_EDGE ( 'NONE', *, *, #1736, .F. ) ;
#798 = LINE ( 'NONE', #1958, #1427 ) ;
#799 = ORIENTED_EDGE ( 'NONE', *, *, #2130, .F. ) ;
#800 = VECTOR ( 'NONE', #2264, 1000.000000000000000 ) ;
#801 = CIRCLE ( 'NONE', #1097, 14.00000000000004086 ) ;
#802 = CARTESIAN_POINT ( 'NONE',  ( 450.7723503069929620, -1360.734076905690017, 1183.706978368669979 ) ) ;
#803 = CIRCLE ( 'NONE', #75, 14.00000000000001243 ) ;
#804 = VECTOR ( 'NONE', #2144, 1000.000000000000000 ) ;
#805 = LINE ( 'NONE', #1395, #2340 ) ;
#806 = EDGE_CURVE ( 'NONE', #2332, #1410, #1961, .T. ) ;
#807 = DIRECTION ( 'NONE',  ( 0.000000000000000000, -0.9901988003910388025, -0.1396650840552059736 ) ) ;
#808 = CARTESIAN_POINT ( 'NONE',  ( 444.6723503110000024, -1495.500000874000079, 1212.047423972999923 ) ) ;
#809 = ADVANCED_FACE ( 'NONE', ( #248 ), #1198, .T. ) ;
#810 = ORIENTED_EDGE ( 'NONE', *, *, #1635, .F. ) ;
#811 = DIRECTION ( 'NONE',  ( 0.000000000000000000, 1.000000000000000000, 0.000000000000000000 ) ) ;
#812 = DIRECTION ( 'NONE',  ( 1.000000000000000000, 0.000000000000000000, 0.000000000000000000 ) ) ;
#813 = ORIENTED_EDGE ( 'NONE', *, *, #2081, .F. ) ;
#814 = DIRECTION ( 'NONE',  ( -1.000000000000000000, 0.000000000000000000, 0.000000000000000000 ) ) ;
#815 = ORIENTED_EDGE ( 'NONE', *, *, #2368, .F. ) ;
#816 = CARTESIAN_POINT ( 'NONE',  ( 444.6723716670660451, -1360.500000873990075, 1177.579615115139859 ) ) ;
#817 = DIRECTION ( 'NONE',  ( -0.000000000000000000, 1.000000000000000000, -0.000000000000000000 ) ) ;
#818 = CARTESIAN_POINT ( 'NONE',  ( 450.7723503110389629, -1397.500000874169928, 1183.242380888980051 ) ) ;
#819 = VERTEX_POINT ( 'NONE', #386 ) ;
#820 = EDGE_CURVE ( 'NONE', #320, #1347, #47, .T. ) ;
#821 = ORIENTED_EDGE ( 'NONE', *, *, #8, .T. ) ;
#822 = CARTESIAN_POINT ( 'NONE',  ( 452.3742528232371569, -1400.500000874000079, 1137.047423972999695 ) ) ;
#823 = EDGE_CURVE ( 'NONE', #979, #1068, #2163, .T. ) ;
#824 = CARTESIAN_POINT ( 'NONE',  ( 450.7723502955059871, -1360.734076904549966, 1183.706978362650034 ) ) ;
#825 = ORIENTED_EDGE ( 'NONE', *, *, #1668, .T. ) ;
#826 = PLANE ( 'NONE',  #645 ) ;
#827 = ORIENTED_EDGE ( 'NONE', *, *, #456, .T. ) ;
#828 = CYLINDRICAL_SURFACE ( 'NONE', #634, 14.00000000000001243 ) ;
#829 = CARTESIAN_POINT ( 'NONE',  ( 1576.156162696519914, -1361.134052467569973, 1131.181587915639966 ) ) ;
#830 = CARTESIAN_POINT ( 'NONE',  ( 1819.900000000000091, -1385.500000873999852, 1185.047423972999923 ) ) ;
#831 = ORIENTED_EDGE ( 'NONE', *, *, #2005, .T. ) ;
#832 = CARTESIAN_POINT ( 'NONE',  ( 1576.199835793799821, -1394.500003583080115, 1128.047423972999923 ) ) ;
#833 = ORIENTED_EDGE ( 'NONE', *, *, #947, .T. ) ;
#834 = CIRCLE ( 'NONE', #271, 19.99999999999997868 ) ;
#835 = FACE_OUTER_BOUND ( 'NONE', #912, .T. ) ;
#836 = EDGE_CURVE ( 'NONE', #626, #2349, #1186, .T. ) ;
#837 = DIRECTION ( 'NONE',  ( 0.01393317610834009408, 0.000000000000000000, 0.9999029285903376918 ) ) ;
#838 = ORIENTED_EDGE ( 'NONE', *, *, #2084, .T. ) ;
#839 = CARTESIAN_POINT ( 'NONE',  ( 1601.421142578320087, -1397.500000873999852, 1134.047423972999923 ) ) ;
#840 = ORIENTED_EDGE ( 'NONE', *, *, #1084, .F. ) ;
#841 = EDGE_CURVE ( 'NONE', #2281, #640, #1509, .T. ) ;
#842 = VECTOR ( 'NONE', #2516, 1000.000000000000000 ) ;
#843 = DIRECTION ( 'NONE',  ( -1.000000000000000000, 0.000000000000000000, 0.000000000000000000 ) ) ;
#844 = CARTESIAN_POINT ( 'NONE',  ( 464.9254671799783409, -1342.500000874000079, 1137.047423972999695 ) ) ;
#845 = VECTOR ( 'NONE', #639, 1000.000000000000000 ) ;
#846 = B_SPLINE_CURVE_WITH_KNOTS ( 'NONE', 3,
 ( #898, #1885, #553, #101 ),
 .UNSPECIFIED., .F., .F.,
 ( 4, 4 ),
 ( 0.000000000000000000, 1.000000000000000000 ),
 .UNSPECIFIED. ) ;
#847 = VECTOR ( 'NONE', #1567, 1000.000000000000000 ) ;
#848 = AXIS2_PLACEMENT_3D ( 'NONE', #2413, #1461, #64 ) ;
#849 = CARTESIAN_POINT ( 'NONE',  ( 1607.900000000000091, -1397.500000873999852, 1177.156472537949867 ) ) ;
#850 = VERTEX_POINT ( 'NONE', #592 ) ;
#851 = DIRECTION ( 'NONE',  ( -0.000000000000000000, -1.000000000000000000, -0.000000000000000000 ) ) ;
#852 = VECTOR ( 'NONE', #508, 1000.000000000000227 ) ;
#853 = ORIENTED_EDGE ( 'NONE', *, *, #1223, .F. ) ;
#854 = DIRECTION ( 'NONE',  ( 1.000000000000000000, 0.000000000000000000, 0.000000000000000000 ) ) ;
#855 = VERTEX_POINT ( 'NONE', #7 ) ;
#856 = FACE_OUTER_BOUND ( 'NONE', #269, .T. ) ;
#857 = EDGE_CURVE ( 'NONE', #948, #1160, #1977, .T. ) ;
#858 = VERTEX_POINT ( 'NONE', #2399 ) ;
#859 = CARTESIAN_POINT ( 'NONE',  ( 1576.199835793969896, -1366.500000611780024, 1128.047423972999923 ) ) ;
#860 = DIRECTION ( 'NONE',  ( 1.000000000000000000, 0.000000000000000000, 0.000000000000000000 ) ) ;
#861 = EDGE_CURVE ( 'NONE', #1527, #2263, #998, .T. ) ;
#862 = CARTESIAN_POINT ( 'NONE',  ( 1606.687166293401788, -1397.500000805527179, 1180.930188702044688 ) ) ;
#863 = ORIENTED_EDGE ( 'NONE', *, *, #1624, .T. ) ;
#864 = CARTESIAN_POINT ( 'NONE',  ( 447.0129517704764339, -1397.500000936314109, 1182.001335025980325 ) ) ;
#865 = VERTEX_POINT ( 'NONE', #2021 ) ;
#866 = LINE ( 'NONE', #2253, #1515 ) ;
#867 =( LENGTH_UNIT ( ) NAMED_UNIT ( * ) SI_UNIT ( .MILLI., .METRE. ) );
#868 = ORIENTED_EDGE ( 'NONE', *, *, #1336, .F. ) ;
#869 = PLANE ( 'NONE',  #1637 ) ;
#870 = ORIENTED_EDGE ( 'NONE', *, *, #1824, .T. ) ;
#871 = EDGE_CURVE ( 'NONE', #1994, #1711, #805, .T. ) ;
#872 = CARTESIAN_POINT ( 'NONE',  ( 450.2040003253966347, -1353.500000873999852, 1134.976191466587807 ) ) ;
#873 = CARTESIAN_POINT ( 'NONE',  ( 476.4143181031599852, -1394.500000871769998, 1131.047423972999923 ) ) ;
#874 = EDGE_CURVE ( 'NONE', #447, #83, #795, .T. ) ;
#875 = FACE_OUTER_BOUND ( 'NONE', #908, .T. ) ;
#876 = ORIENTED_EDGE ( 'NONE', *, *, #1718, .F. ) ;
#877 = CYLINDRICAL_SURFACE ( 'NONE', #1761, 6.099999999999970335 ) ;
#878 = ORIENTED_EDGE ( 'NONE', *, *, #2177, .T. ) ;
#879 = CARTESIAN_POINT ( 'NONE',  ( 1575.997248046000095, -1395.500000873999852, 1185.047423972999923 ) ) ;
#880 = AXIS2_PLACEMENT_3D ( 'NONE', #2109, #1912, #141 ) ;
#881 = ORIENTED_EDGE ( 'NONE', *, *, #675, .T. ) ;
#882 = ORIENTED_EDGE ( 'NONE', *, *, #283, .T. ) ;
#883 = DIRECTION ( 'NONE',  ( 0.000000000000000000, 1.000000000000000000, 0.000000000000000000 ) ) ;
#884 = CARTESIAN_POINT ( 'NONE',  ( 444.6723503110000024, -1397.500000873999852, 1148.784408176000170 ) ) ;
#885 = CARTESIAN_POINT ( 'NONE',  ( 765.3999999999999773, -1395.500000873999852, 1133.047423972999923 ) ) ;
#886 = ORIENTED_EDGE ( 'NONE', *, *, #310, .T. ) ;
#887 = VECTOR ( 'NONE', #1504, 1000.000000000000000 ) ;
#888 = CARTESIAN_POINT ( 'NONE',  ( 464.9254671799783409, -1397.500000873999852, 1137.047423972999695 ) ) ;
#889 = EDGE_CURVE ( 'NONE', #2263, #865, #150, .T. ) ;
#890 = AXIS2_PLACEMENT_3D ( 'NONE', #1218, #1799, #28 ) ;
#891 = AXIS2_PLACEMENT_3D ( 'NONE', #1135, #1312, #1727 ) ;
#892 = DIRECTION ( 'NONE',  ( -0.01393317610478250583, 0.000000000000000000, 0.9999029285903873188 ) ) ;
#893 = ORIENTED_EDGE ( 'NONE', *, *, #1668, .F. ) ;
#894 = CARTESIAN_POINT ( 'NONE',  ( 1607.899978894730111, -1360.500000873990075, 1177.487167340329961 ) ) ;
#895 = VECTOR ( 'NONE', #1075, 1000.000000000000114 ) ;
#896 = EDGE_CURVE ( 'NONE', #2318, #1766, #2217, .T. ) ;
#897 = ORIENTED_EDGE ( 'NONE', *, *, #608, .T. ) ;
#898 = CARTESIAN_POINT ( 'NONE',  ( 1575.997248046000095, -1363.505878630860025, 1183.241486149380080 ) ) ;
#899 = CARTESIAN_POINT ( 'NONE',  ( 449.9998226100850047, -1360.734122163695702, 1183.707135612060029 ) ) ;
#900 = CARTESIAN_POINT ( 'NONE',  ( 1580.000000000000000, -1397.500000873999852, 1146.129883359999894 ) ) ;
#901 = ORIENTED_EDGE ( 'NONE', *, *, #2364, .T. ) ;
#902 = CARTESIAN_POINT ( 'NONE',  ( 1605.999768565060094, -1400.500000873990075, 1182.047423976630171 ) ) ;
#903 = CARTESIAN_POINT ( 'NONE',  ( 472.5723503109999797, -1400.500000874000079, 1158.999411893999877 ) ) ;
#904 = EDGE_CURVE ( 'NONE', #1845, #1583, #467, .T. ) ;
#905 = ORIENTED_EDGE ( 'NONE', *, *, #56, .T. ) ;
#906 = LINE ( 'NONE', #473, #689 ) ;
#907 = EDGE_CURVE ( 'NONE', #1583, #1674, #358, .T. ) ;
#908 = EDGE_LOOP ( 'NONE', ( #1149, #1470, #1112, #1795, #2431, #552, #472, #2278, #200, #1694, #1207, #1024, #2297, #2260, #1566, #329, #882, #1215, #1123, #450, #384, #2437, #1225, #628, #944, #2252 ) ) ;
#909 = DIRECTION ( 'NONE',  ( 0.000000000000000000, 0.000000000000000000, -1.000000000000000000 ) ) ;
#910 = DIRECTION ( 'NONE',  ( -1.000000000000000000, 0.000000000000000000, 0.000000000000000000 ) ) ;
#911 = CYLINDRICAL_SURFACE ( 'NONE', #1352, 2.000000000000001776 ) ;
#912 = EDGE_LOOP ( 'NONE', ( #542, #870, #1126, #293 ) ) ;
#913 = DIRECTION ( 'NONE',  ( 0.000000000000000000, 0.000000000000000000, -1.000000000000000000 ) ) ;
#914 = LINE ( 'NONE', #927, #932 ) ;
#915 = ORIENTED_EDGE ( 'NONE', *, *, #841, .F. ) ;
#916 = DIRECTION ( 'NONE',  ( 1.000000000000000000, 0.000000000000000000, 0.000000000000000000 ) ) ;
#917 = LINE ( 'NONE', #1067, #2268 ) ;
#918 = EDGE_LOOP ( 'NONE', ( #1458, #1896, #2243, #1817, #416, #584, #1003, #1488 ) ) ;
#919 = EDGE_CURVE ( 'NONE', #445, #1711, #2274, .T. ) ;
#920 = FACE_OUTER_BOUND ( 'NONE', #2168, .T. ) ;
#921 = PLANE ( 'NONE',  #2429 ) ;
#922 =( GEOMETRIC_REPRESENTATION_CONTEXT ( 3 ) GLOBAL_UNCERTAINTY_ASSIGNED_CONTEXT ( ( #1434 ) ) GLOBAL_UNIT_ASSIGNED_CONTEXT ( ( #867, #653, #462 ) ) REPRESENTATION_CONTEXT ( 'NONE', 'WORKASPACE' ) );
#923 = DIRECTION ( 'NONE',  ( -1.000000000000000000, 0.000000000000000000, 0.000000000000000000 ) ) ;
#924 = VERTEX_POINT ( 'NONE', #261 ) ;
#925 = CARTESIAN_POINT ( 'NONE',  ( 451.1512077337999926, -1363.500000873999852, 1134.047423972999923 ) ) ;
#926 = AXIS2_PLACEMENT_3D ( 'NONE', #1355, #1937, #1304 ) ;
#927 = CARTESIAN_POINT ( 'NONE',  ( 1575.997248046000095, -1394.500000874000079, 1188.047423972999923 ) ) ;
#928 = ORIENTED_EDGE ( 'NONE', *, *, #157, .T. ) ;
#929 = DIRECTION ( 'NONE',  ( -0.01393317611373499562, 0.000000000000000000, -0.9999029285902626407 ) ) ;
#930 = VECTOR ( 'NONE', #111, 1000.000000000000000 ) ;
#931 = AXIS2_PLACEMENT_3D ( 'NONE', #1855, #1077, #1492 ) ;
#932 = VECTOR ( 'NONE', #522, 1000.000000000000000 ) ;
#933 = ORIENTED_EDGE ( 'NONE', *, *, #1334, .T. ) ;
#934 = LINE ( 'NONE', #1730, #1213 ) ;
#935 = EDGE_CURVE ( 'NONE', #1966, #266, #494, .T. ) ;
#936 = FACE_OUTER_BOUND ( 'NONE', #1469, .T. ) ;
#937 = CARTESIAN_POINT ( 'NONE',  ( 1580.000000000000000, -1397.500000873999852, 1146.129883359999894 ) ) ;
#938 = ADVANCED_FACE ( 'NONE', ( #1241 ), #644, .F. ) ;
#939 = ORIENTED_EDGE ( 'NONE', *, *, #2402, .F. ) ;
#940 = FACE_OUTER_BOUND ( 'NONE', #2440, .T. ) ;
#941 = DIRECTION ( 'NONE',  ( -0.000000000000000000, 1.000000000000000000, -0.000000000000000000 ) ) ;
#942 = ORIENTED_EDGE ( 'NONE', *, *, #1354, .T. ) ;
#943 = CARTESIAN_POINT ( 'NONE',  ( 476.4143181031599852, -1365.500001171010126, 1131.047423972999923 ) ) ;
#944 = ORIENTED_EDGE ( 'NONE', *, *, #1809, .F. ) ;
#945 = LINE ( 'NONE', #1600, #1630 ) ;
#946 = DIRECTION ( 'NONE',  ( 0.000000000000000000, -0.9901988003910429104, -0.1396650840551759976 ) ) ;
#947 = EDGE_CURVE ( 'NONE', #1933, #1009, #541, .T. ) ;
#948 = VERTEX_POINT ( 'NONE', #81 ) ;
#949 = DIRECTION ( 'NONE',  ( 0.000000000000000000, 0.1396650840552059736, -0.9901988003910388025 ) ) ;
#950 = ADVANCED_FACE ( 'NONE', ( #300 ), #1254, .T. ) ;
#951 = DIRECTION ( 'NONE',  ( 0.000000000000000000, 1.000000000000000000, 0.000000000000000000 ) ) ;
#952 = VERTEX_POINT ( 'NONE', #1043 ) ;
#953 = LINE ( 'NONE', #561, #1179 ) ;
#954 = ORIENTED_EDGE ( 'NONE', *, *, #1543, .T. ) ;
#955 = DIRECTION ( 'NONE',  ( 0.000000000000000000, 1.000000000000000000, 0.000000000000000000 ) ) ;
#956 = FACE_OUTER_BOUND ( 'NONE', #1919, .T. ) ;
#957 = VECTOR ( 'NONE', #1339, 1000.000000000000000 ) ;
#958 = DIRECTION ( 'NONE',  ( -1.000000000000000000, 0.000000000000000000, 0.000000000000000000 ) ) ;
#959 = DIRECTION ( 'NONE',  ( 0.000000000000000000, -1.000000000000000000, 0.000000000000000000 ) ) ;
#960 = LINE ( 'NONE', #1021, #2518 ) ;
#961 = ORIENTED_EDGE ( 'NONE', *, *, #1493, .T. ) ;
#962 = CYLINDRICAL_SURFACE ( 'NONE', #1183, 6.000000000000005329 ) ;
#963 = ADVANCED_FACE ( 'NONE', ( #1886 ), #2044, .T. ) ;
#964 = AXIS2_PLACEMENT_3D ( 'NONE', #754, #1321, #913 ) ;
#965 = VERTEX_POINT ( 'NONE', #1629 ) ;
#966 = VECTOR ( 'NONE', #385, 1000.000000000000000 ) ;
#967 = AXIS2_PLACEMENT_3D ( 'NONE', #2042, #2317, #1315 ) ;
#968 = VECTOR ( 'NONE', #2207, 1000.000000000000000 ) ;
#969 = VECTOR ( 'NONE', #1122, 1000.000000000000000 ) ;
#970 = CARTESIAN_POINT ( 'NONE',  ( 464.6723503110000024, -1360.500000874000079, 1148.784408176000170 ) ) ;
#971 = CARTESIAN_POINT ( 'NONE',  ( 467.9451369788759507, -1360.500000874000079, 1135.730322308179893 ) ) ;
#972 = CIRCLE ( 'NONE', #2271, 20.00000000000000711 ) ;
#973 = ORIENTED_EDGE ( 'NONE', *, *, #1468, .T. ) ;
#974 = CARTESIAN_POINT ( 'NONE',  ( 450.0235806861184642, -1400.292083865157792, 1183.613238343973535 ) ) ;
#975 = CARTESIAN_POINT ( 'NONE',  ( 1587.646883131021696, -1400.500000874000079, 1137.047423972999695 ) ) ;
#976 = ORIENTED_EDGE ( 'NONE', *, *, #1482, .T. ) ;
#977 = CARTESIAN_POINT ( 'NONE',  ( 449.9699024992052614, -1363.499997197318180, 1183.316852173406460 ) ) ;
#978 = ADVANCED_FACE ( 'NONE', ( #1655 ), #289, .T. ) ;
#979 = VERTEX_POINT ( 'NONE', #1834 ) ;
#980 = ORIENTED_EDGE ( 'NONE', *, *, #2177, .F. ) ;
#981 = EDGE_CURVE ( 'NONE', #729, #924, #1754, .T. ) ;
#982 = CARTESIAN_POINT ( 'NONE',  ( 1576.157357129000047, -1418.500000874000079, 1131.095870450000120 ) ) ;
#983 = VERTEX_POINT ( 'NONE', #1269 ) ;
#984 = CARTESIAN_POINT ( 'NONE',  ( 476.5751022649999982, -1394.500000874000079, 1188.047423972999923 ) ) ;
#985 = DIRECTION ( 'NONE',  ( -0.01393317614745589322, 0.000000000000000000, -0.9999029285897925723 ) ) ;
#986 = DIRECTION ( 'NONE',  ( 0.000000000000000000, 0.000000000000000000, -1.000000000000000000 ) ) ;
#987 = EDGE_LOOP ( 'NONE', ( #173, #597, #1039, #1423 ) ) ;
#988 = FACE_OUTER_BOUND ( 'NONE', #2241, .T. ) ;
#989 = VERTEX_POINT ( 'NONE', #2442 ) ;
#990 = CARTESIAN_POINT ( 'NONE',  ( 444.8511571509179703, -1400.500000873999852, 1179.195867477412548 ) ) ;
#991 = CARTESIAN_POINT ( 'NONE',  ( 466.9339214653928707, -1363.500000873999852, 1134.818946603649238 ) ) ;
#992 = FILL_AREA_STYLE_COLOUR ( '', #2048 ) ;
#993 = VERTEX_POINT ( 'NONE', #313 ) ;
#994 = CARTESIAN_POINT ( 'NONE',  ( 458.5723503110000365, -1360.500000874000079, 1146.129883359999894 ) ) ;
#995 = EDGE_CURVE ( 'NONE', #734, #2524, #2426, .T. ) ;
#996 = ORIENTED_EDGE ( 'NONE', *, *, #1732, .T. ) ;
#997 = DIRECTION ( 'NONE',  ( 0.000000000000000000, 0.000000000000000000, -1.000000000000000000 ) ) ;
#998 = LINE ( 'NONE', #1586, #1267 ) ;
#999 = ADVANCED_FACE ( 'NONE', ( #659 ), #1667, .F. ) ;
#1000 = CYLINDRICAL_SURFACE ( 'NONE', #2434, 6.099999999999970335 ) ;
#1001 = CARTESIAN_POINT ( 'NONE',  ( 444.8294156157953125, -1363.500000899351107, 1178.761125310500120 ) ) ;
#1002 = AXIS2_PLACEMENT_3D ( 'NONE', #1008, #1249, #1829 ) ;
#1003 = ORIENTED_EDGE ( 'NONE', *, *, #1305, .F. ) ;
#1004 = PLANE ( 'NONE',  #762 ) ;
#1005 = VECTOR ( 'NONE', #1370, 1000.000000000000227 ) ;
#1006 = LINE ( 'NONE', #29, #2474 ) ;
#1007 = AXIS2_PLACEMENT_3D ( 'NONE', #557, #1343, #2141 ) ;
#1008 = CARTESIAN_POINT ( 'NONE',  ( 0.000000000000000000, 0.000000000000000000, 0.000000000000000000 ) ) ;
#1009 = VERTEX_POINT ( 'NONE', #873 ) ;
#1010 = DIRECTION ( 'NONE',  ( 0.000000000000000000, 0.000000000000000000, 1.000000000000000000 ) ) ;
#1011 = VERTEX_POINT ( 'NONE', #120 ) ;
#1012 = CIRCLE ( 'NONE', #1432, 2.000000000000086597 ) ;
#1013 = VECTOR ( 'NONE', #368, 1000.000000000000000 ) ;
#1014 = B_SPLINE_CURVE_WITH_KNOTS ( 'NONE', 3,
 ( #166, #2537, #752, #1546, #899, #1562 ),
 .UNSPECIFIED., .F., .F.,
 ( 4, 2, 4 ),
 ( 0.000000000000000000, 0.5000000000000000000, 1.000000000000000000 ),
 .UNSPECIFIED. ) ;
#1015 = ADVANCED_FACE ( 'NONE', ( #2466 ), #683, .T. ) ;
#1016 =( NAMED_UNIT ( * ) SI_UNIT ( $, .STERADIAN. ) SOLID_ANGLE_UNIT ( ) );
#1017 = VECTOR ( 'NONE', #2157, 1000.000000000000000 ) ;
#1018 = VECTOR ( 'NONE', #1119, 1000.000000000000000 ) ;
#1019 = CARTESIAN_POINT ( 'NONE',  ( 449.2753803345218557, -1400.333213901320960, 1183.477978285196741 ) ) ;
#1020 = EDGE_CURVE ( 'NONE', #1051, #952, #2150, .T. ) ;
#1021 = CARTESIAN_POINT ( 'NONE',  ( 472.5723503109999797, -1360.500000874000079, 1146.129883359999894 ) ) ;
#1022 = ORIENTED_EDGE ( 'NONE', *, *, #1859, .F. ) ;
#1023 = CARTESIAN_POINT ( 'NONE',  ( 445.8851840178974726, -1363.500000942472752, 1180.930188702462146 ) ) ;
#1024 = ORIENTED_EDGE ( 'NONE', *, *, #1572, .T. ) ;
#1025 = CARTESIAN_POINT ( 'NONE',  ( 476.5751022649999982, -1366.500000874000079, 1188.047423972999923 ) ) ;
#1026 = LINE ( 'NONE', #1879, #1057 ) ;
#1027 = ORIENTED_EDGE ( 'NONE', *, *, #253, .F. ) ;
#1028 = CARTESIAN_POINT ( 'NONE',  ( 1584.627213331300254, -1400.500000874000079, 1135.730322308959785 ) ) ;
#1029 = CARTESIAN_POINT ( 'NONE',  ( 444.6723503110000024, -1495.500000874000079, 1212.047423972999923 ) ) ;
#1030 = LINE ( 'NONE', #1821, #1005 ) ;
#1031 = ADVANCED_FACE ( 'NONE', ( #1497 ), #921, .T. ) ;
#1032 = PLANE ( 'NONE',  #1516 ) ;
#1033 = ORIENTED_EDGE ( 'NONE', *, *, #2246, .F. ) ;
#1034 = FACE_OUTER_BOUND ( 'NONE', #1079, .T. ) ;
#1035 = ADVANCED_FACE ( 'NONE', ( #516 ), #2342, .F. ) ;
#1036 = ORIENTED_EDGE ( 'NONE', *, *, #935, .T. ) ;
#1037 = DIRECTION ( 'NONE',  ( 0.000000000000000000, 0.000000000000000000, -1.000000000000000000 ) ) ;
#1038 = FACE_OUTER_BOUND ( 'NONE', #1823, .T. ) ;
#1039 = ORIENTED_EDGE ( 'NONE', *, *, #981, .F. ) ;
#1040 = CARTESIAN_POINT ( 'NONE',  ( 1587.646883131021696, -1418.500000874000079, 1137.047423972999695 ) ) ;
#1041 = VERTEX_POINT ( 'NONE', #1118 ) ;
#1042 = CARTESIAN_POINT ( 'NONE',  ( 444.6720581595844237, -1360.500000873999852, 1178.411141801072290 ) ) ;
#1043 = CARTESIAN_POINT ( 'NONE',  ( 1601.800000109239818, -1360.707880245520073, 1183.613099108800043 ) ) ;
#1044 = DIRECTION ( 'NONE',  ( -1.000000000000000000, 0.000000000000000000, 0.000000000000000000 ) ) ;
#1045 = VERTEX_POINT ( 'NONE', #1913 ) ;
#1046 = CARTESIAN_POINT ( 'NONE',  ( 450.7723503117989594, -1397.500000872269993, 1183.242380906140170 ) ) ;
#1047 = EDGE_CURVE ( 'NONE', #1410, #2185, #1508, .T. ) ;
#1048 = ORIENTED_EDGE ( 'NONE', *, *, #1081, .F. ) ;
#1049 = LINE ( 'NONE', #1839, #605 ) ;
#1050 = EDGE_CURVE ( 'NONE', #2043, #1999, #759, .T. ) ;
#1051 = VERTEX_POINT ( 'NONE', #2307 ) ;
#1052 = CARTESIAN_POINT ( 'NONE',  ( 1586.494470596360088, -1363.500000873999852, 1134.047423972999923 ) ) ;
#1053 = ORIENTED_EDGE ( 'NONE', *, *, #2562, .T. ) ;
#1054 = AXIS2_PLACEMENT_3D ( 'NONE', #505, #103, #2234 ) ;
#1055 = CARTESIAN_POINT ( 'NONE',  ( 476.4491547637579743, -1400.500000874000079, 1133.547448299839971 ) ) ;
#1056 = CARTESIAN_POINT ( 'NONE',  ( 458.5723503110000365, -1349.500000873999852, 1146.129883359999894 ) ) ;
#1057 = VECTOR ( 'NONE', #1786, 1000.000000000000000 ) ;
#1058 = CIRCLE ( 'NONE', #1887, 2.999999999999891642 ) ;
#1059 = AXIS2_PLACEMENT_3D ( 'NONE', #121, #517, #2321 ) ;
#1060 = CARTESIAN_POINT ( 'NONE',  ( 450.2040003253966347, -1397.500000873999852, 1134.976191466587807 ) ) ;
#1061 = VERTEX_POINT ( 'NONE', #531 ) ;
#1062 = CARTESIAN_POINT ( 'NONE',  ( 1575.997248046000095, -1363.500000873999852, 1183.047423972999923 ) ) ;
#1063 = ORIENTED_EDGE ( 'NONE', *, *, #74, .T. ) ;
#1064 = PLANE ( 'NONE',  #193 ) ;
#1065 = EDGE_CURVE ( 'NONE', #586, #850, #187, .T. ) ;
#1066 = ORIENTED_EDGE ( 'NONE', *, *, #1114, .T. ) ;
#1067 = CARTESIAN_POINT ( 'NONE',  ( 444.6723503110000024, -1397.500000873999852, 1148.784408176000170 ) ) ;
#1068 = VERTEX_POINT ( 'NONE', #1154 ) ;
#1069 = EDGE_CURVE ( 'NONE', #1299, #1982, #2304, .T. ) ;
#1070 = CARTESIAN_POINT ( 'NONE',  ( 476.5723503109999797, -1397.500000873999852, 1142.388475329999892 ) ) ;
#1071 = DIRECTION ( 'NONE',  ( 0.000000000000000000, 1.000000000000000000, 0.000000000000000000 ) ) ;
#1072 = B_SPLINE_CURVE_WITH_KNOTS ( 'NONE', 3,
 ( #432, #448, #13, #990, #1595, #1192 ),
 .UNSPECIFIED., .F., .F.,
 ( 4, 2, 4 ),
 ( 0.000000000000000000, 0.5000000000000000000, 1.000000000000000000 ),
 .UNSPECIFIED. ) ;
#1073 = DIRECTION ( 'NONE',  ( 0.000000000000000000, 0.000000000000000000, -1.000000000000000000 ) ) ;
#1074 = ORIENTED_EDGE ( 'NONE', *, *, #79, .T. ) ;
#1075 = DIRECTION ( 'NONE',  ( 0.000000000000000000, -0.9901988001613893919, 0.1396650856833760446 ) ) ;
#1076 = ORIENTED_EDGE ( 'NONE', *, *, #344, .F. ) ;
#1077 = DIRECTION ( 'NONE',  ( -1.000000000000000000, 0.000000000000000000, 0.000000000000000000 ) ) ;
#1078 = VERTEX_POINT ( 'NONE', #1130 ) ;
#1079 = EDGE_LOOP ( 'NONE', ( #782, #813, #1959, #691 ) ) ;
#1080 = CYLINDRICAL_SURFACE ( 'NONE', #2337, 2.999999999999891642 ) ;
#1081 = EDGE_CURVE ( 'NONE', #1188, #1674, #731, .T. ) ;
#1082 = DIRECTION ( 'NONE',  ( 0.000000000000000000, 0.000000000000000000, -1.000000000000000000 ) ) ;
#1083 = DIRECTION ( 'NONE',  ( 0.000000000000000000, -1.000000000000000000, 0.000000000000000000 ) ) ;
#1084 = EDGE_CURVE ( 'NONE', #45, #1505, #1329, .T. ) ;
#1085 = ORIENTED_EDGE ( 'NONE', *, *, #1223, .T. ) ;
#1086 = CARTESIAN_POINT ( 'NONE',  ( 1587.646883131021696, -1397.500000873999852, 1134.047423972999923 ) ) ;
#1087 = LINE ( 'NONE', #433, #930 ) ;
#1088 = ORIENTED_EDGE ( 'NONE', *, *, #2548, .F. ) ;
#1089 = DIRECTION ( 'NONE',  ( 0.000000000000000000, 1.000000000000000000, 0.000000000000000000 ) ) ;
#1090 = VERTEX_POINT ( 'NONE', #2121 ) ;
#1091 = PRESENTATION_LAYER_ASSIGNMENT (  '', '', ( #2003 ) ) ;
#1092 = DIRECTION ( 'NONE',  ( 0.000000000000000000, -1.000000000000000000, 0.000000000000000000 ) ) ;
#1093 = DIRECTION ( 'NONE',  ( 0.000000000000000000, 1.000000000000000000, 0.000000000000000000 ) ) ;
#1094 = EDGE_CURVE ( 'NONE', #2074, #1331, #554, .T. ) ;
#1095 = DIRECTION ( 'NONE',  ( 1.000000000000000000, 0.000000000000000000, 0.000000000000000000 ) ) ;
#1096 = ORIENTED_EDGE ( 'NONE', *, *, #2405, .F. ) ;
#1097 = AXIS2_PLACEMENT_3D ( 'NONE', #774, #2365, #1403 ) ;
#1098 = CARTESIAN_POINT ( 'NONE',  ( 765.3999999999999773, -1394.500000874000079, 1131.047423972999923 ) ) ;
#1099 = EDGE_CURVE ( 'NONE', #2408, #1160, #339, .T. ) ;
#1100 = VECTOR ( 'NONE', #1781, 1000.000000000000000 ) ;
#1101 = CARTESIAN_POINT ( 'NONE',  ( 1604.882620078110676, -1363.500000953122253, 1182.459951121415088 ) ) ;
#1102 = ORIENTED_EDGE ( 'NONE', *, *, #995, .T. ) ;
#1103 = FACE_OUTER_BOUND ( 'NONE', #1105, .T. ) ;
#1104 = AXIS2_PLACEMENT_3D ( 'NONE', #888, #2047, #1853 ) ;
#1105 = EDGE_LOOP ( 'NONE', ( #827, #1200, #638, #186, #1553, #942, #12, #307 ) ) ;
#1106 = CARTESIAN_POINT ( 'NONE',  ( 1580.000000000000000, -1397.500000873999852, 1158.999411893999877 ) ) ;
#1107 = CARTESIAN_POINT ( 'NONE',  ( 1575.997248046000095, -1366.500000874000079, 1182.047423972999923 ) ) ;
#1108 = CARTESIAN_POINT ( 'NONE',  ( 476.5751022649999982, -1397.494123117140134, 1183.241486149380080 ) ) ;
#1109 = VERTEX_POINT ( 'NONE', #350 ) ;
#1110 = CARTESIAN_POINT ( 'NONE',  ( 1607.900000000000091, -1363.500000873999852, 1177.088848350569833 ) ) ;
#1111 = DIRECTION ( 'NONE',  ( 0.000000000000000000, 1.000000000000000000, 0.000000000000000000 ) ) ;
#1112 = ORIENTED_EDGE ( 'NONE', *, *, #1190, .T. ) ;
#1113 = LINE ( 'NONE', #280, #2517 ) ;
#1114 = EDGE_CURVE ( 'NONE', #76, #1711, #1134, .T. ) ;
#1115 = CARTESIAN_POINT ( 'NONE',  ( 472.5723503109999797, -1400.500000874000079, 1158.999411893999877 ) ) ;
#1116 = ORIENTED_EDGE ( 'NONE', *, *, #387, .F. ) ;
#1117 = LINE ( 'NONE', #2120, #2213 ) ;
#1118 = CARTESIAN_POINT ( 'NONE',  ( 476.5751022649999982, -1395.500000873999852, 1185.047423972999923 ) ) ;
#1119 = DIRECTION ( 'NONE',  ( 0.000000000000000000, -1.000000000000000000, 0.000000000000000000 ) ) ;
#1120 = VERTEX_POINT ( 'NONE', #1696 ) ;
#1121 = LINE ( 'NONE', #2507, #2556 ) ;
#1122 = DIRECTION ( 'NONE',  ( 0.000000000000000000, -0.9913005192378702146, 0.1316179340315330182 ) ) ;
#1123 = ORIENTED_EDGE ( 'NONE', *, *, #249, .T. ) ;
#1124 = DIRECTION ( 'NONE',  ( -1.000000000000000000, 0.000000000000000000, 0.000000000000000000 ) ) ;
#1125 = EDGE_CURVE ( 'NONE', #1953, #2058, #1340, .T. ) ;
#1126 = ORIENTED_EDGE ( 'NONE', *, *, #2355, .F. ) ;
#1127 = ADVANCED_FACE ( 'NONE', ( #936 ), #2528, .T. ) ;
#1128 = CARTESIAN_POINT ( 'NONE',  ( 464.9254671799783409, -1342.500000874000079, 1134.047423972999923 ) ) ;
#1129 = VECTOR ( 'NONE', #326, 1000.000000000000114 ) ;
#1130 = CARTESIAN_POINT ( 'NONE',  ( 1576.000000001130047, -1397.500000873999852, 1142.388475355510081 ) ) ;
#1131 = LINE ( 'NONE', #159, #1556 ) ;
#1132 = VERTEX_POINT ( 'NONE', #1143 ) ;
#1133 = CARTESIAN_POINT ( 'NONE',  ( 951.5723503109999228, -1363.500000873999852, 1183.316851643000064 ) ) ;
#1134 = CIRCLE ( 'NONE', #360, 20.00000000000002842 ) ;
#1135 = CARTESIAN_POINT ( 'NONE',  ( 1587.900000000000091, -1360.500000874000079, 1148.784408176000170 ) ) ;
#1136 = CARTESIAN_POINT ( 'NONE',  ( 476.5723503098699894, -1400.500000874000079, 1142.388475365909926 ) ) ;
#1137 = AXIS2_PLACEMENT_3D ( 'NONE', #1785, #613, #1579 ) ;
#1138 = AXIS2_PLACEMENT_3D ( 'NONE', #1040, #1831, #2255 ) ;
#1139 = CIRCLE ( 'NONE', #1351, 2.999999999999891642 ) ;
#1140 = CIRCLE ( 'NONE', #194, 2.999999999999891642 ) ;
#1141 = ORIENTED_EDGE ( 'NONE', *, *, #347, .F. ) ;
#1142 = B_SPLINE_CURVE_WITH_KNOTS ( 'NONE', 3,
 ( #769, #2192, #2167, #1965, #1589, #36, #2385, #1199, #2400 ),
 .UNSPECIFIED., .F., .F.,
 ( 4, 1, 1, 1, 1, 1, 4 ),
 ( 0.000000000000000000, 0.1250000000000000000, 0.2500000000000000000, 0.5000000000000000000, 0.7500000000000000000, 0.8750000000000000000, 1.000000000000000000 ),
 .UNSPECIFIED. ) ;
#1143 = CARTESIAN_POINT ( 'NONE',  ( 444.6723503110000024, -1363.500000873999852, 1148.784408176000170 ) ) ;
#1144 = EDGE_CURVE ( 'NONE', #45, #1465, #1014, .T. ) ;
#1145 = CARTESIAN_POINT ( 'NONE',  ( 1576.000000000560021, -1363.500000873999852, 1158.999411893999877 ) ) ;
#1146 = ORIENTED_EDGE ( 'NONE', *, *, #1259, .T. ) ;
#1147 = DIRECTION ( 'NONE',  ( 1.000000000000000000, 0.000000000000000000, 0.000000000000000000 ) ) ;
#1148 = CARTESIAN_POINT ( 'NONE',  ( 464.6723503110000024, -1397.500000873999852, 1148.784408176000170 ) ) ;
#1149 = ORIENTED_EDGE ( 'NONE', *, *, #301, .F. ) ;
#1150 = CARTESIAN_POINT ( 'NONE',  ( 1575.997248046000095, -1395.500000873999852, 1183.047423972999923 ) ) ;
#1151 = EDGE_LOOP ( 'NONE', ( #715, #1578, #1408, #1209, #2077, #1640 ) ) ;
#1152 = APPLICATION_CONTEXT ( 'automotive_design' ) ;
#1153 = DIRECTION ( 'NONE',  ( 0.000000000000000000, -1.000000000000000000, 0.000000000000000000 ) ) ;
#1154 = CARTESIAN_POINT ( 'NONE',  ( 446.6765467204630227, -1400.500004329720014, 1182.047334432410025 ) ) ;
#1155 = EDGE_CURVE ( 'NONE', #702, #761, #2000, .T. ) ;
#1156 = DIRECTION ( 'NONE',  ( 0.000000000000000000, 0.000000000000000000, -1.000000000000000000 ) ) ;
#1157 = FACE_OUTER_BOUND ( 'NONE', #284, .T. ) ;
#1158 = EDGE_CURVE ( 'NONE', #1652, #2158, #798, .T. ) ;
#1159 = CARTESIAN_POINT ( 'NONE',  ( 476.5723503109999797, -1363.500000873999852, 1158.999411893999877 ) ) ;
#1160 = VERTEX_POINT ( 'NONE', #31 ) ;
#1161 = LINE ( 'NONE', #2360, #1846 ) ;
#1162 = ORIENTED_EDGE ( 'NONE', *, *, #621, .F. ) ;
#1163 = CYLINDRICAL_SURFACE ( 'NONE', #184, 14.00000000000001243 ) ;
#1164 = CARTESIAN_POINT ( 'NONE',  ( 476.5751022649999982, -1397.500000873999852, 1183.176979102333235 ) ) ;
#1165 = ORIENTED_EDGE ( 'NONE', *, *, #783, .T. ) ;
#1166 = VECTOR ( 'NONE', #1861, 1000.000000000000000 ) ;
#1167 = SURFACE_STYLE_FILL_AREA ( #413 ) ;
#1168 = DIRECTION ( 'NONE',  ( -0.7428257897355188266, 0.000000000000000000, 0.6694847616666138590 ) ) ;
#1169 = EDGE_CURVE ( 'NONE', #2058, #1652, #2170, .T. ) ;
#1170 = CYLINDRICAL_SURFACE ( 'NONE', #73, 20.00000000000001776 ) ;
#1171 = ORIENTED_EDGE ( 'NONE', *, *, #1242, .T. ) ;
#1172 = DIRECTION ( 'NONE',  ( -1.000000000000000000, 0.000000000000000000, 0.000000000000000000 ) ) ;
#1173 = EDGE_CURVE ( 'NONE', #1966, #463, #17, .T. ) ;
#1174 = VECTOR ( 'NONE', #985, 1000.000000000000000 ) ;
#1175 = EDGE_LOOP ( 'NONE', ( #1250, #100, #1279, #1665 ) ) ;
#1176 = ORIENTED_EDGE ( 'NONE', *, *, #625, .F. ) ;
#1177 = VECTOR ( 'NONE', #2398, 1000.000000000000227 ) ;
#1178 = AXIS2_PLACEMENT_3D ( 'NONE', #256, #1623, #243 ) ;
#1179 = VECTOR ( 'NONE', #1124, 1000.000000000000000 ) ;
#1180 = VECTOR ( 'NONE', #1710, 1000.000000000000000 ) ;
#1181 = FACE_OUTER_BOUND ( 'NONE', #2539, .T. ) ;
#1182 = CARTESIAN_POINT ( 'NONE',  ( 1576.000000000670070, -1363.500000873999852, 1158.999411893999877 ) ) ;
#1183 = AXIS2_PLACEMENT_3D ( 'NONE', #1325, #2116, #174 ) ;
#1184 = ORIENTED_EDGE ( 'NONE', *, *, #52, .T. ) ;
#1185 = FACE_OUTER_BOUND ( 'NONE', #1247, .T. ) ;
#1186 = LINE ( 'NONE', #219, #2052 ) ;
#1187 = DIRECTION ( 'NONE',  ( 0.000000000000000000, 0.000000000000000000, 1.000000000000000000 ) ) ;
#1188 = VERTEX_POINT ( 'NONE', #1751 ) ;
#1189 = LINE ( 'NONE', #1422, #2227 ) ;
#1190 = EDGE_CURVE ( 'NONE', #865, #2395, #177, .T. ) ;
#1191 = ORIENTED_EDGE ( 'NONE', *, *, #1294, .T. ) ;
#1192 = CARTESIAN_POINT ( 'NONE',  ( 444.6723714158840153, -1400.500000874010084, 1177.487167340329961 ) ) ;
#1193 = CARTESIAN_POINT ( 'NONE',  ( 1576.158032207369843, -1395.500000338560085, 1131.047423972999923 ) ) ;
#1194 = ORIENTED_EDGE ( 'NONE', *, *, #253, .T. ) ;
#1195 = DIRECTION ( 'NONE',  ( 1.000000000000000000, 0.000000000000000000, 0.000000000000000000 ) ) ;
#1196 = VERTEX_POINT ( 'NONE', #971 ) ;
#1197 = LINE ( 'NONE', #2367, #1592 ) ;
#1198 = PLANE ( 'NONE',  #22 ) ;
#1199 = CARTESIAN_POINT ( 'NONE',  ( 476.4491547764120014, -1360.500000786090141, 1133.547449207909949 ) ) ;
#1200 = ORIENTED_EDGE ( 'NONE', *, *, #2128, .T. ) ;
#1201 = LINE ( 'NONE', #1440, #1971 ) ;
#1202 = B_SPLINE_CURVE_WITH_KNOTS ( 'NONE', 3,
 ( #2088, #2125, #537, #1101, #1323, #2523, #2542, #2325, #1700, #354 ),
 .UNSPECIFIED., .F., .F.,
 ( 4, 2, 2, 2, 4 ),
 ( 0.000000000000000000, 0.2500000000000000000, 0.5000000000000000000, 0.7500000000000000000, 1.000000000000000000 ),
 .UNSPECIFIED. ) ;
#1203 = VERTEX_POINT ( 'NONE', #1571 ) ;
#1204 = DIRECTION ( 'NONE',  ( 0.000000000000000000, -1.000000000000000000, 0.000000000000000000 ) ) ;
#1205 = EDGE_CURVE ( 'NONE', #1331, #1903, #114, .T. ) ;
#1206 = DIRECTION ( 'NONE',  ( 0.000000000000000000, 0.000000000000000000, -1.000000000000000000 ) ) ;
#1207 = ORIENTED_EDGE ( 'NONE', *, *, #1693, .F. ) ;
#1208 = CARTESIAN_POINT ( 'NONE',  ( 476.5751022649999982, -1397.500000873999852, 1183.112201537666806 ) ) ;
#1209 = ORIENTED_EDGE ( 'NONE', *, *, #487, .F. ) ;
#1210 = ADVANCED_FACE ( 'NONE', ( #1224 ), #627, .T. ) ;
#1211 = SURFACE_STYLE_USAGE ( .BOTH. , #425 ) ;
#1212 = DIRECTION ( 'NONE',  ( 0.000000000000000000, -0.9609873284090428847, 0.2765923980105931546 ) ) ;
#1213 = VECTOR ( 'NONE', #311, 1000.000000000000000 ) ;
#1214 = CARTESIAN_POINT ( 'NONE',  ( 1576.000000000000000, -1400.500000874000079, 1158.999411893999877 ) ) ;
#1215 = ORIENTED_EDGE ( 'NONE', *, *, #373, .T. ) ;
#1216 = CARTESIAN_POINT ( 'NONE',  ( 1562.887894838999955, -1418.500000874000079, 1134.047423972999923 ) ) ;
#1217 = ORIENTED_EDGE ( 'NONE', *, *, #1827, .T. ) ;
#1218 = CARTESIAN_POINT ( 'NONE',  ( 458.5723503110000365, -1397.500000873999852, 1146.129883359999894 ) ) ;
#1219 = DIRECTION ( 'NONE',  ( 0.000000000000000000, 1.000000000000000000, 0.000000000000000000 ) ) ;
#1220 = CIRCLE ( 'NONE', #1550, 14.00000000000001243 ) ;
#1221 = VECTOR ( 'NONE', #614, 1000.000000000000000 ) ;
#1222 = ORIENTED_EDGE ( 'NONE', *, *, #1381, .T. ) ;
#1223 = EDGE_CURVE ( 'NONE', #1747, #2112, #1602, .T. ) ;
#1224 = FACE_OUTER_BOUND ( 'NONE', #2380, .T. ) ;
#1225 = ORIENTED_EDGE ( 'NONE', *, *, #661, .F. ) ;
#1226 = VECTOR ( 'NONE', #1954, 1000.000000000000114 ) ;
#1227 = VECTOR ( 'NONE', #2312, 1000.000000000000000 ) ;
#1228 = CARTESIAN_POINT ( 'NONE',  ( 1602.368349985603345, -1407.500000873999852, 1134.976191466587807 ) ) ;
#1229 = EDGE_CURVE ( 'NONE', #1256, #1527, #2223, .T. ) ;
#1230 = DIRECTION ( 'NONE',  ( 0.000000000000000000, 1.110221146127789986E-12, 1.000000000000000000 ) ) ;
#1231 = DIRECTION ( 'NONE',  ( 0.000000000000000000, -1.000000000000000000, 0.000000000000000000 ) ) ;
#1232 = ORIENTED_EDGE ( 'NONE', *, *, #1557, .T. ) ;
#1233 = CARTESIAN_POINT ( 'NONE',  ( 476.4143181016269750, -1365.166652481230130, 1131.047423861660036 ) ) ;
#1234 = EDGE_LOOP ( 'NONE', ( #1972, #303, #1096, #2018, #1302 ) ) ;
#1235 = PLANE ( 'NONE',  #1310 ) ;
#1236 = FACE_OUTER_BOUND ( 'NONE', #1790, .T. ) ;
#1237 = ORIENTED_EDGE ( 'NONE', *, *, #2195, .F. ) ;
#1238 = FACE_OUTER_BOUND ( 'NONE', #673, .T. ) ;
#1239 = ORIENTED_EDGE ( 'NONE', *, *, #91, .F. ) ;
#1240 = CARTESIAN_POINT ( 'NONE',  ( 476.3725145180880531, -1394.500002641060064, 1128.047423973009927 ) ) ;
#1241 = FACE_OUTER_BOUND ( 'NONE', #918, .T. ) ;
#1242 = EDGE_CURVE ( 'NONE', #1347, #1843, #801, .T. ) ;
#1243 = CARTESIAN_POINT ( 'NONE',  ( 1594.000000000000000, -1411.500000873999852, 1146.129883359999894 ) ) ;
#1244 = ORIENTED_EDGE ( 'NONE', *, *, #518, .T. ) ;
#1245 = CARTESIAN_POINT ( 'NONE',  ( 445.8862201372202207, -1397.500000809084440, 1180.859738193157000 ) ) ;
#1246 = EDGE_CURVE ( 'NONE', #2112, #254, #1805, .T. ) ;
#1247 = EDGE_LOOP ( 'NONE', ( #1431, #617, #853, #139 ) ) ;
#1248 = FACE_OUTER_BOUND ( 'NONE', #160, .T. ) ;
#1249 = DIRECTION ( 'NONE',  ( 0.000000000000000000, 0.000000000000000000, 1.000000000000000000 ) ) ;
#1250 = ORIENTED_EDGE ( 'NONE', *, *, #2280, .F. ) ;
#1251 = LINE ( 'NONE', #335, #2093 ) ;
#1252 = ORIENTED_EDGE ( 'NONE', *, *, #563, .F. ) ;
#1253 = CARTESIAN_POINT ( 'NONE',  ( 476.4561216892320203, -1400.500000874000079, 1134.047423972999923 ) ) ;
#1254 = CYLINDRICAL_SURFACE ( 'NONE', #1963, 6.099999999999991651 ) ;
#1255 = CARTESIAN_POINT ( 'NONE',  ( 1607.136474092086246, -1397.500000898716053, 1180.247025181992967 ) ) ;
#1256 = VERTEX_POINT ( 'NONE', #1974 ) ;
#1257 = B_SPLINE_CURVE_WITH_KNOTS ( 'NONE', 3,
 ( #1253, #1055, #288, #1435, #1848, #1653, #2216, #479, #1240 ),
 .UNSPECIFIED., .F., .F.,
 ( 4, 1, 1, 1, 1, 1, 4 ),
 ( 0.000000000000000000, 0.1250000000000000000, 0.2500000000000000000, 0.5000000000000000000, 0.7500000000000000000, 0.8750000000000000000, 1.000000000000000000 ),
 .UNSPECIFIED. ) ;
#1258 = DIRECTION ( 'NONE',  ( 0.000000000000000000, -1.000000000000000000, 0.000000000000000000 ) ) ;
#1259 = EDGE_CURVE ( 'NONE', #1196, #1456, #322, .T. ) ;
#1260 = ORIENTED_EDGE ( 'NONE', *, *, #1560, .T. ) ;
#1261 = VECTOR ( 'NONE', #2411, 1000.000000000000000 ) ;
#1262 = CARTESIAN_POINT ( 'NONE',  ( 1576.000000000000000, -1360.500000874000079, 1158.999411893999877 ) ) ;
#1263 = ADVANCED_FACE ( 'NONE', ( #4 ), #1613, .T. ) ;
#1264 = EDGE_LOOP ( 'NONE', ( #475, #1907, #1027, #1603 ) ) ;
#1265 = CARTESIAN_POINT ( 'NONE',  ( 452.3742528232371569, -1363.500000873999852, 1134.047423972999923 ) ) ;
#1266 = ORIENTED_EDGE ( 'NONE', *, *, #2402, .T. ) ;
#1267 = VECTOR ( 'NONE', #2382, 1000.000000000000000 ) ;
#1268 = LINE ( 'NONE', #872, #14 ) ;
#1269 = CARTESIAN_POINT ( 'NONE',  ( 1585.638428845559474, -1360.500000874000079, 1134.818946603596032 ) ) ;
#1270 = CLOSED_SHELL ( 'NONE', ( #732, #1430, #1210, #501, #2183, #2515, #1464, #35, #376, #151, #405, #514, #2215, #1031, #1906, #1654, #104, #1792, #1127, #950, #185, #212, #2117, #2292, #1278, #138, #1281, #2335, #1863, #706, #1495, #1936, #1874, #2166, #2209, #1263, #2295, #474, #2455, #1015, #756, #963, #287, #1620, #1450, #1984, #2452, #1981, #2070, #171, #1326, #1035, #809, #1584, #1948, #536, #938, #217, #551, #590, #2504, #1910, #1479, #999, #359, #2040, #140, #1447, #749, #978, #1291, #719 ) ) ;
#1271 = VECTOR ( 'NONE', #588, 1000.000000000000000 ) ;
#1272 = VECTOR ( 'NONE', #929, 999.9999999999998863 ) ;
#1273 = CARTESIAN_POINT ( 'NONE',  ( 476.4561216891959816, -1397.500000873999852, 1134.047423972999923 ) ) ;
#1274 = ORIENTED_EDGE ( 'NONE', *, *, #1657, .T. ) ;
#1275 = DIRECTION ( 'NONE',  ( 0.000000000000000000, -0.1396650840552089434, -0.9901988003910382474 ) ) ;
#1276 = ORIENTED_EDGE ( 'NONE', *, *, #2148, .T. ) ;
#1277 = CARTESIAN_POINT ( 'NONE',  ( 476.3725145173350484, -1366.500000786330020, 1128.047423972999923 ) ) ;
#1278 = ADVANCED_FACE ( 'NONE', ( #956 ), #2200, .T. ) ;
#1279 = ORIENTED_EDGE ( 'NONE', *, *, #2470, .F. ) ;
#1280 = ORIENTED_EDGE ( 'NONE', *, *, #2419, .T. ) ;
#1281 = ADVANCED_FACE ( 'NONE', ( #2212 ), #1392, .T. ) ;
#1282 = DIRECTION ( 'NONE',  ( 1.000000000000000000, 0.000000000000000000, 0.000000000000000000 ) ) ;
#1283 = CARTESIAN_POINT ( 'NONE',  ( 476.4259469575770254, -1396.665530291910045, 1131.881959155349932 ) ) ;
#1284 = CARTESIAN_POINT ( 'NONE',  ( 765.3999999999999773, -1395.500000695500148, 1131.047423972999923 ) ) ;
#1285 = ORIENTED_EDGE ( 'NONE', *, *, #2443, .T. ) ;
#1286 = CARTESIAN_POINT ( 'NONE',  ( 1603.344362565598203, -1400.312355916005799, 1183.563623177039290 ) ) ;
#1287 = CYLINDRICAL_SURFACE ( 'NONE', #397, 6.000000000000005329 ) ;
#1288 = EDGE_LOOP ( 'NONE', ( #396, #2339, #295, #574 ) ) ;
#1289 = LINE ( 'NONE', #1649, #156 ) ;
#1290 = VERTEX_POINT ( 'NONE', #1988 ) ;
#1291 = ADVANCED_FACE ( 'NONE', ( #1789 ), #2396, .T. ) ;
#1292 = CARTESIAN_POINT ( 'NONE',  ( 1576.116228565150095, -1360.500000874000079, 1134.047428015499918 ) ) ;
#1293 = DIRECTION ( 'NONE',  ( 0.000000000000000000, 1.000000000000000000, 0.000000000000000000 ) ) ;
#1294 = EDGE_CURVE ( 'NONE', #1109, #586, #667, .T. ) ;
#1295 = CARTESIAN_POINT ( 'NONE',  ( 464.9254671799783409, -1397.500000873999852, 1134.047423972999923 ) ) ;
#1296 = ORIENTED_EDGE ( 'NONE', *, *, #1541, .F. ) ;
#1297 = LINE ( 'NONE', #305, #1314 ) ;
#1298 = DIRECTION ( 'NONE',  ( -1.000000000000000000, 0.000000000000000000, 0.000000000000000000 ) ) ;
#1299 = VERTEX_POINT ( 'NONE', #2017 ) ;
#1300 = FACE_OUTER_BOUND ( 'NONE', #2101, .T. ) ;
#1301 = AXIS2_PLACEMENT_3D ( 'NONE', #1716, #1092, #1303 ) ;
#1302 = ORIENTED_EDGE ( 'NONE', *, *, #1951, .T. ) ;
#1303 = DIRECTION ( 'NONE',  ( 1.000000000000000000, 0.000000000000000000, 0.000000000000000000 ) ) ;
#1304 = DIRECTION ( 'NONE',  ( 0.000000000000000000, 0.000000000000000000, 1.000000000000000000 ) ) ;
#1305 = EDGE_CURVE ( 'NONE', #492, #1953, #2009, .T. ) ;
#1306 = CARTESIAN_POINT ( 'NONE',  ( 1575.997248046000095, -1366.500000874000079, 1188.047423972999923 ) ) ;
#1307 = ORIENTED_EDGE ( 'NONE', *, *, #202, .T. ) ;
#1308 = VECTOR ( 'NONE', #680, 1000.000000000000000 ) ;
#1309 = FACE_OUTER_BOUND ( 'NONE', #1288, .T. ) ;
#1310 = AXIS2_PLACEMENT_3D ( 'NONE', #41, #2239, #267 ) ;
#1311 = VECTOR ( 'NONE', #1720, 1000.000000000000000 ) ;
#1312 = DIRECTION ( 'NONE',  ( 0.000000000000000000, -1.000000000000000000, 0.000000000000000000 ) ) ;
#1313 = DIRECTION ( 'NONE',  ( -1.000000000000000000, 0.000000000000000000, 0.000000000000000000 ) ) ;
#1314 = VECTOR ( 'NONE', #1671, 1000.000000000000000 ) ;
#1315 = DIRECTION ( 'NONE',  ( 0.000000000000000000, 0.000000000000000000, 1.000000000000000000 ) ) ;
#1316 = VERTEX_POINT ( 'NONE', #1445 ) ;
#1317 = DIRECTION ( 'NONE',  ( 0.000000000000000000, -1.000000000000000000, 0.000000000000000000 ) ) ;
#1318 = CARTESIAN_POINT ( 'NONE',  ( 458.5723503110000365, -1400.500000874000079, 1146.129883359999894 ) ) ;
#1319 = CARTESIAN_POINT ( 'NONE',  ( 1600.198097487762880, -1407.500000873999852, 1137.047423972999695 ) ) ;
#1320 = EDGE_LOOP ( 'NONE', ( #1074, #1701, #750, #1698 ) ) ;
#1321 = DIRECTION ( 'NONE',  ( 0.000000000000000000, -1.000000000000000000, 0.000000000000000000 ) ) ;
#1322 = EDGE_CURVE ( 'NONE', #989, #2371, #1639, .T. ) ;
#1323 = CARTESIAN_POINT ( 'NONE',  ( 1605.559398540523262, -1363.500000811684913, 1182.001335025980325 ) ) ;
#1324 = ORIENTED_EDGE ( 'NONE', *, *, #593, .T. ) ;
#1325 = CARTESIAN_POINT ( 'NONE',  ( 1669.899999999999864, -1366.500000874000079, 1134.047423972999923 ) ) ;
#1326 = ADVANCED_FACE ( 'NONE', ( #1238 ), #826, .F. ) ;
#1327 = ORIENTED_EDGE ( 'NONE', *, *, #2545, .F. ) ;
#1328 = CARTESIAN_POINT ( 'NONE',  ( 1575.997248046000095, -1365.500000873999852, 1185.047423972999923 ) ) ;
#1329 = LINE ( 'NONE', #741, #1923 ) ;
#1330 = DIRECTION ( 'NONE',  ( 0.000000000000000000, 1.000000000000000000, 0.000000000000000000 ) ) ;
#1331 = VERTEX_POINT ( 'NONE', #2057 ) ;
#1332 = LINE ( 'NONE', #520, #649 ) ;
#1333 = LINE ( 'NONE', #1530, #1013 ) ;
#1334 = EDGE_CURVE ( 'NONE', #1784, #729, #1626, .T. ) ;
#1335 = CARTESIAN_POINT ( 'NONE',  ( 476.5723503109999797, -1400.500000874000079, 1142.388475366170042 ) ) ;
#1336 = EDGE_CURVE ( 'NONE', #389, #2161, #2107, .T. ) ;
#1337 = ORIENTED_EDGE ( 'NONE', *, *, #127, .F. ) ;
#1338 = VECTOR ( 'NONE', #530, 1000.000000000000000 ) ;
#1339 = DIRECTION ( 'NONE',  ( 0.000000000000000000, 1.000000000000000000, 0.000000000000000000 ) ) ;
#1340 = LINE ( 'NONE', #155, #2513 ) ;
#1341 = PLANE ( 'NONE',  #1059 ) ;
#1342 = ORIENTED_EDGE ( 'NONE', *, *, #408, .F. ) ;
#1343 = DIRECTION ( 'NONE',  ( 0.6694847617190020639, 0.000000000000000000, -0.7428257896883030398 ) ) ;
#1344 = PRESENTATION_LAYER_ASSIGNMENT (  '', '', ( #2473 ) ) ;
#1345 = VECTOR ( 'NONE', #2564, 1000.000000000000000 ) ;
#1346 = PLANE ( 'NONE',  #158 ) ;
#1347 = VERTEX_POINT ( 'NONE', #1028 ) ;
#1348 = LINE ( 'NONE', #2126, #2308 ) ;
#1349 = AXIS2_PLACEMENT_3D ( 'NONE', #2011, #1037, #811 ) ;
#1350 = AXIS2_PLACEMENT_3D ( 'NONE', #421, #1611, #1206 ) ;
#1351 = AXIS2_PLACEMENT_3D ( 'NONE', #95, #2298, #700 ) ;
#1352 = AXIS2_PLACEMENT_3D ( 'NONE', #709, #923, #1707 ) ;
#1353 = EDGE_LOOP ( 'NONE', ( #2313, #694, #1931, #2 ) ) ;
#1354 = EDGE_CURVE ( 'NONE', #1009, #640, #1251, .T. ) ;
#1355 = CARTESIAN_POINT ( 'NONE',  ( 1587.646883131021696, -1397.500000873999852, 1137.047423972999695 ) ) ;
#1356 = DIRECTION ( 'NONE',  ( -1.000000000000000000, 0.000000000000000000, 0.000000000000000000 ) ) ;
#1357 = CARTESIAN_POINT ( 'NONE',  ( 476.5751022649999982, -1395.500000873999852, 1183.047423972999923 ) ) ;
#1358 = PRODUCT ( 'XH-YJ38-LJ-028-A0-活动挡板', 'XH-YJ38-LJ-028-A0-活动挡板', '', ( #1842 ) ) ;
#1359 = CARTESIAN_POINT ( 'NONE',  ( 476.5751022649999982, -1363.500000873999852, 1183.047423972999923 ) ) ;
#1360 = ORIENTED_EDGE ( 'NONE', *, *, #2019, .F. ) ;
#1361 = CARTESIAN_POINT ( 'NONE',  ( 1601.421142578320087, -1360.500000874000079, 1134.047423972999923 ) ) ;
#1362 = B_SPLINE_CURVE_WITH_KNOTS ( 'NONE', 3,
 ( #1636, #701, #1599, #652, #1443, #306 ),
 .UNSPECIFIED., .F., .F.,
 ( 4, 2, 4 ),
 ( 0.000000000000000000, 0.5000000000000000000, 1.000000000000000000 ),
 .UNSPECIFIED. ) ;
#1363 = LINE ( 'NONE', #381, #323 ) ;
#1364 = CARTESIAN_POINT ( 'NONE',  ( 1575.997248046000095, -1397.488819062740049, 1183.314973306280081 ) ) ;
#1365 = EDGE_CURVE ( 'NONE', #538, #2318, #2230, .T. ) ;
#1366 = DIRECTION ( 'NONE',  ( 0.000000000000000000, 1.000000000000000000, 0.000000000000000000 ) ) ;
#1367 = VERTEX_POINT ( 'NONE', #1265 ) ;
#1368 = DIRECTION ( 'NONE',  ( -0.6694847617190020639, 0.000000000000000000, -0.7428257896883030398 ) ) ;
#1369 = EDGE_CURVE ( 'NONE', #1290, #1404, #725, .T. ) ;
#1370 = DIRECTION ( 'NONE',  ( 0.000000000000000000, 0.9999999999999997780, 1.769695501252429711E-08 ) ) ;
#1371 = DIRECTION ( 'NONE',  ( -1.000000000000000000, 0.000000000000000000, 0.000000000000000000 ) ) ;
#1372 = ORIENTED_EDGE ( 'NONE', *, *, #2327, .T. ) ;
#1373 = DIRECTION ( 'NONE',  ( 1.000000000000000000, 0.000000000000000000, 0.000000000000000000 ) ) ;
#1374 = VERTEX_POINT ( 'NONE', #285 ) ;
#1375 = CARTESIAN_POINT ( 'NONE',  ( 1575.997248046000095, -1397.500000873999852, 1183.047423972999923 ) ) ;
#1376 = CARTESIAN_POINT ( 'NONE',  ( 464.9254671799783409, -1363.500000873999852, 1137.047423972999695 ) ) ;
#1377 = ORIENTED_EDGE ( 'NONE', *, *, #487, .T. ) ;
#1378 = CIRCLE ( 'NONE', #1419, 20.00000000000001776 ) ;
#1379 = CARTESIAN_POINT ( 'NONE',  ( 444.6723503110000024, -1363.500000873999852, 1177.156472537949867 ) ) ;
#1380 = CARTESIAN_POINT ( 'NONE',  ( 1576.123195493580170, -1360.500000522520168, 1133.547452151040034 ) ) ;
#1381 = EDGE_CURVE ( 'NONE', #1646, #993, #2438, .T. ) ;
#1382 = CARTESIAN_POINT ( 'NONE',  ( 1587.646883131021696, -1400.500000874000079, 1134.047423972999923 ) ) ;
#1383 = CARTESIAN_POINT ( 'NONE',  ( 476.4220706530219900, -1364.056316100110053, 1131.603779343469796 ) ) ;
#1384 = VECTOR ( 'NONE', #1230, 1000.000000000000000 ) ;
#1385 = ORIENTED_EDGE ( 'NONE', *, *, #1398, .T. ) ;
#1386 = DIRECTION ( 'NONE',  ( 0.7428257896760970258, 0.000000000000000000, -0.6694847617325452305 ) ) ;
#1387 = VECTOR ( 'NONE', #449, 1000.000000000000000 ) ;
#1388 = AXIS2_PLACEMENT_3D ( 'NONE', #822, #2392, #1815 ) ;
#1389 = VECTOR ( 'NONE', #742, 1000.000000000000000 ) ;
#1390 = LINE ( 'NONE', #1570, #1956 ) ;
#1391 = ORIENTED_EDGE ( 'NONE', *, *, #310, .F. ) ;
#1392 = CYLINDRICAL_SURFACE ( 'NONE', #604, 20.00000000000001776 ) ;
#1393 = ORIENTED_EDGE ( 'NONE', *, *, #1543, .F. ) ;
#1394 = DIRECTION ( 'NONE',  ( 0.000000000000000000, -1.000000000000000000, 0.000000000000000000 ) ) ;
#1395 = CARTESIAN_POINT ( 'NONE',  ( 444.6723503110000024, -1400.500000874000079, 1177.487167320999788 ) ) ;
#1396 = DIRECTION ( 'NONE',  ( 0.000000000000000000, -0.9999999999999998890, 1.114767537539249915E-08 ) ) ;
#1397 = CARTESIAN_POINT ( 'NONE',  ( 476.4143181031599852, -1365.500001171010126, 1131.047423972999923 ) ) ;
#1398 = EDGE_CURVE ( 'NONE', #445, #2457, #917, .T. ) ;
#1399 = ORIENTED_EDGE ( 'NONE', *, *, #1951, .F. ) ;
#1400 = CARTESIAN_POINT ( 'NONE',  ( 1575.997248046000095, -1394.500000874000079, 1188.047423972999923 ) ) ;
#1401 = CARTESIAN_POINT ( 'NONE',  ( 472.5723503109999797, -1360.500000874000079, 1146.129883359999894 ) ) ;
#1402 = ORIENTED_EDGE ( 'NONE', *, *, #1745, .F. ) ;
#1403 = DIRECTION ( 'NONE',  ( -0.6694847626008673114, 0.000000000000000000, -0.7428257888935063669 ) ) ;
#1404 = VERTEX_POINT ( 'NONE', #1818 ) ;
#1405 = CARTESIAN_POINT ( 'NONE',  ( 1576.000000000040018, -1400.500000874000079, 1158.999411893999877 ) ) ;
#1406 = CARTESIAN_POINT ( 'NONE',  ( 1575.997248046000095, -1394.500000874000079, 1182.047423972999923 ) ) ;
#1407 = LINE ( 'NONE', #1159, #1888 ) ;
#1408 = ORIENTED_EDGE ( 'NONE', *, *, #5, .T. ) ;
#1409 = EDGE_CURVE ( 'NONE', #2236, #2161, #2030, .T. ) ;
#1410 = VERTEX_POINT ( 'NONE', #88 ) ;
#1411 = CARTESIAN_POINT ( 'NONE',  ( 472.5723503109999797, -1363.500000873999852, 1146.129883359999894 ) ) ;
#1412 = EDGE_CURVE ( 'NONE', #2185, #1132, #2242, .T. ) ;
#1413 = CARTESIAN_POINT ( 'NONE',  ( 476.5723503109999797, -1360.500000874000079, 1158.999411893999877 ) ) ;
#1414 = ORIENTED_EDGE ( 'NONE', *, *, #532, .F. ) ;
#1415 = DIRECTION ( 'NONE',  ( 0.7428257896883030398, 0.000000000000000000, 0.6694847617190020639 ) ) ;
#1416 = EDGE_LOOP ( 'NONE', ( #1714, #757, #182, #2506 ) ) ;
#1417 = LINE ( 'NONE', #1228, #2375 ) ;
#1418 = CARTESIAN_POINT ( 'NONE',  ( 447.2294462906567105, -1400.500000873999852, 1182.552675471640669 ) ) ;
#1419 = AXIS2_PLACEMENT_3D ( 'NONE', #970, #2159, #1775 ) ;
#1420 = DIRECTION ( 'NONE',  ( 0.000000000000000000, 0.000000000000000000, -1.000000000000000000 ) ) ;
#1421 = EDGE_LOOP ( 'NONE', ( #58, #2424, #2187, #458 ) ) ;
#1422 = CARTESIAN_POINT ( 'NONE',  ( 1580.000000000000000, -1397.500000873999852, 1146.129883359999894 ) ) ;
#1423 = ORIENTED_EDGE ( 'NONE', *, *, #1468, .F. ) ;
#1424 = CARTESIAN_POINT ( 'NONE',  ( 1587.646883131021696, -1418.500000874000079, 1137.047423972999695 ) ) ;
#1425 = AXIS2_PLACEMENT_3D ( 'NONE', #1862, #92, #1093 ) ;
#1426 = LINE ( 'NONE', #2228, #1926 ) ;
#1427 = VECTOR ( 'NONE', #423, 1000.000000000000000 ) ;
#1428 = EDGE_LOOP ( 'NONE', ( #1691, #2079, #710, #1870 ) ) ;
#1429 = CARTESIAN_POINT ( 'NONE',  ( 765.2723503110000820, -1434.500000874000079, 1159.999411894000104 ) ) ;
#1430 = ADVANCED_FACE ( 'NONE', ( #856 ), #258, .T. ) ;
#1431 = ORIENTED_EDGE ( 'NONE', *, *, #249, .F. ) ;
#1432 = AXIS2_PLACEMENT_3D ( 'NONE', #2328, #576, #2129 ) ;
#1433 = CIRCLE ( 'NONE', #324, 5.999999999999906741 ) ;
#1434 = UNCERTAINTY_MEASURE_WITH_UNIT (LENGTH_MEASURE( 1.000000000000000082E-05 ), #867, 'distance_accuracy_value', 'NONE');
#1435 = CARTESIAN_POINT ( 'NONE',  ( 476.4161875817370060, -1399.865947945730113, 1131.181585565909927 ) ) ;
#1436 = AXIS2_PLACEMENT_3D ( 'NONE', #2277, #2485, #688 ) ;
#1437 = DIRECTION ( 'NONE',  ( 1.000000000000000000, 0.000000000000000000, 0.000000000000000000 ) ) ;
#1438 = FACE_OUTER_BOUND ( 'NONE', #430, .T. ) ;
#1439 = ORIENTED_EDGE ( 'NONE', *, *, #907, .T. ) ;
#1440 = CARTESIAN_POINT ( 'NONE',  ( 476.5751022649999982, -1365.500000873999852, 1185.047423972999923 ) ) ;
#1441 = EDGE_LOOP ( 'NONE', ( #2461, #1559, #510, #2403 ) ) ;
#1442 = DIRECTION ( 'NONE',  ( 0.7428257896761046863, 0.000000000000000000, 0.6694847617325366818 ) ) ;
#1443 = CARTESIAN_POINT ( 'NONE',  ( 1605.342904007393372, -1360.500000875019168, 1182.552675450836432 ) ) ;
#1444 = ORIENTED_EDGE ( 'NONE', *, *, #2084, .F. ) ;
#1445 = CARTESIAN_POINT ( 'NONE',  ( 476.5723503109879857, -1363.500000873999852, 1158.999411893999877 ) ) ;
#1446 = ORIENTED_EDGE ( 'NONE', *, *, #704, .T. ) ;
#1447 = ADVANCED_FACE ( 'NONE', ( #1457 ), #1521, .T. ) ;
#1448 = LINE ( 'NONE', #643, #431 ) ;
#1449 = CARTESIAN_POINT ( 'NONE',  ( 476.4491547629249908, -1397.500000873999852, 1133.547448240020003 ) ) ;
#1450 = ADVANCED_FACE ( 'NONE', ( #476 ), #869, .T. ) ;
#1451 = LINE ( 'NONE', #481, #1760 ) ;
#1452 = EDGE_LOOP ( 'NONE', ( #2010, #410, #2359, #2064 ) ) ;
#1453 = DIRECTION ( 'NONE',  ( 0.000000000000000000, 1.000000000000000000, 0.000000000000000000 ) ) ;
#1454 = ORIENTED_EDGE ( 'NONE', *, *, #2119, .T. ) ;
#1455 = DIRECTION ( 'NONE',  ( -1.000000000000000000, 0.000000000000000000, 0.000000000000000000 ) ) ;
#1456 = VERTEX_POINT ( 'NONE', #1401 ) ;
#1457 = FACE_OUTER_BOUND ( 'NONE', #2026, .T. ) ;
#1458 = ORIENTED_EDGE ( 'NONE', *, *, #1898, .F. ) ;
#1459 = LINE ( 'NONE', #2464, #1261 ) ;
#1460 = DIRECTION ( 'NONE',  ( -0.000000000000000000, -1.000000000000000000, -0.000000000000000000 ) ) ;
#1461 = DIRECTION ( 'NONE',  ( 0.000000000000000000, 0.9913005192378619990, -0.1316179340315949964 ) ) ;
#1462 = ORIENTED_EDGE ( 'NONE', *, *, #1144, .T. ) ;
#1463 = FACE_OUTER_BOUND ( 'NONE', #2174, .T. ) ;
#1464 = ADVANCED_FACE ( 'NONE', ( #1236 ), #2393, .T. ) ;
#1465 = VERTEX_POINT ( 'NONE', #824 ) ;
#1466 = CIRCLE ( 'NONE', #2465, 20.00000000000001776 ) ;
#1467 = LINE ( 'NONE', #879, #526 ) ;
#1468 = EDGE_CURVE ( 'NONE', #1109, #729, #2406, .T. ) ;
#1469 = EDGE_LOOP ( 'NONE', ( #1036, #654, #30, #1590 ) ) ;
#1470 = ORIENTED_EDGE ( 'NONE', *, *, #889, .T. ) ;
#1471 = VECTOR ( 'NONE', #788, 1000.000000000000000 ) ;
#1472 = PLANE ( 'NONE',  #1878 ) ;
#1473 = CARTESIAN_POINT ( 'NONE',  ( 489.6844554720000247, -1342.500000874000079, 1134.047423972999923 ) ) ;
#1474 = VECTOR ( 'NONE', #419, 1000.000000000000000 ) ;
#1475 = VECTOR ( 'NONE', #105, 1000.000000000000000 ) ;
#1476 = CARTESIAN_POINT ( 'NONE',  ( 1601.800000001739818, -1397.500000873139925, 1183.316851648330157 ) ) ;
#1477 = ORIENTED_EDGE ( 'NONE', *, *, #518, .F. ) ;
#1478 = PLANE ( 'NONE',  #1436 ) ;
#1479 = ADVANCED_FACE ( 'NONE', ( #225 ), #509, .T. ) ;
#1480 = ORIENTED_EDGE ( 'NONE', *, *, #2443, .F. ) ;
#1481 = DIRECTION ( 'NONE',  ( 0.000000000000000000, 0.000000000000000000, -1.000000000000000000 ) ) ;
#1482 = EDGE_CURVE ( 'NONE', #2408, #1609, #1816, .T. ) ;
#1483 = ORIENTED_EDGE ( 'NONE', *, *, #2250, .T. ) ;
#1484 = ORIENTED_EDGE ( 'NONE', *, *, #19, .F. ) ;
#1485 = LINE ( 'NONE', #338, #1129 ) ;
#1486 = DIRECTION ( 'NONE',  ( 0.000000000000000000, -0.9913005192378619990, -0.1316179340315949964 ) ) ;
#1487 = CARTESIAN_POINT ( 'NONE',  ( 472.5723503109999797, -1349.500000873999852, 1148.999411893999877 ) ) ;
#1488 = ORIENTED_EDGE ( 'NONE', *, *, #39, .F. ) ;
#1489 = LINE ( 'NONE', #1647, #1801 ) ;
#1490 = CARTESIAN_POINT ( 'NONE',  ( 765.3999999999999773, -1395.500000873999852, 1131.047423972999923 ) ) ;
#1491 = EDGE_LOOP ( 'NONE', ( #437, #2286, #1088, #1146 ) ) ;
#1492 = DIRECTION ( 'NONE',  ( 0.000000000000000000, -1.000000000000000000, 0.000000000000000000 ) ) ;
#1493 = EDGE_CURVE ( 'NONE', #1347, #204, #42, .T. ) ;
#1494 = ORIENTED_EDGE ( 'NONE', *, *, #772, .F. ) ;
#1495 = ADVANCED_FACE ( 'NONE', ( #1038 ), #1287, .T. ) ;
#1496 = CARTESIAN_POINT ( 'NONE',  ( 1576.130163175010011, -1397.500000873999852, 1133.047422177329963 ) ) ;
#1497 = FACE_OUTER_BOUND ( 'NONE', #1353, .T. ) ;
#1498 = CYLINDRICAL_SURFACE ( 'NONE', #2143, 2.999999999999891642 ) ;
#1499 = ORIENTED_EDGE ( 'NONE', *, *, #2364, .F. ) ;
#1500 = CARTESIAN_POINT ( 'NONE',  ( 476.4421871148420564, -1363.500000873999852, 1133.047420683000155 ) ) ;
#1501 = LINE ( 'NONE', #2348, #363 ) ;
#1502 = EDGE_LOOP ( 'NONE', ( #897, #1184, #2459, #961 ) ) ;
#1503 = DIRECTION ( 'NONE',  ( 1.000000000000000000, 0.000000000000000000, 0.000000000000000000 ) ) ;
#1504 = DIRECTION ( 'NONE',  ( 0.000000000000000000, 0.9901988003910374703, -0.1396650840552150497 ) ) ;
#1505 = VERTEX_POINT ( 'NONE', #637 ) ;
#1506 = CARTESIAN_POINT ( 'NONE',  ( 1607.900000001820217, -1400.500000874000079, 1178.459361333280185 ) ) ;
#1507 = EDGE_CURVE ( 'NONE', #1806, #1456, #1026, .T. ) ;
#1508 = LINE ( 'NONE', #1706, #438 ) ;
#1509 = CIRCLE ( 'NONE', #2131, 2.999999999999891642 ) ;
#1510 = LINE ( 'NONE', #2285, #1726 ) ;
#1511 = EDGE_CURVE ( 'NONE', #2366, #2276, #1426, .T. ) ;
#1512 = ORIENTED_EDGE ( 'NONE', *, *, #625, .T. ) ;
#1513 = VECTOR ( 'NONE', #1858, 1000.000000000000000 ) ;
#1514 = CARTESIAN_POINT ( 'NONE',  ( 476.5723503109649641, -1360.500000874000079, 1158.999411893999877 ) ) ;
#1515 = VECTOR ( 'NONE', #2051, 1000.000000000000000 ) ;
#1516 = AXIS2_PLACEMENT_3D ( 'NONE', #262, #468, #444 ) ;
#1517 = CARTESIAN_POINT ( 'NONE',  ( 474.0723503109999797, -1349.500000873999852, 1158.999411893999877 ) ) ;
#1518 = ORIENTED_EDGE ( 'NONE', *, *, #896, .T. ) ;
#1519 = DIRECTION ( 'NONE',  ( 0.000000000000000000, 0.000000000000000000, -1.000000000000000000 ) ) ;
#1520 = AXIS2_PLACEMENT_3D ( 'NONE', #2086, #851, #107 ) ;
#1521 = CYLINDRICAL_SURFACE ( 'NONE', #1138, 2.999999999999891642 ) ;
#1522 = ORIENTED_EDGE ( 'NONE', *, *, #2022, .F. ) ;
#1523 = CARTESIAN_POINT ( 'NONE',  ( 452.3742528232371569, -1342.500000874000079, 1134.047423972999923 ) ) ;
#1524 = CARTESIAN_POINT ( 'NONE',  ( 1576.116228570340127, -1360.500000874000079, 1134.047427664170073 ) ) ;
#1525 = EDGE_CURVE ( 'NONE', #496, #1316, #2436, .T. ) ;
#1526 = CARTESIAN_POINT ( 'NONE',  ( 467.9451369751590164, -1400.500000874000079, 1135.730322304589890 ) ) ;
#1527 = VERTEX_POINT ( 'NONE', #991 ) ;
#1528 = DIRECTION ( 'NONE',  ( 1.000000000000000000, 0.000000000000000000, 0.000000000000000000 ) ) ;
#1529 = EDGE_CURVE ( 'NONE', #447, #2041, #1006, .T. ) ;
#1530 = CARTESIAN_POINT ( 'NONE',  ( 444.6723503110000024, -1360.500000874000079, 1148.784408176000170 ) ) ;
#1531 = ORIENTED_EDGE ( 'NONE', *, *, #227, .T. ) ;
#1532 = DIRECTION ( 'NONE',  ( 0.000000000000000000, 0.000000000000000000, -1.000000000000000000 ) ) ;
#1533 = ORIENTED_EDGE ( 'NONE', *, *, #611, .T. ) ;
#1534 = LINE ( 'NONE', #1496, #2423 ) ;
#1535 = DIRECTION ( 'NONE',  ( 0.000000000000000000, 0.000000000000000000, 1.000000000000000000 ) ) ;
#1536 = LINE ( 'NONE', #1686, #2013 ) ;
#1537 = ORIENTED_EDGE ( 'NONE', *, *, #861, .T. ) ;
#1538 = FACE_OUTER_BOUND ( 'NONE', #1814, .T. ) ;
#1539 = LINE ( 'NONE', #746, #804 ) ;
#1540 = DIRECTION ( 'NONE',  ( 0.000000000000000000, 1.000000000000000000, 0.000000000000000000 ) ) ;
#1541 = EDGE_CURVE ( 'NONE', #538, #2300, #2076, .T. ) ;
#1542 = ORIENTED_EDGE ( 'NONE', *, *, #2390, .T. ) ;
#1543 = EDGE_CURVE ( 'NONE', #952, #1505, #1362, .T. ) ;
#1544 = VECTOR ( 'NONE', #751, 1000.000000000000000 ) ;
#1545 = DIRECTION ( 'NONE',  ( -1.000000000000000000, 0.000000000000000000, 0.000000000000000000 ) ) ;
#1546 = CARTESIAN_POINT ( 'NONE',  ( 449.2279877480373216, -1360.687645832166254, 1183.563623177479712 ) ) ;
#1547 = CARTESIAN_POINT ( 'NONE',  ( 1578.500000000000000, -1411.500000873999852, 1158.999411893999877 ) ) ;
#1548 = DIRECTION ( 'NONE',  ( -1.000000000000000000, 0.000000000000000000, 0.000000000000000000 ) ) ;
#1549 = AXIS2_PLACEMENT_3D ( 'NONE', #2330, #910, #570 ) ;
#1550 = AXIS2_PLACEMENT_3D ( 'NONE', #1820, #231, #1282 ) ;
#1551 = AXIS2_PLACEMENT_3D ( 'NONE', #189, #1366, #2160 ) ;
#1552 = LINE ( 'NONE', #124, #1970 ) ;
#1553 = ORIENTED_EDGE ( 'NONE', *, *, #19, .T. ) ;
#1554 = DIRECTION ( 'NONE',  ( 1.000000000000000000, 0.000000000000000000, 0.000000000000000000 ) ) ;
#1555 = AXIS2_PLACEMENT_3D ( 'NONE', #1712, #2535, #164 ) ;
#1556 = VECTOR ( 'NONE', #1924, 1000.000000000000114 ) ;
#1557 = EDGE_CURVE ( 'NONE', #2361, #325, #1087, .T. ) ;
#1558 = VECTOR ( 'NONE', #38, 1000.000000000000000 ) ;
#1559 = ORIENTED_EDGE ( 'NONE', *, *, #167, .T. ) ;
#1560 = EDGE_CURVE ( 'NONE', #546, #640, #2486, .T. ) ;
#1561 = CARTESIAN_POINT ( 'NONE',  ( 1607.900000000000091, -1397.500000873999852, 1148.784408176000170 ) ) ;
#1562 = CARTESIAN_POINT ( 'NONE',  ( 450.7723502955059871, -1360.734076904549966, 1183.706978362650034 ) ) ;
#1563 = DIRECTION ( 'NONE',  ( 0.000000000000000000, -1.000000000000000000, 0.000000000000000000 ) ) ;
#1564 = CARTESIAN_POINT ( 'NONE',  ( 1587.900000000000091, -1397.500000873999852, 1148.784408176000170 ) ) ;
#1565 = DIRECTION ( 'NONE',  ( 0.000000000000000000, 0.9901988003910424663, -0.1396650840551789119 ) ) ;
#1566 = ORIENTED_EDGE ( 'NONE', *, *, #79, .F. ) ;
#1567 = DIRECTION ( 'NONE',  ( 0.000000000000000000, 1.000000000000000000, 0.000000000000000000 ) ) ;
#1568 = ORIENTED_EDGE ( 'NONE', *, *, #2098, .F. ) ;
#1569 = B_SPLINE_CURVE_WITH_KNOTS ( 'NONE', 3,
 ( #2203, #34, #2176, #582, #629, #2412, #1780 ),
 .UNSPECIFIED., .F., .F.,
 ( 4, 1, 1, 1, 4 ),
 ( 0.000000000000000000, 0.2500000000000000000, 0.5000000000000000000, 0.7500000000000000000, 1.000000000000000000 ),
 .UNSPECIFIED. ) ;
#1570 = CARTESIAN_POINT ( 'NONE',  ( 467.9451369759539716, -1360.500000874000079, 1135.730322305159689 ) ) ;
#1571 = CARTESIAN_POINT ( 'NONE',  ( 472.5723503109999797, -1397.500000873999852, 1146.129883359999894 ) ) ;
#1572 = EDGE_CURVE ( 'NONE', #1374, #2236, #24, .T. ) ;
#1573 = ORIENTED_EDGE ( 'NONE', *, *, #1094, .T. ) ;
#1574 = FACE_OUTER_BOUND ( 'NONE', #2397, .T. ) ;
#1575 = DIRECTION ( 'NONE',  ( 1.000000000000000000, 0.000000000000000000, 0.000000000000000000 ) ) ;
#1576 = DIRECTION ( 'NONE',  ( 0.000000000000000000, 1.000000000000000000, 0.000000000000000000 ) ) ;
#1577 = FACE_OUTER_BOUND ( 'NONE', #3, .T. ) ;
#1578 = ORIENTED_EDGE ( 'NONE', *, *, #2338, .F. ) ;
#1579 = DIRECTION ( 'NONE',  ( 0.000000000000000000, -1.000000000000000000, 0.000000000000000000 ) ) ;
#1580 = DIRECTION ( 'NONE',  ( 0.000000000000000000, 1.000000000000000000, 0.000000000000000000 ) ) ;
#1581 = EDGE_LOOP ( 'NONE', ( #2171, #1512, #1573, #747, #893, #1385, #210, #713, #452, #122, #523, #1772, #1399, #821, #739, #1324, #1191, #721, #633, #1414, #831, #2229, #1483, #1704, #1996, #428, #1307, #16, #493, #2115, #1722, #1337 ) ) ;
#1582 = DIRECTION ( 'NONE',  ( 0.9999029285919266430, 0.000000000000000000, 0.01393317599431039347 ) ) ;
#1583 = VERTEX_POINT ( 'NONE', #1998 ) ;
#1584 = ADVANCED_FACE ( 'NONE', ( #624 ), #2288, .F. ) ;
#1585 = LINE ( 'NONE', #1070, #2053 ) ;
#1586 = CARTESIAN_POINT ( 'NONE',  ( 466.9339214651353132, -1349.500000873999852, 1134.818946603934819 ) ) ;
#1587 =( GEOMETRIC_REPRESENTATION_CONTEXT ( 3 ) GLOBAL_UNCERTAINTY_ASSIGNED_CONTEXT ( ( #478 ) ) GLOBAL_UNIT_ASSIGNED_CONTEXT ( ( #1787, #2149, #372 ) ) REPRESENTATION_CONTEXT ( 'NONE', 'WORKASPACE' ) );
#1588 = EDGE_CURVE ( 'NONE', #1051, #2484, #723, .T. ) ;
#1589 = CARTESIAN_POINT ( 'NONE',  ( 476.3958261149620057, -1362.172808938370054, 1129.720361630479829 ) ) ;
#1590 = ORIENTED_EDGE ( 'NONE', *, *, #1173, .F. ) ;
#1591 = CARTESIAN_POINT ( 'NONE',  ( 1576.199835790449924, -1395.000028002089948, 1128.047424208609982 ) ) ;
#1592 = VECTOR ( 'NONE', #1356, 1000.000000000000000 ) ;
#1593 = AXIS2_PLACEMENT_3D ( 'NONE', #1318, #2110, #1717 ) ;
#1594 = ORIENTED_EDGE ( 'NONE', *, *, #2265, .F. ) ;
#1595 = CARTESIAN_POINT ( 'NONE',  ( 444.6720910957085948, -1400.500000874000079, 1178.341703108774027 ) ) ;
#1596 = AXIS2_PLACEMENT_3D ( 'NONE', #136, #2146, #1540 ) ;
#1597 = AXIS2_PLACEMENT_3D ( 'NONE', #1376, #1765, #784 ) ;
#1598 = CIRCLE ( 'NONE', #490, 2.000000000000086597 ) ;
#1599 = CARTESIAN_POINT ( 'NONE',  ( 1603.296969977667914, -1360.666787846625994, 1183.477978285084646 ) ) ;
#1600 = CARTESIAN_POINT ( 'NONE',  ( 1576.000000000000000, -1363.500000873999852, 1158.999411893999877 ) ) ;
#1601 = ORIENTED_EDGE ( 'NONE', *, *, #2490, .F. ) ;
#1602 = LINE ( 'NONE', #383, #566 ) ;
#1603 = ORIENTED_EDGE ( 'NONE', *, *, #1841, .T. ) ;
#1604 = CARTESIAN_POINT ( 'NONE',  ( 1575.997248046000095, -1380.500000874000079, 1202.047423972999923 ) ) ;
#1605 = CARTESIAN_POINT ( 'NONE',  ( 1576.176524178000136, -1362.172807573950195, 1129.720362925189875 ) ) ;
#1606 = DIRECTION ( 'NONE',  ( 0.9999999831078099088, 0.0001822062661623489934, -2.419207076932219710E-05 ) ) ;
#1607 = CARTESIAN_POINT ( 'NONE',  ( 1576.198188799150103, -1395.881870504009839, 1128.165619186570211 ) ) ;
#1608 = EDGE_CURVE ( 'NONE', #2332, #1132, #1333, .T. ) ;
#1609 = VERTEX_POINT ( 'NONE', #1895 ) ;
#1610 = CYLINDRICAL_SURFACE ( 'NONE', #2433, 2.999999999999891642 ) ;
#1611 = DIRECTION ( 'NONE',  ( -0.000000000000000000, 1.000000000000000000, -0.000000000000000000 ) ) ;
#1612 = ORIENTED_EDGE ( 'NONE', *, *, #2439, .T. ) ;
#1613 = PLANE ( 'NONE',  #690 ) ;
#1614 = ORIENTED_EDGE ( 'NONE', *, *, #787, .F. ) ;
#1615 = LINE ( 'NONE', #1666, #1166 ) ;
#1616 = DIRECTION ( 'NONE',  ( 3.515706244646456104E-13, 0.000000000000000000, -1.000000000000000000 ) ) ;
#1617 = CARTESIAN_POINT ( 'NONE',  ( 1587.646883131021696, -1363.500000873999852, 1137.047423972999695 ) ) ;
#1618 = VERTEX_POINT ( 'NONE', #1746 ) ;
#1619 = DIRECTION ( 'NONE',  ( 0.000000000000000000, 0.000000000000000000, -1.000000000000000000 ) ) ;
#1620 = ADVANCED_FACE ( 'NONE', ( #147 ), #1346, .T. ) ;
#1621 = VERTEX_POINT ( 'NONE', #2334 ) ;
#1622 = PLANE ( 'NONE',  #1349 ) ;
#1623 = DIRECTION ( 'NONE',  ( -1.000000000000000000, 0.000000000000000000, 0.000000000000000000 ) ) ;
#1624 = EDGE_CURVE ( 'NONE', #1618, #979, #2508, .T. ) ;
#1625 = EDGE_LOOP ( 'NONE', ( #1480, #499, #876, #1360 ) ) ;
#1626 = LINE ( 'NONE', #540, #1964 ) ;
#1627 = ORIENTED_EDGE ( 'NONE', *, *, #716, .F. ) ;
#1628 = CARTESIAN_POINT ( 'NONE',  ( 445.9722137741901520, -1360.500000874000079, 1181.471912154087704 ) ) ;
#1629 = CARTESIAN_POINT ( 'NONE',  ( 765.2723503110000820, -1366.500000874000079, 1131.047423972999923 ) ) ;
#1630 = VECTOR ( 'NONE', #2376, 1000.000000000000000 ) ;
#1631 = DIRECTION ( 'NONE',  ( 0.000000000000000000, 0.9609873284090428847, 0.2765923980105931546 ) ) ;
#1632 = ORIENTED_EDGE ( 'NONE', *, *, #532, .T. ) ;
#1633 = ORIENTED_EDGE ( 'NONE', *, *, #1511, .F. ) ;
#1634 = CARTESIAN_POINT ( 'NONE',  ( 1584.627213337220155, -1360.500000874000079, 1135.730322303079902 ) ) ;
#1635 = EDGE_CURVE ( 'NONE', #2558, #1465, #1552, .T. ) ;
#1636 = CARTESIAN_POINT ( 'NONE',  ( 1601.800000109239818, -1360.707880245520073, 1183.613099108800043 ) ) ;
#1637 = AXIS2_PLACEMENT_3D ( 'NONE', #1664, #2240, #2210 ) ;
#1638 = ORIENTED_EDGE ( 'NONE', *, *, #1732, .F. ) ;
#1639 = LINE ( 'NONE', #2302, #1308 ) ;
#1640 = ORIENTED_EDGE ( 'NONE', *, *, #1871, .F. ) ;
#1641 = EDGE_CURVE ( 'NONE', #83, #2043, #914, .T. ) ;
#1642 = VECTOR ( 'NONE', #378, 1000.000000000000000 ) ;
#1643 = CARTESIAN_POINT ( 'NONE',  ( 1600.198097487762880, -1360.500000874000079, 1134.047423972999923 ) ) ;
#1644 = DIRECTION ( 'NONE',  ( 0.000000000000000000, 0.000000000000000000, -1.000000000000000000 ) ) ;
#1645 = CARTESIAN_POINT ( 'NONE',  ( 1607.900000001575108, -1397.500001029540726, 1177.958918988987080 ) ) ;
#1646 = VERTEX_POINT ( 'NONE', #903 ) ;
#1647 = CARTESIAN_POINT ( 'NONE',  ( 1607.900000000000091, -1360.500000874000079, 1177.487167320999788 ) ) ;
#1648 = EDGE_LOOP ( 'NONE', ( #2091, #2377, #838, #1239, #1782 ) ) ;
#1649 = CARTESIAN_POINT ( 'NONE',  ( 472.5723503109999797, -1360.500000874000079, 1158.999411893999877 ) ) ;
#1650 = ORIENTED_EDGE ( 'NONE', *, *, #671, .F. ) ;
#1651 = DIRECTION ( 'NONE',  ( 0.000000000000000000, 0.000000000000000000, 1.000000000000000000 ) ) ;
#1652 = VERTEX_POINT ( 'NONE', #2315 ) ;
#1653 = CARTESIAN_POINT ( 'NONE',  ( 476.3813507521149404, -1397.365984702229980, 1128.681549107879846 ) ) ;
#1654 = ADVANCED_FACE ( 'NONE', ( #2533 ), #2299, .T. ) ;
#1655 = FACE_OUTER_BOUND ( 'NONE', #403, .T. ) ;
#1656 = CARTESIAN_POINT ( 'NONE',  ( 1669.899999999999864, -1360.500000874000079, 1153.047423972999923 ) ) ;
#1657 = EDGE_CURVE ( 'NONE', #1609, #1747, #1539, .T. ) ;
#1658 = EDGE_LOOP ( 'NONE', ( #2303, #1614, #96, #2543 ) ) ;
#1659 = DIRECTION ( 'NONE',  ( 0.000000000000000000, 1.000000000000000000, 0.000000000000000000 ) ) ;
#1660 = ORIENTED_EDGE ( 'NONE', *, *, #1939, .F. ) ;
#1661 = CARTESIAN_POINT ( 'NONE',  ( 1819.900000000000091, -1385.500000873999852, 1131.047423972999923 ) ) ;
#1662 = APPLICATION_PROTOCOL_DEFINITION ( 'draft international standard', 'automotive_design', 1998, #753 ) ;
#1663 = ORIENTED_EDGE ( 'NONE', *, *, #1190, .F. ) ;
#1664 = CARTESIAN_POINT ( 'NONE',  ( 476.5723503109999797, -1349.500000873999852, 1148.999411893999877 ) ) ;
#1665 = ORIENTED_EDGE ( 'NONE', *, *, #127, .T. ) ;
#1666 = CARTESIAN_POINT ( 'NONE',  ( 1576.000000000000000, -1397.500000873999852, 1158.999411893999877 ) ) ;
#1667 = PLANE ( 'NONE',  #1425 ) ;
#1668 = EDGE_CURVE ( 'NONE', #445, #1903, #240, .T. ) ;
#1669 = CARTESIAN_POINT ( 'NONE',  ( 1604.883965854637154, -1397.500000791870207, 1182.532811890788480 ) ) ;
#1670 = ORIENTED_EDGE ( 'NONE', *, *, #1939, .T. ) ;
#1671 = DIRECTION ( 'NONE',  ( 0.7428257897355420303, 0.000000000000000000, -0.6694847616665881018 ) ) ;
#1672 = CIRCLE ( 'NONE', #880, 2.999999999999891642 ) ;
#1673 = EDGE_CURVE ( 'NONE', #1051, #463, #1202, .T. ) ;
#1674 = VERTEX_POINT ( 'NONE', #755 ) ;
#1675 = CARTESIAN_POINT ( 'NONE',  ( 1580.000000000000000, -1363.500000873999852, 1158.999411893999877 ) ) ;
#1676 = ORIENTED_EDGE ( 'NONE', *, *, #716, .T. ) ;
#1677 = VECTOR ( 'NONE', #1071, 1000.000000000000000 ) ;
#1678 = VERTEX_POINT ( 'NONE', #712 ) ;
#1679 = MECHANICAL_DESIGN_GEOMETRIC_PRESENTATION_REPRESENTATION (  '', ( #2473 ), #2343 ) ;
#1680 = CARTESIAN_POINT ( 'NONE',  ( 1576.116228619000140, -1363.500000873999852, 1134.047424196219936 ) ) ;
#1681 = CARTESIAN_POINT ( 'NONE',  ( 1586.494470597040163, -1363.500000873999852, 1134.047423972879869 ) ) ;
#1682 = VECTOR ( 'NONE', #1386, 999.9999999999998863 ) ;
#1683 = AXIS2_PLACEMENT_3D ( 'NONE', #1656, #1083, #2063 ) ;
#1684 = AXIS2_PLACEMENT_3D ( 'NONE', #808, #2387, #10 ) ;
#1685 = VECTOR ( 'NONE', #1565, 1000.000000000000114 ) ;
#1686 = CARTESIAN_POINT ( 'NONE',  ( 765.2723503110000820, -1365.500000873999852, 1131.047423972999923 ) ) ;
#1687 = ORIENTED_EDGE ( 'NONE', *, *, #1525, .T. ) ;
#1688 = CARTESIAN_POINT ( 'NONE',  ( 452.3742528232371569, -1400.500000874000079, 1134.047423972999923 ) ) ;
#1689 = EDGE_CURVE ( 'NONE', #1045, #1068, #1501, .T. ) ;
#1690 = CARTESIAN_POINT ( 'NONE',  ( 1584.627213334930275, -1400.500000874000079, 1135.730322305269965 ) ) ;
#1691 = ORIENTED_EDGE ( 'NONE', *, *, #2250, .F. ) ;
#1692 = DIRECTION ( 'NONE',  ( -1.000000000000000000, 0.000000000000000000, 0.000000000000000000 ) ) ;
#1693 = EDGE_CURVE ( 'NONE', #1374, #266, #2272, .T. ) ;
#1694 = ORIENTED_EDGE ( 'NONE', *, *, #636, .T. ) ;
#1695 = CARTESIAN_POINT ( 'NONE',  ( 452.3742528232371569, -1360.500000874000079, 1134.047423972999923 ) ) ;
#1696 = CARTESIAN_POINT ( 'NONE',  ( 1580.000000000000000, -1397.500000873999852, 1158.999411893999877 ) ) ;
#1697 = CARTESIAN_POINT ( 'NONE',  ( 476.5751022649999982, -1365.500000873999852, 1185.047423972999923 ) ) ;
#1698 = ORIENTED_EDGE ( 'NONE', *, *, #2545, .T. ) ;
#1699 = CARTESIAN_POINT ( 'NONE',  ( 1605.442079625974884, -1400.500000874000079, 1182.582170204141221 ) ) ;
#1700 = CARTESIAN_POINT ( 'NONE',  ( 1607.900000005113498, -1363.500000724655138, 1177.890845102034518 ) ) ;
#1701 = ORIENTED_EDGE ( 'NONE', *, *, #2022, .T. ) ;
#1702 = DIRECTION ( 'NONE',  ( 1.000000000000000000, 0.000000000000000000, 0.000000000000000000 ) ) ;
#1703 = EDGE_CURVE ( 'NONE', #1299, #1646, #2114, .T. ) ;
#1704 = ORIENTED_EDGE ( 'NONE', *, *, #2419, .F. ) ;
#1705 = LINE ( 'NONE', #2502, #1338 ) ;
#1706 = CARTESIAN_POINT ( 'NONE',  ( 444.6723503110000024, -1360.500000873960062, 1177.579615094700102 ) ) ;
#1707 = DIRECTION ( 'NONE',  ( 0.000000000000000000, -1.000000000000000000, 0.000000000000000000 ) ) ;
#1708 = EDGE_LOOP ( 'NONE', ( #939, #78, #1601, #1750 ) ) ;
#1709 = DIRECTION ( 'NONE',  ( 0.000000000000000000, 0.9913005192378705477, 0.1316179340315310475 ) ) ;
#1710 = DIRECTION ( 'NONE',  ( 0.000000000000000000, 0.000000000000000000, 1.000000000000000000 ) ) ;
#1711 = VERTEX_POINT ( 'NONE', #162 ) ;
#1712 = CARTESIAN_POINT ( 'NONE',  ( 1600.198097487762880, -1407.500000873999852, 1137.047423972999695 ) ) ;
#1713 = DIRECTION ( 'NONE',  ( 1.000000000000000000, 0.000000000000000000, -0.000000000000000000 ) ) ;
#1714 = ORIENTED_EDGE ( 'NONE', *, *, #2280, .T. ) ;
#1715 = PRODUCT_DEFINITION ( '未知', '', #2378, #298 ) ;
#1716 = CARTESIAN_POINT ( 'NONE',  ( 464.6723503110000024, -1353.500000873999852, 1148.784408176000170 ) ) ;
#1717 = DIRECTION ( 'NONE',  ( 1.000000000000000000, 0.000000000000000000, 0.000000000000000000 ) ) ;
#1718 = EDGE_CURVE ( 'NONE', #2395, #595, #1140, .T. ) ;
#1719 = AXIS2_PLACEMENT_3D ( 'NONE', #2540, #1753, #1548 ) ;
#1720 = DIRECTION ( 'NONE',  ( 0.000000000000000000, 1.000000000000000000, 0.000000000000000000 ) ) ;
#1721 = VECTOR ( 'NONE', #1394, 1000.000000000000000 ) ;
#1722 = ORIENTED_EDGE ( 'NONE', *, *, #336, .T. ) ;
#1723 = VECTOR ( 'NONE', #814, 1000.000000000000000 ) ;
#1724 = DIRECTION ( 'NONE',  ( 0.000000000000000000, -0.9952985560661278264, 0.09685444900819487057 ) ) ;
#1725 = AXIS2_PLACEMENT_3D ( 'NONE', #321, #854, #1089 ) ;
#1726 = VECTOR ( 'NONE', #2483, 1000.000000000000000 ) ;
#1727 = DIRECTION ( 'NONE',  ( 0.6760571288831439540, 0.000000000000000000, -0.7368492101415866635 ) ) ;
#1728 = DIRECTION ( 'NONE',  ( 0.000000000000000000, 1.110223024625155531E-13, 1.000000000000000000 ) ) ;
#1729 = CARTESIAN_POINT ( 'NONE',  ( 1576.158032207940096, -1366.500000876219929, 1131.047423972999923 ) ) ;
#1730 = CARTESIAN_POINT ( 'NONE',  ( 467.9451369754419829, -1397.500000873999852, 1135.730322304699939 ) ) ;
#1731 = DIRECTION ( 'NONE',  ( -1.000000000000000000, 0.000000000000000000, 0.000000000000000000 ) ) ;
#1732 = EDGE_CURVE ( 'NONE', #1743, #1011, #1737, .T. ) ;
#1733 = FACE_OUTER_BOUND ( 'NONE', #1658, .T. ) ;
#1734 = VERTEX_POINT ( 'NONE', #609 ) ;
#1735 = CARTESIAN_POINT ( 'NONE',  ( 1607.900000000000091, -1400.500000874000079, 1148.784408176000170 ) ) ;
#1736 = EDGE_CURVE ( 'NONE', #1618, #2058, #181, .T. ) ;
#1737 = LINE ( 'NONE', #1794, #763 ) ;
#1738 = DIRECTION ( 'NONE',  ( 0.7428257896760303014, 0.000000000000000000, 0.6694847617326191713 ) ) ;
#1739 = VERTEX_POINT ( 'NONE', #1769 ) ;
#1740 = CARTESIAN_POINT ( 'NONE',  ( 450.2040003253966347, -1363.500000873999852, 1134.976191466587807 ) ) ;
#1741 = DIRECTION ( 'NONE',  ( 1.000000000000000000, 0.000000000000000000, -0.000000000000000000 ) ) ;
#1742 = LINE ( 'NONE', #767, #1890 ) ;
#1743 = VERTEX_POINT ( 'NONE', #388 ) ;
#1744 = CYLINDRICAL_SURFACE ( 'NONE', #393, 2.000000000000001776 ) ;
#1745 = EDGE_CURVE ( 'NONE', #1316, #2300, #1407, .T. ) ;
#1746 = CARTESIAN_POINT ( 'NONE',  ( 450.7723503117989594, -1397.500000872269993, 1183.242380906140170 ) ) ;
#1747 = VERTEX_POINT ( 'NONE', #2180 ) ;
#1748 = CARTESIAN_POINT ( 'NONE',  ( 476.5723503094909574, -1397.500000873999852, 1142.388475329250014 ) ) ;
#1749 = EDGE_CURVE ( 'NONE', #320, #1784, #2226, .T. ) ;
#1750 = ORIENTED_EDGE ( 'NONE', *, *, #2324, .T. ) ;
#1751 = CARTESIAN_POINT ( 'NONE',  ( 1580.000000000000000, -1360.500000874000079, 1146.129883359999894 ) ) ;
#1752 = LINE ( 'NONE', #375, #1721 ) ;
#1753 = DIRECTION ( 'NONE',  ( 0.000000000000000000, -1.000000000000000000, 0.000000000000000000 ) ) ;
#1754 = CIRCLE ( 'NONE', #642, 2.999999999999891642 ) ;
#1755 = AXIS2_PLACEMENT_3D ( 'NONE', #616, #451, #464 ) ;
#1756 = CARTESIAN_POINT ( 'NONE',  ( 1576.000000000000000, -1397.500000873999852, 1142.388475365559998 ) ) ;
#1757 = ORIENTED_EDGE ( 'NONE', *, *, #1541, .T. ) ;
#1758 = CARTESIAN_POINT ( 'NONE',  ( 765.2723503110000820, -1365.500000873999852, 1133.047423972999923 ) ) ;
#1759 = VECTOR ( 'NONE', #1442, 1000.000000000000227 ) ;
#1760 = VECTOR ( 'NONE', #2235, 1000.000000000000000 ) ;
#1761 = AXIS2_PLACEMENT_3D ( 'NONE', #470, #67, #1275 ) ;
#1762 = EDGE_CURVE ( 'NONE', #2041, #1860, #1978, .T. ) ;
#1763 = ORIENTED_EDGE ( 'NONE', *, *, #2470, .T. ) ;
#1764 = DIRECTION ( 'NONE',  ( 0.000000000000000000, 1.000000000000000000, 0.000000000000000000 ) ) ;
#1765 = DIRECTION ( 'NONE',  ( 0.000000000000000000, -1.000000000000000000, 0.000000000000000000 ) ) ;
#1766 = VERTEX_POINT ( 'NONE', #2568 ) ;
#1767 = PLANE ( 'NONE',  #2135 ) ;
#1768 = CARTESIAN_POINT ( 'NONE',  ( 1576.199835793969896, -1366.500000611780024, 1128.047423972999923 ) ) ;
#1769 = CARTESIAN_POINT ( 'NONE',  ( 476.5751022649999982, -1365.500000873999852, 1185.047423972999923 ) ) ;
#1770 = ORIENTED_EDGE ( 'NONE', *, *, #2352, .F. ) ;
#1771 = DIRECTION ( 'NONE',  ( 0.000000000000000000, -1.000000000000000000, 0.000000000000000000 ) ) ;
#1772 = ORIENTED_EDGE ( 'NONE', *, *, #2081, .T. ) ;
#1773 = CARTESIAN_POINT ( 'NONE',  ( 476.5751022649999982, -1365.500000873999852, 1183.047423972999923 ) ) ;
#1774 = EDGE_CURVE ( 'NONE', #2224, #1120, #2204, .T. ) ;
#1775 = DIRECTION ( 'NONE',  ( -1.000000000000000000, 0.000000000000000000, 0.000000000000000000 ) ) ;
#1776 = DIRECTION ( 'NONE',  ( 0.000000000000000000, 1.000000000000000000, 0.000000000000000000 ) ) ;
#1777 = ORIENTED_EDGE ( 'NONE', *, *, #1572, .F. ) ;
#1778 = EDGE_CURVE ( 'NONE', #2068, #1316, #2358, .T. ) ;
#1779 =( NAMED_UNIT ( * ) PLANE_ANGLE_UNIT ( ) SI_UNIT ( $, .RADIAN. ) );
#1780 = CARTESIAN_POINT ( 'NONE',  ( 1576.130163171199911, -1397.500000873999852, 1133.047422476779957 ) ) ;
#1781 = DIRECTION ( 'NONE',  ( 0.000000000000000000, 1.000000000000000000, 0.000000000000000000 ) ) ;
#1782 = ORIENTED_EDGE ( 'NONE', *, *, #823, .F. ) ;
#1783 = CARTESIAN_POINT ( 'NONE',  ( 1576.190999542460077, -1397.365986945240138, 1128.681550286410129 ) ) ;
#1784 = VERTEX_POINT ( 'NONE', #1382 ) ;
#1785 = CARTESIAN_POINT ( 'NONE',  ( 1578.500000000000000, -1411.500000873999852, 1158.999411893999877 ) ) ;
#1786 = DIRECTION ( 'NONE',  ( 0.000000000000000000, 1.000000000000000000, 0.000000000000000000 ) ) ;
#1787 =( LENGTH_UNIT ( ) NAMED_UNIT ( * ) SI_UNIT ( .MILLI., .METRE. ) );
#1788 = ORIENTED_EDGE ( 'NONE', *, *, #1246, .T. ) ;
#1789 = FACE_OUTER_BOUND ( 'NONE', #1625, .T. ) ;
#1790 = EDGE_LOOP ( 'NONE', ( #208, #589, #2269, #2156 ) ) ;
#1791 = CARTESIAN_POINT ( 'NONE',  ( 1600.198097487762880, -1363.500000873999852, 1134.047423972999923 ) ) ;
#1792 = ADVANCED_FACE ( 'NONE', ( #2557 ), #1170, .T. ) ;
#1793 = DIRECTION ( 'NONE',  ( 0.000000000000000000, 0.000000000000000000, -1.000000000000000000 ) ) ;
#1794 = CARTESIAN_POINT ( 'NONE',  ( 466.9339214651353132, -1349.500000873999852, 1134.818946603934819 ) ) ;
#1795 = ORIENTED_EDGE ( 'NONE', *, *, #1718, .T. ) ;
#1796 = CARTESIAN_POINT ( 'NONE',  ( 1607.900000000000091, -1363.500000873999852, 1177.088848350339958 ) ) ;
#1797 = VECTOR ( 'NONE', #2356, 1000.000000000000000 ) ;
#1798 = ORIENTED_EDGE ( 'NONE', *, *, #1898, .T. ) ;
#1799 = DIRECTION ( 'NONE',  ( 0.000000000000000000, -1.000000000000000000, 0.000000000000000000 ) ) ;
#1800 = VECTOR ( 'NONE', #332, 1000.000000000000114 ) ;
#1801 = VECTOR ( 'NONE', #317, 1000.000000000000000 ) ;
#1802 = AXIS2_PLACEMENT_3D ( 'NONE', #1617, #789, #1810 ) ;
#1803 = CARTESIAN_POINT ( 'NONE',  ( 1669.899999999999864, -1366.500000874000079, 1182.047423972999923 ) ) ;
#1804 = EDGE_LOOP ( 'NONE', ( #2220, #2254, #1280, #2199, #2002, #94, #488, #1494, #976, #1274, #1276, #1676 ) ) ;
#1805 = LINE ( 'NONE', #1182, #234 ) ;
#1806 = VERTEX_POINT ( 'NONE', #594 ) ;
#1807 = CARTESIAN_POINT ( 'NONE',  ( 466.9339214650269128, -1360.500000874000079, 1134.818946604055100 ) ) ;
#1808 = CARTESIAN_POINT ( 'NONE',  ( 1819.900000000000091, -1363.500000873999852, 1153.047423972999923 ) ) ;
#1809 = EDGE_CURVE ( 'NONE', #1456, #1621, #960, .T. ) ;
#1810 = DIRECTION ( 'NONE',  ( 0.000000000000000000, 0.000000000000000000, -1.000000000000000000 ) ) ;
#1811 = ORIENTED_EDGE ( 'NONE', *, *, #2151, .F. ) ;
#1812 = CARTESIAN_POINT ( 'NONE',  ( 450.7723503096639774, -1363.500000874860007, 1183.316851648330157 ) ) ;
#1813 = EDGE_CURVE ( 'NONE', #1078, #1734, #427, .T. ) ;
#1814 = EDGE_LOOP ( 'NONE', ( #2521, #996, #905, #1763 ) ) ;
#1815 = DIRECTION ( 'NONE',  ( 0.000000000000000000, 0.000000000000000000, 1.000000000000000000 ) ) ;
#1816 = LINE ( 'NONE', #213, #2305 ) ;
#1817 = ORIENTED_EDGE ( 'NONE', *, *, #2049, .T. ) ;
#1818 = CARTESIAN_POINT ( 'NONE',  ( 1607.900000000000091, -1397.500000873999852, 1177.156472537949867 ) ) ;
#1819 = EDGE_LOOP ( 'NONE', ( #2050, #799, #32, #1533 ) ) ;
#1820 = CARTESIAN_POINT ( 'NONE',  ( 458.5723503110000365, -1363.500000873999852, 1146.129883359999894 ) ) ;
#1821 = CARTESIAN_POINT ( 'NONE',  ( 476.5723503109999797, -1363.500000873999852, 1142.388475341909952 ) ) ;
#1822 = DIRECTION ( 'NONE',  ( -1.000000000000000000, 0.000000000000000000, 0.000000000000000000 ) ) ;
#1823 = EDGE_LOOP ( 'NONE', ( #1076, #2391, #106, #954, #840, #1462, #810, #1798 ) ) ;
#1824 = EDGE_CURVE ( 'NONE', #1945, #371, #9, .T. ) ;
#1825 = ORIENTED_EDGE ( 'NONE', *, *, #2501, .T. ) ;
#1826 = FACE_OUTER_BOUND ( 'NONE', #2500, .T. ) ;
#1827 = EDGE_CURVE ( 'NONE', #1845, #389, #2389, .T. ) ;
#1828 = CARTESIAN_POINT ( 'NONE',  ( 476.4421871139999780, -1363.500000873999852, 1133.047420589000012 ) ) ;
#1829 = DIRECTION ( 'NONE',  ( 1.000000000000000000, 0.000000000000000000, 0.000000000000000000 ) ) ;
#1830 = ORIENTED_EDGE ( 'NONE', *, *, #947, .F. ) ;
#1831 = DIRECTION ( 'NONE',  ( 0.000000000000000000, 1.000000000000000000, 0.000000000000000000 ) ) ;
#1832 = ORIENTED_EDGE ( 'NONE', *, *, #567, .F. ) ;
#1833 = DIRECTION ( 'NONE',  ( 0.000000000000000000, 1.000000000000000000, 0.000000000000000000 ) ) ;
#1834 = CARTESIAN_POINT ( 'NONE',  ( 450.7723502016229986, -1400.292121502479858, 1183.613099108800043 ) ) ;
#1835 = CYLINDRICAL_SURFACE ( 'NONE', #848, 6.099999999999991651 ) ;
#1836 = ORIENTED_EDGE ( 'NONE', *, *, #1673, .T. ) ;
#1837 = CARTESIAN_POINT ( 'NONE',  ( 1819.900000000000091, -1397.500000873999852, 1153.047423972999923 ) ) ;
#1838 = ORIENTED_EDGE ( 'NONE', *, *, #39, .T. ) ;
#1839 = CARTESIAN_POINT ( 'NONE',  ( 464.9254671799783409, -1342.500000874000079, 1134.047423972999923 ) ) ;
#1840 = AXIS2_PLACEMENT_3D ( 'NONE', #1406, #426, #1212 ) ;
#1841 = EDGE_CURVE ( 'NONE', #989, #1160, #1142, .T. ) ;
#1842 = PRODUCT_CONTEXT ( 'NONE', #1152, 'mechanical' ) ;
#1843 = VERTEX_POINT ( 'NONE', #196 ) ;
#1844 = CARTESIAN_POINT ( 'NONE',  ( 476.4421871172250462, -1363.500000873999852, 1133.047420870999986 ) ) ;
#1845 = VERTEX_POINT ( 'NONE', #237 ) ;
#1846 = VECTOR ( 'NONE', #1519, 1000.000000000000000 ) ;
#1847 = AXIS2_PLACEMENT_3D ( 'NONE', #830, #2034, #290 ) ;
#1848 = CARTESIAN_POINT ( 'NONE',  ( 476.3958261135420571, -1398.827192661199888, 1129.720361528630065 ) ) ;
#1849 = VECTOR ( 'NONE', #547, 1000.000000000000000 ) ;
#1850 = CARTESIAN_POINT ( 'NONE',  ( 476.4143181031599852, -1394.500000871769998, 1131.047423972999923 ) ) ;
#1851 = CARTESIAN_POINT ( 'NONE',  ( 476.5751022649999982, -1363.500000873999852, 1183.226402689885163 ) ) ;
#1852 = ORIENTED_EDGE ( 'NONE', *, *, #1529, .F. ) ;
#1853 = DIRECTION ( 'NONE',  ( 0.000000000000000000, 0.000000000000000000, 1.000000000000000000 ) ) ;
#1854 = VERTEX_POINT ( 'NONE', #1359 ) ;
#1855 = CARTESIAN_POINT ( 'NONE',  ( 476.5723503109999797, -1349.500000873999852, 1148.999411893999877 ) ) ;
#1856 = PRESENTATION_STYLE_ASSIGNMENT (( #57 ) ) ;
#1857 = ORIENTED_EDGE ( 'NONE', *, *, #1369, .F. ) ;
#1858 = DIRECTION ( 'NONE',  ( 1.000000000000000000, 0.000000000000000000, 0.000000000000000000 ) ) ;
#1859 = EDGE_CURVE ( 'NONE', #254, #855, #778, .T. ) ;
#1860 = VERTEX_POINT ( 'NONE', #2370 ) ;
#1861 = DIRECTION ( 'NONE',  ( 0.000000000000000000, 0.000000000000000000, -1.000000000000000000 ) ) ;
#1862 = CARTESIAN_POINT ( 'NONE',  ( 1669.899999999999864, -1385.500000873999852, 1188.047423972999923 ) ) ;
#1863 = ADVANCED_FACE ( 'NONE', ( #1993 ), #1000, .T. ) ;
#1864 = CARTESIAN_POINT ( 'NONE',  ( 1605.560756713103274, -1397.500000939721076, 1182.073364913671639 ) ) ;
#1865 = EDGE_LOOP ( 'NONE', ( #175, #1832, #1342, #1880, #2196, #1770, #2463, #612 ) ) ;
#1866 = FACE_OUTER_BOUND ( 'NONE', #1581, .T. ) ;
#1867 = ORIENTED_EDGE ( 'NONE', *, *, #981, .T. ) ;
#1868 = DIRECTION ( 'NONE',  ( -0.000000000000000000, 1.000000000000000000, -0.000000000000000000 ) ) ;
#1869 = ORIENTED_EDGE ( 'NONE', *, *, #1365, .F. ) ;
#1870 = ORIENTED_EDGE ( 'NONE', *, *, #1813, .F. ) ;
#1871 = EDGE_CURVE ( 'NONE', #1854, #2147, #98, .T. ) ;
#1872 = CARTESIAN_POINT ( 'NONE',  ( 801.5723503110000365, -1394.500000874000079, 1134.047423972999923 ) ) ;
#1873 = CARTESIAN_POINT ( 'NONE',  ( 476.4143181031669769, -1395.000025140020171, 1131.047423972160004 ) ) ;
#1874 = ADVANCED_FACE ( 'NONE', ( #1438 ), #1032, .T. ) ;
#1875 = PLANE ( 'NONE',  #1847 ) ;
#1876 = ORIENTED_EDGE ( 'NONE', *, *, #1859, .T. ) ;
#1877 = CARTESIAN_POINT ( 'NONE',  ( 476.5723503109999797, -1397.500000873999852, 1158.999411893999877 ) ) ;
#1878 = AXIS2_PLACEMENT_3D ( 'NONE', #1029, #2273, #2232 ) ;
#1879 = CARTESIAN_POINT ( 'NONE',  ( 472.5723503109999797, -1363.500000873999852, 1146.129883359999894 ) ) ;
#1880 = ORIENTED_EDGE ( 'NONE', *, *, #2368, .T. ) ;
#1881 = CARTESIAN_POINT ( 'NONE',  ( 1607.900259217102075, -1360.500000874000079, 1178.341703106477325 ) ) ;
#1882 = ORIENTED_EDGE ( 'NONE', *, *, #2390, .F. ) ;
#1883 = AXIS2_PLACEMENT_3D ( 'NONE', #1107, #2503, #718 ) ;
#1884 = AXIS2_PLACEMENT_3D ( 'NONE', #708, #1741, #1535 ) ;
#1885 = CARTESIAN_POINT ( 'NONE',  ( 1575.997248046000095, -1363.500000873999852, 1183.176979102333235 ) ) ;
#1886 = FACE_OUTER_BOUND ( 'NONE', #1175, .T. ) ;
#1887 = AXIS2_PLACEMENT_3D ( 'NONE', #714, #1868, #2090 ) ;
#1888 = VECTOR ( 'NONE', #986, 1000.000000000000000 ) ;
#1889 = CIRCLE ( 'NONE', #766, 2.999999999999891642 ) ;
#1890 = VECTOR ( 'NONE', #2175, 1000.000000000000000 ) ;
#1891 = FACE_OUTER_BOUND ( 'NONE', #2488, .T. ) ;
#1892 = ORIENTED_EDGE ( 'NONE', *, *, #1778, .T. ) ;
#1893 = CARTESIAN_POINT ( 'NONE',  ( 447.6897302328885644, -1397.500000794878588, 1182.459951121415088 ) ) ;
#1894 = EDGE_CURVE ( 'NONE', #546, #2498, #672, .T. ) ;
#1895 = CARTESIAN_POINT ( 'NONE',  ( 1576.000000001239869, -1360.500000874000079, 1142.388475334380018 ) ) ;
#1896 = ORIENTED_EDGE ( 'NONE', *, *, #580, .F. ) ;
#1897 = PLANE ( 'NONE',  #115 ) ;
#1898 = EDGE_CURVE ( 'NONE', #2558, #1678, #1433, .T. ) ;
#1899 = ORIENTED_EDGE ( 'NONE', *, *, #2383, .F. ) ;
#1900 = CARTESIAN_POINT ( 'NONE',  ( 476.4561216892320203, -1400.500000874000079, 1134.047423972999923 ) ) ;
#1901 = DIRECTION ( 'NONE',  ( 0.000000000000000000, 1.000000000000000000, 0.000000000000000000 ) ) ;
#1902 = FACE_OUTER_BOUND ( 'NONE', #987, .T. ) ;
#1903 = VERTEX_POINT ( 'NONE', #1060 ) ;
#1904 = CYLINDRICAL_SURFACE ( 'NONE', #2136, 2.999999999999891642 ) ;
#1905 = DIRECTION ( 'NONE',  ( 0.000000000000000000, 0.000000000000000000, -1.000000000000000000 ) ) ;
#1906 = ADVANCED_FACE ( 'NONE', ( #2427 ), #302, .T. ) ;
#1907 = ORIENTED_EDGE ( 'NONE', *, *, #772, .T. ) ;
#1908 = CARTESIAN_POINT ( 'NONE',  ( 765.2723503110000820, -1366.500000874000079, 1131.047423972999923 ) ) ;
#1909 = DIRECTION ( 'NONE',  ( 0.000000000000000000, 2.353460484183110016E-14, 1.000000000000000000 ) ) ;
#1910 = ADVANCED_FACE ( 'NONE', ( #2073 ), #1835, .T. ) ;
#1911 = ORIENTED_EDGE ( 'NONE', *, *, #2054, .F. ) ;
#1912 = DIRECTION ( 'NONE',  ( 0.000000000000000000, -1.000000000000000000, 0.000000000000000000 ) ) ;
#1913 = CARTESIAN_POINT ( 'NONE',  ( 1605.999768565060094, -1400.500000873990075, 1182.047423976630171 ) ) ;
#1914 = LINE ( 'NONE', #1697, #1018 ) ;
#1915 = ORIENTED_EDGE ( 'NONE', *, *, #265, .T. ) ;
#1916 = CARTESIAN_POINT ( 'NONE',  ( 444.6723503058868801, -1397.500001023345703, 1177.890845102035655 ) ) ;
#1917 = DIRECTION ( 'NONE',  ( -0.6694847617190020639, 0.000000000000000000, -0.7428257896883030398 ) ) ;
#1918 = LINE ( 'NONE', #2169, #1272 ) ;
#1919 = EDGE_LOOP ( 'NONE', ( #1542, #1537, #2105, #2410 ) ) ;
#1920 = EDGE_CURVE ( 'NONE', #556, #345, #1451, .T. ) ;
#1921 = DIRECTION ( 'NONE',  ( 0.000000000000000000, 0.000000000000000000, -1.000000000000000000 ) ) ;
#1922 = CARTESIAN_POINT ( 'NONE',  ( 466.0778797149080219, -1397.500000873999852, 1134.047423972999923 ) ) ;
#1923 = VECTOR ( 'NONE', #362, 1000.000000000000000 ) ;
#1924 = DIRECTION ( 'NONE',  ( 0.000000000000000000, -0.9913005192378608887, 0.1316179340316029900 ) ) ;
#1925 = ORIENTED_EDGE ( 'NONE', *, *, #2103, .F. ) ;
#1926 = VECTOR ( 'NONE', #15, 1000.000000000000000 ) ;
#1927 = CARTESIAN_POINT ( 'NONE',  ( 1576.146403351280014, -1364.334471287990027, 1131.881959309190051 ) ) ;
#1928 = AXIS2_PLACEMENT_3D ( 'NONE', #1133, #949, #722 ) ;
#1929 = AXIS2_PLACEMENT_3D ( 'NONE', #975, #583, #1187 ) ;
#1930 = CARTESIAN_POINT ( 'NONE',  ( 452.3742528232371569, -1360.500000874000079, 1137.047423972999695 ) ) ;
#1931 = ORIENTED_EDGE ( 'NONE', *, *, #2352, .T. ) ;
#1932 = CARTESIAN_POINT ( 'NONE',  ( 472.5723503109999797, -1397.500000873999852, 1158.999411893999877 ) ) ;
#1933 = VERTEX_POINT ( 'NONE', #1273 ) ;
#1934 = ADVANCED_BREP_SHAPE_REPRESENTATION ( 'XH-YJ38-LJ-028-A0-活动挡板', ( #2218, #1002 ), #1587 ) ;
#1935 = CARTESIAN_POINT ( 'NONE',  ( 1575.997248046000095, -1397.500000873999852, 1183.136812651335958 ) ) ;
#1936 = ADVANCED_FACE ( 'NONE', ( #875 ), #2444, .F. ) ;
#1937 = DIRECTION ( 'NONE',  ( 0.000000000000000000, 1.000000000000000000, 0.000000000000000000 ) ) ;
#1938 = FACE_OUTER_BOUND ( 'NONE', #279, .T. ) ;
#1939 = EDGE_CURVE ( 'NONE', #2161, #85, #400, .T. ) ;
#1940 = EDGE_LOOP ( 'NONE', ( #681, #1627, #2569, #2495 ) ) ;
#1941 = CARTESIAN_POINT ( 'NONE',  ( 1576.116228619000140, -1363.500000873999852, 1134.047424196219936 ) ) ;
#1942 = DIRECTION ( 'NONE',  ( -1.000000000000000000, 0.000000000000000000, 0.000000000000000000 ) ) ;
#1943 = EDGE_LOOP ( 'NONE', ( #2201, #2066, #1852, #2056, #980, #257, #603, #1989 ) ) ;
#1944 = CARTESIAN_POINT ( 'NONE',  ( 1580.000000000000000, -1360.500000874000079, 1158.999411893999877 ) ) ;
#1945 = VERTEX_POINT ( 'NONE', #2259 ) ;
#1946 = CARTESIAN_POINT ( 'NONE',  ( 476.4561216891000299, -1400.500000874000079, 1134.047423972999923 ) ) ;
#1947 = DIRECTION ( 'NONE',  ( 0.000000000000000000, 0.9913005192420735190, -0.1316179339998749531 ) ) ;
#1948 = ADVANCED_FACE ( 'NONE', ( #48 ), #1875, .T. ) ;
#1949 = DIRECTION ( 'NONE',  ( 0.000000000000000000, 1.000000000000000000, 0.000000000000000000 ) ) ;
#1950 = CARTESIAN_POINT ( 'NONE',  ( 1576.134105655369922, -1363.717018105440047, 1132.764493353409989 ) ) ;
#1951 = EDGE_CURVE ( 'NONE', #1404, #1860, #2133, .T. ) ;
#1952 = CARTESIAN_POINT ( 'NONE',  ( 1580.000000000000000, -1400.500000874000079, 1158.999411893999877 ) ) ;
#1953 = VERTEX_POINT ( 'NONE', #2275 ) ;
#1954 = DIRECTION ( 'NONE',  ( 0.000000000000000000, 0.9999999999999998890, -1.205613386900989695E-08 ) ) ;
#1955 = LINE ( 'NONE', #1973, #1969 ) ;
#1956 = VECTOR ( 'NONE', #2550, 1000.000000000000000 ) ;
#1957 = CARTESIAN_POINT ( 'NONE',  ( 1575.997248046000095, -1363.505878630860025, 1183.241486149380080 ) ) ;
#1958 = CARTESIAN_POINT ( 'NONE',  ( 476.5751022649999982, -1397.500000873999852, 1183.047423972999923 ) ) ;
#1959 = ORIENTED_EDGE ( 'NONE', *, *, #567, .T. ) ;
#1960 = PRESENTATION_STYLE_ASSIGNMENT (( #1211 ) ) ;
#1961 = LINE ( 'NONE', #414, #1471 ) ;
#1962 = AXIS2_PLACEMENT_3D ( 'NONE', #1487, #1095, #2381 ) ;
#1963 = AXIS2_PLACEMENT_3D ( 'NONE', #2072, #1486, #2284 ) ;
#1964 = VECTOR ( 'NONE', #525, 1000.000000000000000 ) ;
#1965 = CARTESIAN_POINT ( 'NONE',  ( 476.3813507511979992, -1363.634017109160141, 1128.681549042069946 ) ) ;
#1966 = VERTEX_POINT ( 'NONE', #495 ) ;
#1967 = CARTESIAN_POINT ( 'NONE',  ( 447.0115935984526914, -1363.500000808279765, 1182.073364914122294 ) ) ;
#1968 = EDGE_CURVE ( 'NONE', #546, #761, #2184, .T. ) ;
#1969 = VECTOR ( 'NONE', #201, 1000.000000000000000 ) ;
#1970 = VECTOR ( 'NONE', #1298, 1000.000000000000000 ) ;
#1971 = VECTOR ( 'NONE', #790, 1000.000000000000000 ) ;
#1972 = ORIENTED_EDGE ( 'NONE', *, *, #1762, .F. ) ;
#1973 = CARTESIAN_POINT ( 'NONE',  ( 476.4143181031790277, -1365.500001542020073, 1131.047423972999923 ) ) ;
#1974 = CARTESIAN_POINT ( 'NONE',  ( 464.9254671799783409, -1363.500000873999852, 1134.047423972999923 ) ) ;
#1975 = ORIENTED_EDGE ( 'NONE', *, *, #1557, .F. ) ;
#1976 = DIRECTION ( 'NONE',  ( 1.000000000000000000, 0.000000000000000000, 0.000000000000000000 ) ) ;
#1977 = LINE ( 'NONE', #206, #1174 ) ;
#1978 = LINE ( 'NONE', #402, #1685 ) ;
#1979 = EDGE_LOOP ( 'NONE', ( #2123, #316, #241, #169 ) ) ;
#1980 = DIRECTION ( 'NONE',  ( 0.000000000000000000, -1.000000000000000000, 0.000000000000000000 ) ) ;
#1981 = ADVANCED_FACE ( 'NONE', ( #2219 ), #2023, .F. ) ;
#1982 = VERTEX_POINT ( 'NONE', #1526 ) ;
#1983 = CARTESIAN_POINT ( 'NONE',  ( 466.0778797145100043, -1397.500000873999852, 1134.047423973200011 ) ) ;
#1984 = ADVANCED_FACE ( 'NONE', ( #1891 ), #1341, .T. ) ;
#1985 = CARTESIAN_POINT ( 'NONE',  ( 1819.900000000000091, -1365.500000873999852, 1183.047423972999923 ) ) ;
#1986 = LINE ( 'NONE', #773, #515 ) ;
#1987 = EDGE_LOOP ( 'NONE', ( #1777, #679, #1660, #2511 ) ) ;
#1988 = CARTESIAN_POINT ( 'NONE',  ( 1607.900000000000091, -1400.500000874000079, 1177.579615094409974 ) ) ;
#1989 = ORIENTED_EDGE ( 'NONE', *, *, #823, .T. ) ;
#1990 = PLANE ( 'NONE',  #2178 ) ;
#1991 = B_SPLINE_CURVE_WITH_KNOTS ( 'NONE', 3,
 ( #902, #1699, #84, #1286, #674, #663 ),
 .UNSPECIFIED., .F., .F.,
 ( 4, 2, 4 ),
 ( 0.000000000000000000, 0.5000000000000000000, 1.000000000000000000 ),
 .UNSPECIFIED. ) ;
#1992 = CARTESIAN_POINT ( 'NONE',  ( 1576.190999550630067, -1363.634015787620001, 1128.681549700099822 ) ) ;
#1993 = FACE_OUTER_BOUND ( 'NONE', #61, .T. ) ;
#1994 = VERTEX_POINT ( 'NONE', #351 ) ;
#1995 = CARTESIAN_POINT ( 'NONE',  ( 1575.997248046000095, -1400.265924844369920, 1183.706978359879940 ) ) ;
#1996 = ORIENTED_EDGE ( 'NONE', *, *, #1155, .T. ) ;
#1997 = CARTESIAN_POINT ( 'NONE',  ( 1585.638428845864610, -1411.500000873999852, 1134.818946603934819 ) ) ;
#1998 = CARTESIAN_POINT ( 'NONE',  ( 1584.627213333280224, -1363.500000873999852, 1135.730322307139886 ) ) ;
#1999 = VERTEX_POINT ( 'NONE', #533 ) ;
#2000 = LINE ( 'NONE', #395, #1345 ) ;
#2001 = EDGE_CURVE ( 'NONE', #1784, #586, #2083, .T. ) ;
#2002 = ORIENTED_EDGE ( 'NONE', *, *, #2054, .T. ) ;
#2003 = STYLED_ITEM ( 'NONE', ( #1856 ), #1934 ) ;
#2004 = CARTESIAN_POINT ( 'NONE',  ( 464.9254671799783409, -1360.500000874000079, 1137.047423972999695 ) ) ;
#2005 = EDGE_CURVE ( 'NONE', #2089, #1120, #315, .T. ) ;
#2006 = CARTESIAN_POINT ( 'NONE',  ( 1587.900000000000091, -1407.500000873999852, 1148.784408176000170 ) ) ;
#2007 = ORIENTED_EDGE ( 'NONE', *, *, #745, .T. ) ;
#2008 = CARTESIAN_POINT ( 'NONE',  ( 444.6723503110000024, -1363.500000873999852, 1177.156472537949867 ) ) ;
#2009 = CIRCLE ( 'NONE', #967, 6.000000000000005329 ) ;
#2010 = ORIENTED_EDGE ( 'NONE', *, *, #1749, .F. ) ;
#2011 = CARTESIAN_POINT ( 'NONE',  ( 489.6844554720000247, -1342.500000874000079, 1134.047423972999923 ) ) ;
#2012 = CIRCLE ( 'NONE', #485, 20.00000000000001776 ) ;
#2013 = VECTOR ( 'NONE', #2529, 1000.000000000000000 ) ;
#2014 = AXIS2_PLACEMENT_3D ( 'NONE', #446, #610, #2372 ) ;
#2015 = DIRECTION ( 'NONE',  ( 0.000000000000000000, -1.000000000000000000, 0.000000000000000000 ) ) ;
#2016 = ORIENTED_EDGE ( 'NONE', *, *, #2311, .T. ) ;
#2017 = CARTESIAN_POINT ( 'NONE',  ( 472.5723503109999797, -1400.500000874000079, 1146.129883359999894 ) ) ;
#2018 = ORIENTED_EDGE ( 'NONE', *, *, #1369, .T. ) ;
#2019 = EDGE_CURVE ( 'NONE', #1367, #2395, #2100, .T. ) ;
#2020 = DIRECTION ( 'NONE',  ( 1.000000000000000000, 0.000000000000000000, 0.000000000000000000 ) ) ;
#2021 = CARTESIAN_POINT ( 'NONE',  ( 464.9254671799783409, -1360.500000874000079, 1134.047423972999923 ) ) ;
#2022 = EDGE_CURVE ( 'NONE', #983, #1845, #1510, .T. ) ;
#2023 = PLANE ( 'NONE',  #2097 ) ;
#2024 = ORIENTED_EDGE ( 'NONE', *, *, #1229, .F. ) ;
#2025 = CARTESIAN_POINT ( 'NONE',  ( 467.9451369773190095, -1397.500000873999852, 1135.730322306719927 ) ) ;
#2026 = EDGE_LOOP ( 'NONE', ( #502, #1522, #297, #391 ) ) ;
#2027 = LINE ( 'NONE', #54, #727 ) ;
#2028 = DIRECTION ( 'NONE',  ( -1.000000000000000000, 0.000000000000000000, 0.000000000000000000 ) ) ;
#2029 = ORIENTED_EDGE ( 'NONE', *, *, #2520, .T. ) ;
#2030 = LINE ( 'NONE', #2422, #486 ) ;
#2031 = ORIENTED_EDGE ( 'NONE', *, *, #2439, .F. ) ;
#2032 = CARTESIAN_POINT ( 'NONE',  ( 464.9254671799783409, -1400.500000874000079, 1134.047423972999923 ) ) ;
#2033 = CARTESIAN_POINT ( 'NONE',  ( 476.4173425792770331, -1395.783003566190018, 1131.264473015470230 ) ) ;
#2034 = DIRECTION ( 'NONE',  ( 0.000000000000000000, 0.000000000000000000, -1.000000000000000000 ) ) ;
#2035 = ORIENTED_EDGE ( 'NONE', *, *, #1336, .T. ) ;
#2036 = CARTESIAN_POINT ( 'NONE',  ( 445.4365931051864891, -1397.500000898560756, 1180.177309245508923 ) ) ;
#2037 = EDGE_CURVE ( 'NONE', #734, #1290, #2494, .T. ) ;
#2038 = ORIENTED_EDGE ( 'NONE', *, *, #2490, .T. ) ;
#2039 = FACE_OUTER_BOUND ( 'NONE', #1452, .T. ) ;
#2040 = ADVANCED_FACE ( 'NONE', ( #1902 ), #1498, .T. ) ;
#2041 = VERTEX_POINT ( 'NONE', #2111 ) ;
#2042 = CARTESIAN_POINT ( 'NONE',  ( 476.5751022649989750, -1394.500000874000079, 1182.047423972999923 ) ) ;
#2043 = VERTEX_POINT ( 'NONE', #1306 ) ;
#2044 = CYLINDRICAL_SURFACE ( 'NONE', #318, 14.00000000000001243 ) ;
#2045 = DIRECTION ( 'NONE',  ( 1.000000000000000000, 0.000000000000000000, 0.000000000000000000 ) ) ;
#2046 = ORIENTED_EDGE ( 'NONE', *, *, #202, .F. ) ;
#2047 = DIRECTION ( 'NONE',  ( 0.000000000000000000, 1.000000000000000000, 0.000000000000000000 ) ) ;
#2048 = COLOUR_RGB ( '',0.4901960784313725283, 0.4901960784313725283, 0.5254901960784313930 ) ;
#2049 = EDGE_CURVE ( 'NONE', #1739, #1041, #1914, .T. ) ;
#2050 = ORIENTED_EDGE ( 'NONE', *, *, #1381, .F. ) ;
#2051 = DIRECTION ( 'NONE',  ( -1.000000000000000000, 0.000000000000000000, 0.000000000000000000 ) ) ;
#2052 = VECTOR ( 'NONE', #1575, 1000.000000000000000 ) ;
#2053 = VECTOR ( 'NONE', #669, 1000.000000000000000 ) ;
#2054 = EDGE_CURVE ( 'NONE', #1734, #2108, #144, .T. ) ;
#2055 = AXIS2_PLACEMENT_3D ( 'NONE', #793, #2028, #2015 ) ;
#2056 = ORIENTED_EDGE ( 'NONE', *, *, #874, .T. ) ;
#2057 = CARTESIAN_POINT ( 'NONE',  ( 452.3742528232371569, -1397.500000873999852, 1134.047423972999923 ) ) ;
#2058 = VERTEX_POINT ( 'NONE', #1108 ) ;
#2059 = CIRCLE ( 'NONE', #890, 13.99999999999996270 ) ;
#2060 = AXIS2_PLACEMENT_3D ( 'NONE', #1148, #319, #1942 ) ;
#2061 = CARTESIAN_POINT ( 'NONE',  ( 445.4911658891426782, -1360.500000874000307, 1180.773030038910065 ) ) ;
#2062 = CARTESIAN_POINT ( 'NONE',  ( 1607.900000000000091, -1400.500000874000079, 1148.784408176000170 ) ) ;
#2063 = DIRECTION ( 'NONE',  ( 0.000000000000000000, 0.000000000000000000, -1.000000000000000000 ) ) ;
#2064 = ORIENTED_EDGE ( 'NONE', *, *, #2001, .F. ) ;
#2065 = CARTESIAN_POINT ( 'NONE',  ( 450.2040003253966347, -1360.500000874000079, 1134.976191466587807 ) ) ;
#2066 = ORIENTED_EDGE ( 'NONE', *, *, #577, .T. ) ;
#2067 = DIRECTION ( 'NONE',  ( 0.000000000000000000, -1.000000000000000000, 0.000000000000000000 ) ) ;
#2068 = VERTEX_POINT ( 'NONE', #698 ) ;
#2069 = EDGE_LOOP ( 'NONE', ( #815, #1531, #512, #1377 ) ) ;
#2070 = ADVANCED_FACE ( 'NONE', ( #1733 ), #911, .F. ) ;
#2071 = DIRECTION ( 'NONE',  ( 0.000000000000000000, 1.000000000000000000, 0.000000000000000000 ) ) ;
#2072 = CARTESIAN_POINT ( 'NONE',  ( 1601.799999999999955, -1262.636534703000279, 1190.480792385999848 ) ) ;
#2073 = FACE_OUTER_BOUND ( 'NONE', #1648, .T. ) ;
#2074 = VERTEX_POINT ( 'NONE', #1295 ) ;
#2075 = CARTESIAN_POINT ( 'NONE',  ( 476.5751022649999982, -1363.517889183370016, 1183.314356488879866 ) ) ;
#2076 = LINE ( 'NONE', #1828, #278 ) ;
#2077 = ORIENTED_EDGE ( 'NONE', *, *, #23, .T. ) ;
#2078 = CARTESIAN_POINT ( 'NONE',  ( 1606.526486483980307, -1360.500000873999852, 1181.470806207329360 ) ) ;
#2079 = ORIENTED_EDGE ( 'NONE', *, *, #1824, .F. ) ;
#2080 = LINE ( 'NONE', #1523, #60 ) ;
#2081 = EDGE_CURVE ( 'NONE', #128, #1860, #2519, .T. ) ;
#2082 = DIRECTION ( 'NONE',  ( 0.000000000000000000, -1.000000000000000000, 0.000000000000000000 ) ) ;
#2083 = LINE ( 'NONE', #545, #1311 ) ;
#2084 = EDGE_CURVE ( 'NONE', #2457, #1994, #1131, .T. ) ;
#2085 = ORIENTED_EDGE ( 'NONE', *, *, #387, .T. ) ;
#2086 = CARTESIAN_POINT ( 'NONE',  ( 464.9254671799783409, -1400.500000874000079, 1137.047423972999695 ) ) ;
#2087 = VECTOR ( 'NONE', #2329, 1000.000000000000000 ) ;
#2088 = CARTESIAN_POINT ( 'NONE',  ( 1601.799999999130023, -1363.500000875729938, 1183.242380906140170 ) ) ;
#2089 = VERTEX_POINT ( 'NONE', #937 ) ;
#2090 = DIRECTION ( 'NONE',  ( 0.000000000000000000, 0.000000000000000000, -1.000000000000000000 ) ) ;
#2091 = ORIENTED_EDGE ( 'NONE', *, *, #1624, .F. ) ;
#2092 = AXIS2_PLACEMENT_3D ( 'NONE', #1473, #1082, #1901 ) ;
#2093 = VECTOR ( 'NONE', #245, 1000.000000000000000 ) ;
#2094 = FACE_OUTER_BOUND ( 'NONE', #116, .T. ) ;
#2095 = CARTESIAN_POINT ( 'NONE',  ( 1580.000000000000000, -1360.500000874000079, 1146.129883359999894 ) ) ;
#2096 = AXIS2_PLACEMENT_3D ( 'NONE', #1773, #781, #2526 ) ;
#2097 = AXIS2_PLACEMENT_3D ( 'NONE', #250, #1822, #340 ) ;
#2098 = EDGE_CURVE ( 'NONE', #1061, #369, #1536, .T. ) ;
#2099 = VECTOR ( 'NONE', #1147, 1000.000000000000000 ) ;
#2100 = LINE ( 'NONE', #2296, #1227 ) ;
#2101 = EDGE_LOOP ( 'NONE', ( #1454, #1687, #2214, #246 ) ) ;
#2102 = CARTESIAN_POINT ( 'NONE',  ( 1576.158032207940096, -1366.500000876219929, 1131.047423972999923 ) ) ;
#2103 = EDGE_CURVE ( 'NONE', #1982, #1743, #2331, .T. ) ;
#2104 = DIRECTION ( 'NONE',  ( 0.000000000000000000, 0.000000000000000000, -1.000000000000000000 ) ) ;
#2105 = ORIENTED_EDGE ( 'NONE', *, *, #301, .T. ) ;
#2106 = FACE_OUTER_BOUND ( 'NONE', #1416, .T. ) ;
#2107 = LINE ( 'NONE', #1052, #1513 ) ;
#2108 = VERTEX_POINT ( 'NONE', #365 ) ;
#2109 = CARTESIAN_POINT ( 'NONE',  ( 452.3742528232371569, -1363.500000873999852, 1137.047423972999695 ) ) ;
#2110 = DIRECTION ( 'NONE',  ( 0.000000000000000000, 1.000000000000000000, 0.000000000000000000 ) ) ;
#2111 = CARTESIAN_POINT ( 'NONE',  ( 1601.800000016379954, -1400.265924843419953, 1183.706978362379914 ) ) ;
#2112 = VERTEX_POINT ( 'NONE', #1145 ) ;
#2113 = CARTESIAN_POINT ( 'NONE',  ( 1600.198097487762880, -1400.500000874000079, 1134.047423972999923 ) ) ;
#2114 = LINE ( 'NONE', #736, #1180 ) ;
#2115 = ORIENTED_EDGE ( 'NONE', *, *, #1920, .T. ) ;
#2116 = DIRECTION ( 'NONE',  ( -1.000000000000000000, 0.000000000000000000, 0.000000000000000000 ) ) ;
#2117 = ADVANCED_FACE ( 'NONE', ( #1938 ), #168, .T. ) ;
#2118 = EDGE_LOOP ( 'NONE', ( #1260, #915, #244, #352 ) ) ;
#2119 = EDGE_CURVE ( 'NONE', #1621, #496, #1742, .T. ) ;
#2120 = CARTESIAN_POINT ( 'NONE',  ( 1576.199835794139972, -1394.500003347329994, 1128.047423972999923 ) ) ;
#2121 = CARTESIAN_POINT ( 'NONE',  ( 450.7723503096639774, -1363.500000874860007, 1183.316851648330157 ) ) ;
#2122 = DIRECTION ( 'NONE',  ( 0.9999999387184919097, -0.0003466587041516319819, 4.889535014214579223E-05 ) ) ;
#2123 = ORIENTED_EDGE ( 'NONE', *, *, #1608, .T. ) ;
#2124 = DIRECTION ( 'NONE',  ( 0.000000000000000000, -1.000000000000000000, 0.000000000000000000 ) ) ;
#2125 = CARTESIAN_POINT ( 'NONE',  ( 1602.601999123298810, -1363.499997412317498, 1183.242381387698515 ) ) ;
#2126 = CARTESIAN_POINT ( 'NONE',  ( 472.5723503109999797, -1397.500000873999852, 1158.999411893999877 ) ) ;
#2127 = VECTOR ( 'NONE', #909, 1000.000000000000000 ) ;
#2128 = EDGE_CURVE ( 'NONE', #18, #965, #1197, .T. ) ;
#2129 = DIRECTION ( 'NONE',  ( 0.000000000000000000, 0.9952985560661278264, 0.09685444900819487057 ) ) ;
#2130 = EDGE_CURVE ( 'NONE', #345, #1646, #1752, .T. ) ;
#2131 = AXIS2_PLACEMENT_3D ( 'NONE', #777, #2369, #2191 ) ;
#2132 = SURFACE_STYLE_FILL_AREA ( #796 ) ;
#2133 = B_SPLINE_CURVE_WITH_KNOTS ( 'NONE', 3,
 ( #849, #1645, #660, #1255, #862, #1864, #1669, #2467, #684, #1476 ),
 .UNSPECIFIED., .F., .F.,
 ( 4, 2, 2, 2, 4 ),
 ( 0.000000000000000000, 0.2500000000000000000, 0.5000000000000000000, 0.7500000000000000000, 1.000000000000000000 ),
 .UNSPECIFIED. ) ;
#2134 = CARTESIAN_POINT ( 'NONE',  ( 1101.000000000000000, -1360.707880242000101, 1183.613099093999836 ) ) ;
#2135 = AXIS2_PLACEMENT_3D ( 'NONE', #178, #1976, #1949 ) ;
#2136 = AXIS2_PLACEMENT_3D ( 'NONE', #377, #959, #744 ) ;
#2137 = DIRECTION ( 'NONE',  ( -0.7428257896760928070, 0.000000000000000000, -0.6694847617325498934 ) ) ;
#2138 = CIRCLE ( 'NONE', #399, 2.000000000000001776 ) ;
#2139 = ORIENTED_EDGE ( 'NONE', *, *, #436, .F. ) ;
#2140 = AXIS2_PLACEMENT_3D ( 'NONE', #1985, #134, #1111 ) ;
#2141 = DIRECTION ( 'NONE',  ( 0.7428257896883030398, 0.000000000000000000, 0.6694847617190020639 ) ) ;
#2142 = VECTOR ( 'NONE', #1258, 1000.000000000000000 ) ;
#2143 = AXIS2_PLACEMENT_3D ( 'NONE', #1319, #1330, #506 ) ;
#2144 = DIRECTION ( 'NONE',  ( 0.000000000000000000, -1.000000000000000000, 2.754093249753569713E-10 ) ) ;
#2145 = ORIENTED_EDGE ( 'NONE', *, *, #503, .T. ) ;
#2146 = DIRECTION ( 'NONE',  ( 1.000000000000000000, 0.000000000000000000, 0.000000000000000000 ) ) ;
#2147 = VERTEX_POINT ( 'NONE', #2554 ) ;
#2148 = EDGE_CURVE ( 'NONE', #1747, #2445, #2538, .T. ) ;
#2149 =( NAMED_UNIT ( * ) PLANE_ANGLE_UNIT ( ) SI_UNIT ( $, .RADIAN. ) );
#2150 = LINE ( 'NONE', #374, #562 ) ;
#2151 = EDGE_CURVE ( 'NONE', #1945, #1734, #786, .T. ) ;
#2152 = CARTESIAN_POINT ( 'NONE',  ( 1583.747235298000078, -1411.500000873999852, 1136.523417934000008 ) ) ;
#2153 = CARTESIAN_POINT ( 'NONE',  ( 1576.155007730970055, -1365.216998044950060, 1131.264473069370069 ) ) ;
#2154 = CARTESIAN_POINT ( 'NONE',  ( 1580.000000000000000, -1363.500000873999852, 1158.999411893999877 ) ) ;
#2155 = B_SPLINE_CURVE_WITH_KNOTS ( 'NONE', 3,
 ( #2527, #1506, #717, #349, #119 ),
 .UNSPECIFIED., .F., .F.,
 ( 4, 1, 4 ),
 ( 0.000000000000000000, 0.5000000000000000000, 1.000000000000000000 ),
 .UNSPECIFIED. ) ;
#2156 = ORIENTED_EDGE ( 'NONE', *, *, #2005, .F. ) ;
#2157 = DIRECTION ( 'NONE',  ( -1.000000000000000000, 0.000000000000000000, 0.000000000000000000 ) ) ;
#2158 = VERTEX_POINT ( 'NONE', #776 ) ;
#2159 = DIRECTION ( 'NONE',  ( 0.000000000000000000, -1.000000000000000000, 0.000000000000000000 ) ) ;
#2160 = DIRECTION ( 'NONE',  ( 0.000000000000000000, 0.000000000000000000, 1.000000000000000000 ) ) ;
#2161 = VERTEX_POINT ( 'NONE', #1791 ) ;
#2162 = EDGE_CURVE ( 'NONE', #2281, #761, #20, .T. ) ;
#2163 = B_SPLINE_CURVE_WITH_KNOTS ( 'NONE', 3,
 ( #195, #974, #1019, #619, #1418, #2567 ),
 .UNSPECIFIED., .F., .F.,
 ( 4, 2, 4 ),
 ( 0.000000000000000000, 0.5000000000000000000, 1.000000000000000000 ),
 .UNSPECIFIED. ) ;
#2164 = PLANE ( 'NONE',  #565 ) ;
#2165 = DIRECTION ( 'NONE',  ( 0.000000000000000000, -1.000000000000000000, 0.000000000000000000 ) ) ;
#2166 = ADVANCED_FACE ( 'NONE', ( #1574 ), #1990, .T. ) ;
#2167 = CARTESIAN_POINT ( 'NONE',  ( 476.3741615031260039, -1365.118133882329857, 1128.165618560389930 ) ) ;
#2168 = EDGE_LOOP ( 'NONE', ( #2046, #686, #37, #1830 ) ) ;
#2169 = CARTESIAN_POINT ( 'NONE',  ( 476.5723503093679483, -1397.500000873999852, 1142.388475327730021 ) ) ;
#2170 = B_SPLINE_CURVE_WITH_KNOTS ( 'NONE', 3,
 ( #2354, #1164, #1208, #435 ),
 .UNSPECIFIED., .F., .F.,
 ( 4, 4 ),
 ( 0.000000000000000000, 1.000000000000000000 ),
 .UNSPECIFIED. ) ;
#2171 = ORIENTED_EDGE ( 'NONE', *, *, #56, .F. ) ;
#2172 = CARTESIAN_POINT ( 'NONE',  ( 1575.997248046000095, -1397.500000873999852, 1183.226201329672222 ) ) ;
#2173 = DIRECTION ( 'NONE',  ( 1.000000000000000000, 0.000000000000000000, 0.000000000000000000 ) ) ;
#2174 = EDGE_LOOP ( 'NONE', ( #863, #743, #366, #797 ) ) ;
#2175 = DIRECTION ( 'NONE',  ( 1.000000000000000000, 0.000000000000000000, 0.000000000000000000 ) ) ;
#2176 = CARTESIAN_POINT ( 'NONE',  ( 1576.156015899520071, -1396.355334513119942, 1131.192122681720093 ) ) ;
#2177 = EDGE_CURVE ( 'NONE', #492, #83, #2566, .T. ) ;
#2178 = AXIS2_PLACEMENT_3D ( 'NONE', #1547, #1156, #1563 ) ;
#2179 = VECTOR ( 'NONE', #59, 1000.000000000000000 ) ;
#2180 = CARTESIAN_POINT ( 'NONE',  ( 1576.000000001560238, -1363.500000873999852, 1142.388475343840128 ) ) ;
#2181 = LINE ( 'NONE', #429, #1558 ) ;
#2182 = VECTOR ( 'NONE', #407, 1000.000000000000000 ) ;
#2183 = ADVANCED_FACE ( 'NONE', ( #581 ), #2164, .T. ) ;
#2184 = CIRCLE ( 'NONE', #568, 2.000000000000001776 ) ;
#2185 = VERTEX_POINT ( 'NONE', #1379 ) ;
#2186 = PLANE ( 'NONE',  #1137 ) ;
#2187 = ORIENTED_EDGE ( 'NONE', *, *, #1205, .F. ) ;
#2188 = CARTESIAN_POINT ( 'NONE',  ( 1587.900000000000091, -1407.500000873999852, 1148.784408176000170 ) ) ;
#2189 = ORIENTED_EDGE ( 'NONE', *, *, #661, .T. ) ;
#2190 = CARTESIAN_POINT ( 'NONE',  ( 1576.000000001959961, -1363.500000873999852, 1142.388475345509960 ) ) ;
#2191 = DIRECTION ( 'NONE',  ( 0.000000000000000000, -1.000000000000000000, 0.000000000000000000 ) ) ;
#2192 = CARTESIAN_POINT ( 'NONE',  ( 476.3725145172620614, -1365.999976515969820, 1128.047423972989918 ) ) ;
#2193 = ORIENTED_EDGE ( 'NONE', *, *, #2560, .F. ) ;
#2194 = CARTESIAN_POINT ( 'NONE',  ( 1576.176524170949961, -1398.827194591730176, 1129.720363430790030 ) ) ;
#2195 = EDGE_CURVE ( 'NONE', #1465, #1090, #618, .T. ) ;
#2196 = ORIENTED_EDGE ( 'NONE', *, *, #5, .F. ) ;
#2197 = DIRECTION ( 'NONE',  ( 0.000000000000000000, 0.000000000000000000, -1.000000000000000000 ) ) ;
#2198 = DIRECTION ( 'NONE',  ( 0.000000000000000000, 1.000000000000000000, 0.000000000000000000 ) ) ;
#2199 = ORIENTED_EDGE ( 'NONE', *, *, #1813, .T. ) ;
#2200 = PLANE ( 'NONE',  #726 ) ;
#2201 = ORIENTED_EDGE ( 'NONE', *, *, #1689, .F. ) ;
#2202 = FILL_AREA_STYLE_COLOUR ( '', #2552 ) ;
#2203 = CARTESIAN_POINT ( 'NONE',  ( 1576.158032207369843, -1395.500000338560085, 1131.047423972999923 ) ) ;
#2204 = LINE ( 'NONE', #1952, #1100 ) ;
#2205 = ORIENTED_EDGE ( 'NONE', *, *, #935, .F. ) ;
#2206 = ORIENTED_EDGE ( 'NONE', *, *, #1588, .T. ) ;
#2207 = DIRECTION ( 'NONE',  ( 0.000000000000000000, 0.000000000000000000, 1.000000000000000000 ) ) ;
#2208 = B_SPLINE_CURVE_WITH_KNOTS ( 'NONE', 3,
 ( #1941, #2314, #1950, #1927, #2153, #170, #2102 ),
 .UNSPECIFIED., .F., .F.,
 ( 4, 1, 1, 1, 4 ),
 ( 0.000000000000000000, 0.2500000000000000000, 0.5000000000000000000, 0.7500000000000000000, 1.000000000000000000 ),
 .UNSPECIFIED. ) ;
#2209 = ADVANCED_FACE ( 'NONE', ( #1185 ), #1767, .T. ) ;
#2210 = DIRECTION ( 'NONE',  ( 0.000000000000000000, -1.000000000000000000, 0.000000000000000000 ) ) ;
#2211 = ORIENTED_EDGE ( 'NONE', *, *, #783, .F. ) ;
#2212 = FACE_OUTER_BOUND ( 'NONE', #263, .T. ) ;
#2213 = VECTOR ( 'NONE', #299, 1000.000000000000000 ) ;
#2214 = ORIENTED_EDGE ( 'NONE', *, *, #1778, .F. ) ;
#2215 = ADVANCED_FACE ( 'NONE', ( #205 ), #571, .F. ) ;
#2216 = CARTESIAN_POINT ( 'NONE',  ( 476.3741615045040021, -1395.881868217740021, 1128.165618659349775 ) ) ;
#2217 = LINE ( 'NONE', #440, #1384 ) ;
#2218 = MANIFOLD_SOLID_BREP ( '圆角2', #1270 ) ;
#2219 = FACE_OUTER_BOUND ( 'NONE', #2118, .T. ) ;
#2220 = ORIENTED_EDGE ( 'NONE', *, *, #456, .F. ) ;
#2221 = VECTOR ( 'NONE', #2245, 1000.000000000000000 ) ;
#2222 = PLANE ( 'NONE',  #2014 ) ;
#2223 = CIRCLE ( 'NONE', #1597, 2.999999999999891642 ) ;
#2224 = VERTEX_POINT ( 'NONE', #80 ) ;
#2225 = CARTESIAN_POINT ( 'NONE',  ( 1562.887894838999955, -1418.500000874000079, 1134.047423972999923 ) ) ;
#2226 = CIRCLE ( 'NONE', #1929, 2.999999999999891642 ) ;
#2227 = VECTOR ( 'NONE', #1980, 1000.000000000000000 ) ;
#2228 = CARTESIAN_POINT ( 'NONE',  ( 1576.199835793519924, -1394.500003700670050, 1128.047423972999923 ) ) ;
#2229 = ORIENTED_EDGE ( 'NONE', *, *, #2355, .T. ) ;
#2230 = LINE ( 'NONE', #1844, #2384 ) ;
#2231 = EDGE_LOOP ( 'NONE', ( #737, #341, #2193, #412, #165, #1446 ) ) ;
#2232 = DIRECTION ( 'NONE',  ( 0.000000000000000000, 0.000000000000000000, 1.000000000000000000 ) ) ;
#2233 = EDGE_CURVE ( 'NONE', #418, #556, #1585, .T. ) ;
#2234 = DIRECTION ( 'NONE',  ( -0.6694847622924477992, 0.000000000000000000, -0.7428257891714750150 ) ) ;
#2235 = DIRECTION ( 'NONE',  ( -1.000000000000000000, 0.000000000000000000, 0.000000000000000000 ) ) ;
#2236 = VERTEX_POINT ( 'NONE', #1643 ) ;
#2237 = CARTESIAN_POINT ( 'NONE',  ( 476.5723503109879857, -1360.500000874000079, 1158.999411893999877 ) ) ;
#2238 = ORIENTED_EDGE ( 'NONE', *, *, #1334, .F. ) ;
#2239 = DIRECTION ( 'NONE',  ( 0.000000000000000000, 0.000000000000000000, 1.000000000000000000 ) ) ;
#2240 = DIRECTION ( 'NONE',  ( -1.000000000000000000, 0.000000000000000000, 0.000000000000000000 ) ) ;
#2241 = EDGE_LOOP ( 'NONE', ( #2478, #973, #2238, #276 ) ) ;
#2242 = LINE ( 'NONE', #44, #845 ) ;
#2243 = ORIENTED_EDGE ( 'NONE', *, *, #23, .F. ) ;
#2244 = FACE_OUTER_BOUND ( 'NONE', #1708, .T. ) ;
#2245 = DIRECTION ( 'NONE',  ( 0.000000000000000000, -1.000000000000000000, 0.000000000000000000 ) ) ;
#2246 = EDGE_CURVE ( 'NONE', #1806, #858, #1220, .T. ) ;
#2247 = DIRECTION ( 'NONE',  ( 0.000000000000000000, 0.1396650840552089434, -0.9901988003910382474 ) ) ;
#2248 = ORIENTED_EDGE ( 'NONE', *, *, #344, .T. ) ;
#2249 = CARTESIAN_POINT ( 'NONE',  ( 765.3999999999999773, -1395.500000814500027, 1131.047423972999923 ) ) ;
#2250 = EDGE_CURVE ( 'NONE', #371, #1078, #1615, .T. ) ;
#2251 = B_SPLINE_CURVE_WITH_KNOTS ( 'NONE', 3,
 ( #1375, #1935, #2172, #1364 ),
 .UNSPECIFIED., .F., .F.,
 ( 4, 4 ),
 ( 0.000000000000000000, 1.000000000000000000 ),
 .UNSPECIFIED. ) ;
#2252 = ORIENTED_EDGE ( 'NONE', *, *, #1259, .F. ) ;
#2253 = CARTESIAN_POINT ( 'NONE',  ( 1580.000000000000000, -1400.500000874000079, 1158.999411893999877 ) ) ;
#2254 = ORIENTED_EDGE ( 'NONE', *, *, #787, .T. ) ;
#2255 = DIRECTION ( 'NONE',  ( 0.000000000000000000, 0.000000000000000000, 1.000000000000000000 ) ) ;
#2256 = VERTEX_POINT ( 'NONE', #260 ) ;
#2257 = DIRECTION ( 'NONE',  ( 0.000000000000000000, -1.000000000000000000, 0.000000000000000000 ) ) ;
#2258 = DIRECTION ( 'NONE',  ( 0.000000000000000000, 0.000000000000000000, 1.000000000000000000 ) ) ;
#2259 = CARTESIAN_POINT ( 'NONE',  ( 1576.000000000010004, -1400.500000874000079, 1158.999411893999877 ) ) ;
#2260 = ORIENTED_EDGE ( 'NONE', *, *, #199, .T. ) ;
#2261 = FACE_OUTER_BOUND ( 'NONE', #1234, .T. ) ;
#2262 = PRODUCT_RELATED_PRODUCT_CATEGORY ( 'part', '', ( #1358 ) ) ;
#2263 = VERTEX_POINT ( 'NONE', #1807 ) ;
#2264 = DIRECTION ( 'NONE',  ( 0.000000000000000000, 0.000000000000000000, -1.000000000000000000 ) ) ;
#2265 = EDGE_CURVE ( 'NONE', #1410, #45, #304, .T. ) ;
#2266 = VECTOR ( 'NONE', #327, 1000.000000000000000 ) ;
#2267 = CIRCLE ( 'NONE', #2435, 2.000000000000001776 ) ;
#2268 = VECTOR ( 'NONE', #1909, 1000.000000000000000 ) ;
#2269 = ORIENTED_EDGE ( 'NONE', *, *, #1774, .T. ) ;
#2270 = EDGE_LOOP ( 'NONE', ( #1899, #259, #2289, #392 ) ) ;
#2271 = AXIS2_PLACEMENT_3D ( 'NONE', #1564, #2124, #353 ) ;
#2272 = CIRCLE ( 'NONE', #891, 20.00000000000003553 ) ;
#2273 = DIRECTION ( 'NONE',  ( -1.000000000000000000, 0.000000000000000000, 0.000000000000000000 ) ) ;
#2274 = LINE ( 'NONE', #884, #2221 ) ;
#2275 = CARTESIAN_POINT ( 'NONE',  ( 476.5751022649999982, -1400.292121505399791, 1183.613099096130099 ) ) ;
#2276 = VERTEX_POINT ( 'NONE', #859 ) ;
#2277 = CARTESIAN_POINT ( 'NONE',  ( 951.5723503109999228, -1400.292121505999830, 1183.613099093999836 ) ) ;
#2278 = ORIENTED_EDGE ( 'NONE', *, *, #1084, .T. ) ;
#2279 = DIRECTION ( 'NONE',  ( 0.000000000000000000, -1.000000000000000000, 0.000000000000000000 ) ) ;
#2280 = EDGE_CURVE ( 'NONE', #1299, #1203, #1459, .T. ) ;
#2281 = VERTEX_POINT ( 'NONE', #466 ) ;
#2282 = EDGE_CURVE ( 'NONE', #85, #1374, #1417, .T. ) ;
#2283 = LINE ( 'NONE', #1128, #223 ) ;
#2284 = DIRECTION ( 'NONE',  ( 0.000000000000000000, -0.1316179340316027679, 0.9913005192378608887 ) ) ;
#2285 = CARTESIAN_POINT ( 'NONE',  ( 1585.638428845864610, -1411.500000873999852, 1134.818946603934819 ) ) ;
#2286 = ORIENTED_EDGE ( 'NONE', *, *, #2246, .T. ) ;
#2287 = PLANE ( 'NONE',  #529 ) ;
#2288 = CYLINDRICAL_SURFACE ( 'NONE', #2140, 2.000000000000001776 ) ;
#2289 = ORIENTED_EDGE ( 'NONE', *, *, #2233, .F. ) ;
#2290 = CARTESIAN_POINT ( 'NONE',  ( 1580.000000000000000, -1360.500000874000079, 1146.129883359999894 ) ) ;
#2291 = EDGE_LOOP ( 'NONE', ( #647, #1836, #2007, #549, #1393 ) ) ;
#2292 = ADVANCED_FACE ( 'NONE', ( #62 ), #828, .T. ) ;
#2293 = DIRECTION ( 'NONE',  ( -0.01393317612952349287, 0.000000000000000000, 0.9999029285900424835 ) ) ;
#2294 = DIRECTION ( 'NONE',  ( -1.000000000000000000, 0.000000000000000000, 0.000000000000000000 ) ) ;
#2295 = ADVANCED_FACE ( 'NONE', ( #2244 ), #273, .T. ) ;
#2296 = CARTESIAN_POINT ( 'NONE',  ( 452.3742528232371569, -1342.500000874000079, 1134.047423972999923 ) ) ;
#2297 = ORIENTED_EDGE ( 'NONE', *, *, #436, .T. ) ;
#2298 = DIRECTION ( 'NONE',  ( -1.000000000000000000, 0.000000000000000000, 0.000000000000000000 ) ) ;
#2299 = PLANE ( 'NONE',  #282 ) ;
#2300 = VERTEX_POINT ( 'NONE', #657 ) ;
#2301 = LINE ( 'NONE', #1262, #800 ) ;
#2302 = CARTESIAN_POINT ( 'NONE',  ( 476.3725145170760129, -1366.500000873670160, 1128.047423972999923 ) ) ;
#2303 = ORIENTED_EDGE ( 'NONE', *, *, #1155, .F. ) ;
#2304 = CIRCLE ( 'NONE', #1593, 14.00000000000001243 ) ;
#2305 = VECTOR ( 'NONE', #892, 1000.000000000000114 ) ;
#2306 = CARTESIAN_POINT ( 'NONE',  ( 476.3725145180880531, -1394.500002641060064, 1128.047423973009927 ) ) ;
#2307 = CARTESIAN_POINT ( 'NONE',  ( 1601.799999999130023, -1363.500000875729938, 1183.242380906140170 ) ) ;
#2308 = VECTOR ( 'NONE', #355, 1000.000000000000000 ) ;
#2309 = VECTOR ( 'NONE', #1606, 1000.000000000000114 ) ;
#2310 = CIRCLE ( 'NONE', #1520, 2.999999999999891642 ) ;
#2311 = EDGE_CURVE ( 'NONE', #615, #1854, #1448, .T. ) ;
#2312 = DIRECTION ( 'NONE',  ( -0.000000000000000000, 1.000000000000000000, -0.000000000000000000 ) ) ;
#2313 = ORIENTED_EDGE ( 'NONE', *, *, #1020, .T. ) ;
#2314 = CARTESIAN_POINT ( 'NONE',  ( 1576.123195542900021, -1363.500000799670033, 1133.547448611690015 ) ) ;
#2315 = CARTESIAN_POINT ( 'NONE',  ( 476.5751022649999982, -1397.500000873999852, 1183.047423972999923 ) ) ;
#2316 = LINE ( 'NONE', #1944, #152 ) ;
#2317 = DIRECTION ( 'NONE',  ( 1.000000000000000000, 0.000000000000000000, 0.000000000000000000 ) ) ;
#2318 = VERTEX_POINT ( 'NONE', #2425 ) ;
#2319 = LINE ( 'NONE', #707, #2127 ) ;
#2320 = DIRECTION ( 'NONE',  ( 0.000000000000000000, 1.000000000000000000, 0.000000000000000000 ) ) ;
#2321 = DIRECTION ( 'NONE',  ( -0.01393317599431039347, 0.000000000000000000, -0.9999029285919266430 ) ) ;
#2322 = ORIENTED_EDGE ( 'NONE', *, *, #1144, .F. ) ;
#2323 = DIRECTION ( 'NONE',  ( 0.000000000000000000, 0.000000000000000000, -1.000000000000000000 ) ) ;
#2324 = EDGE_CURVE ( 'NONE', #2361, #2371, #1257, .T. ) ;
#2325 = CARTESIAN_POINT ( 'NONE',  ( 1607.742744181863827, -1363.500000899223323, 1178.692594885371818 ) ) ;
#2326 = CARTESIAN_POINT ( 'NONE',  ( 476.5751022649999982, -1363.506997734579954, 1183.315864753169990 ) ) ;
#2327 = EDGE_CURVE ( 'NONE', #595, #2471, #1268, .T. ) ;
#2328 = CARTESIAN_POINT ( 'NONE',  ( 1575.997248046000095, -1365.500000873999852, 1183.047423972999923 ) ) ;
#2329 = DIRECTION ( 'NONE',  ( -1.000000000000000000, 0.000000000000000000, 0.000000000000000000 ) ) ;
#2330 = CARTESIAN_POINT ( 'NONE',  ( 1165.500000000000000, -1366.500000874000079, 1134.047423972999923 ) ) ;
#2331 = LINE ( 'NONE', #555, #2346 ) ;
#2332 = VERTEX_POINT ( 'NONE', #247 ) ;
#2333 = PLANE ( 'NONE',  #1007 ) ;
#2334 = CARTESIAN_POINT ( 'NONE',  ( 472.5723503109999797, -1360.500000874000079, 1158.999411893999877 ) ) ;
#2335 = ADVANCED_FACE ( 'NONE', ( #2453 ), #1472, .T. ) ;
#2336 = PLANE ( 'NONE',  #1596 ) ;
#2337 = AXIS2_PLACEMENT_3D ( 'NONE', #1872, #696, #1921 ) ;
#2338 = EDGE_CURVE ( 'NONE', #2484, #615, #846, .T. ) ;
#2339 = ORIENTED_EDGE ( 'NONE', *, *, #331, .F. ) ;
#2340 = VECTOR ( 'NONE', #1793, 1000.000000000000000 ) ;
#2341 = LINE ( 'NONE', #2563, #957 ) ;
#2342 = CYLINDRICAL_SURFACE ( 'NONE', #1549, 2.999999999999891642 ) ;
#2343 =( GEOMETRIC_REPRESENTATION_CONTEXT ( 3 ) GLOBAL_UNCERTAINTY_ASSIGNED_CONTEXT ( ( #118 ) ) GLOBAL_UNIT_ASSIGNED_CONTEXT ( ( #192, #1779, #1016 ) ) REPRESENTATION_CONTEXT ( 'NONE', 'WORKASPACE' ) );
#2344 = DIRECTION ( 'NONE',  ( 0.000000000000000000, -0.9901988003910345837, -0.1396650840552349782 ) ) ;
#2345 = VECTOR ( 'NONE', #1738, 1000.000000000000114 ) ;
#2346 = VECTOR ( 'NONE', #2137, 1000.000000000000000 ) ;
#2347 = CARTESIAN_POINT ( 'NONE',  ( 444.8296061291363230, -1397.500000848776835, 1178.692594885371591 ) ) ;
#2348 = CARTESIAN_POINT ( 'NONE',  ( 1605.999768560000120, -1400.500000874000079, 1182.047423972999923 ) ) ;
#2349 = VERTEX_POINT ( 'NONE', #2032 ) ;
#2350 = CARTESIAN_POINT ( 'NONE',  ( 1587.646883131021696, -1360.500000874000079, 1134.047423972999923 ) ) ;
#2351 = ORIENTED_EDGE ( 'NONE', *, *, #503, .F. ) ;
#2352 = EDGE_CURVE ( 'NONE', #1999, #2484, #1485, .T. ) ;
#2353 = APPLICATION_PROTOCOL_DEFINITION ( 'draft international standard', 'automotive_design', 1998, #1152 ) ;
#2354 = CARTESIAN_POINT ( 'NONE',  ( 476.5751022649999982, -1397.494123117140134, 1183.241486149380080 ) ) ;
#2355 = EDGE_CURVE ( 'NONE', #1120, #371, #504, .T. ) ;
#2356 = DIRECTION ( 'NONE',  ( 0.000000000000000000, 0.000000000000000000, -1.000000000000000000 ) ) ;
#2357 = CARTESIAN_POINT ( 'NONE',  ( 1576.135482810709846, -1360.618174244700185, 1132.665662931510042 ) ) ;
#2358 = LINE ( 'NONE', #573, #236 ) ;
#2359 = ORIENTED_EDGE ( 'NONE', *, *, #1065, .F. ) ;
#2360 = CARTESIAN_POINT ( 'NONE',  ( 1580.000000000000000, -1363.500000873999852, 1158.999411893999877 ) ) ;
#2361 = VERTEX_POINT ( 'NONE', #1900 ) ;
#2362 = B_SPLINE_CURVE_WITH_KNOTS ( 'NONE', 3,
 ( #832, #1591, #1607, #1783, #2194, #648, #198, #632, #238 ),
 .UNSPECIFIED., .F., .F.,
 ( 4, 1, 1, 1, 1, 1, 4 ),
 ( 0.000000000000000000, 0.1250000000000000000, 0.2500000000000000000, 0.5000000000000000000, 0.7500000000000000000, 0.8750000000000000000, 1.000000000000000000 ),
 .UNSPECIFIED. ) ;
#2363 = FACE_OUTER_BOUND ( 'NONE', #2547, .T. ) ;
#2364 = EDGE_CURVE ( 'NONE', #734, #924, #1466, .T. ) ;
#2365 = DIRECTION ( 'NONE',  ( 0.000000000000000000, 1.000000000000000000, 0.000000000000000000 ) ) ;
#2366 = VERTEX_POINT ( 'NONE', #129 ) ;
#2367 = CARTESIAN_POINT ( 'NONE',  ( 1576.158032207999895, -1366.500000874000079, 1131.047423972999923 ) ) ;
#2368 = EDGE_CURVE ( 'NONE', #2386, #2373, #730, .T. ) ;
#2369 = DIRECTION ( 'NONE',  ( 1.000000000000000000, 0.000000000000000000, 0.000000000000000000 ) ) ;
#2370 = CARTESIAN_POINT ( 'NONE',  ( 1601.800000001739818, -1397.500000873139925, 1183.316851648330157 ) ) ;
#2371 = VERTEX_POINT ( 'NONE', #2306 ) ;
#2372 = DIRECTION ( 'NONE',  ( 1.000000000000000000, 0.000000000000000000, 0.000000000000000000 ) ) ;
#2373 = VERTEX_POINT ( 'NONE', #1328 ) ;
#2374 = LINE ( 'NONE', #1983, #1759 ) ;
#2375 = VECTOR ( 'NONE', #1833, 1000.000000000000000 ) ;
#2376 = DIRECTION ( 'NONE',  ( 0.000000000000000000, 1.000000000000000000, 0.000000000000000000 ) ) ;
#2377 = ORIENTED_EDGE ( 'NONE', *, *, #641, .T. ) ;
#2378 = PRODUCT_DEFINITION_FORMATION_WITH_SPECIFIED_SOURCE ( '任何', '', #1358, .NOT_KNOWN. ) ;
#2379 = DIRECTION ( 'NONE',  ( 0.01393317599431039347, 0.000000000000000000, -0.9999029285919266430 ) ) ;
#2380 = EDGE_LOOP ( 'NONE', ( #901, #534, #2561, #2451 ) ) ;
#2381 = DIRECTION ( 'NONE',  ( 0.000000000000000000, 1.000000000000000000, 0.000000000000000000 ) ) ;
#2382 = DIRECTION ( 'NONE',  ( -0.000000000000000000, 1.000000000000000000, -0.000000000000000000 ) ) ;
#2383 = EDGE_CURVE ( 'NONE', #993, #325, #2319, .T. ) ;
#2384 = VECTOR ( 'NONE', #2510, 1000.000000000000000 ) ;
#2385 = CARTESIAN_POINT ( 'NONE',  ( 476.4368674642149699, -1360.618174877210095, 1132.665660342599949 ) ) ;
#2386 = VERTEX_POINT ( 'NONE', #2514 ) ;
#2387 = DIRECTION ( 'NONE',  ( -1.000000000000000000, 0.000000000000000000, 0.000000000000000000 ) ) ;
#2388 = VECTOR ( 'NONE', #511, 1000.000000000000000 ) ;
#2389 = CIRCLE ( 'NONE', #1802, 2.999999999999891642 ) ;
#2390 = EDGE_CURVE ( 'NONE', #858, #1527, #1705, .T. ) ;
#2391 = ORIENTED_EDGE ( 'NONE', *, *, #1050, .T. ) ;
#2392 = DIRECTION ( 'NONE',  ( -0.000000000000000000, -1.000000000000000000, -0.000000000000000000 ) ) ;
#2393 = PLANE ( 'NONE',  #2055 ) ;
#2394 = DIRECTION ( 'NONE',  ( 0.000000000000000000, 0.000000000000000000, 1.000000000000000000 ) ) ;
#2395 = VERTEX_POINT ( 'NONE', #1695 ) ;
#2396 = CYLINDRICAL_SURFACE ( 'NONE', #1755, 2.999999999999891642 ) ;
#2397 = EDGE_LOOP ( 'NONE', ( #791, #1022, #528, #2029 ) ) ;
#2398 = DIRECTION ( 'NONE',  ( 0.01393317611596270843, 0.000000000000000000, -0.9999029285902314435 ) ) ;
#2399 = CARTESIAN_POINT ( 'NONE',  ( 467.9451369753299446, -1363.500000873999852, 1135.730322304739957 ) ) ;
#2400 = CARTESIAN_POINT ( 'NONE',  ( 476.4561217257350449, -1360.500000874000079, 1134.047426609710101 ) ) ;
#2401 = PLANE ( 'NONE',  #239 ) ;
#2402 = EDGE_CURVE ( 'NONE', #2366, #2371, #1117, .T. ) ;
#2403 = ORIENTED_EDGE ( 'NONE', *, *, #2416, .T. ) ;
#2404 = CARTESIAN_POINT ( 'NONE',  ( 1575.997248046000095, -1397.488819062740049, 1183.314973306280081 ) ) ;
#2405 = EDGE_CURVE ( 'NONE', #1290, #1045, #2155, .T. ) ;
#2406 = LINE ( 'NONE', #498, #1221 ) ;
#2407 = SHAPE_DEFINITION_REPRESENTATION ( #2541, #1934 ) ;
#2408 = VERTEX_POINT ( 'NONE', #1292 ) ;
#2409 = DIRECTION ( 'NONE',  ( 0.000000000000000000, -1.000000000000000000, 0.000000000000000000 ) ) ;
#2410 = ORIENTED_EDGE ( 'NONE', *, *, #2548, .T. ) ;
#2411 = DIRECTION ( 'NONE',  ( 0.000000000000000000, 1.000000000000000000, 0.000000000000000000 ) ) ;
#2412 = CARTESIAN_POINT ( 'NONE',  ( 1576.134807801740180, -1397.500000425190137, 1132.714104395589857 ) ) ;
#2413 = CARTESIAN_POINT ( 'NONE',  ( 450.7723503109999683, -1498.363467044999879, 1190.480792385999848 ) ) ;
#2414 = ORIENTED_EDGE ( 'NONE', *, *, #2405, .T. ) ;
#2415 = CARTESIAN_POINT ( 'NONE',  ( 447.6883844570643305, -1363.500000956130634, 1182.532811891214351 ) ) ;
#2416 = EDGE_CURVE ( 'NONE', #626, #1331, #2080, .T. ) ;
#2417 = ORIENTED_EDGE ( 'NONE', *, *, #2562, .F. ) ;
#2418 = LINE ( 'NONE', #1634, #1682 ) ;
#2419 = EDGE_CURVE ( 'NONE', #702, #1078, #1534, .T. ) ;
#2420 = DIRECTION ( 'NONE',  ( -1.000000000000000000, 0.000000000000000000, 0.000000000000000000 ) ) ;
#2421 = EDGE_LOOP ( 'NONE', ( #2085, #65, #222, #2205 ) ) ;
#2422 = CARTESIAN_POINT ( 'NONE',  ( 1600.198097487762880, -1418.500000874000079, 1134.047423972999923 ) ) ;
#2423 = VECTOR ( 'NONE', #2293, 1000.000000000000114 ) ;
#2424 = ORIENTED_EDGE ( 'NONE', *, *, #2487, .F. ) ;
#2425 = CARTESIAN_POINT ( 'NONE',  ( 765.2723503110000820, -1363.500000873999852, 1133.047421435000160 ) ) ;
#2426 = LINE ( 'NONE', #2062, #1677 ) ;
#2427 = FACE_OUTER_BOUND ( 'NONE', #465, .T. ) ;
#2428 = EDGE_LOOP ( 'NONE', ( #2139, #309, #868, #928 ) ) ;
#2429 = AXIS2_PLACEMENT_3D ( 'NONE', #2134, #130, #2294 ) ;
#2430 = PLANE ( 'NONE',  #1684 ) ;
#2431 = ORIENTED_EDGE ( 'NONE', *, *, #2501, .F. ) ;
#2432 = DIRECTION ( 'NONE',  ( 0.000000000000000000, 1.000000000000000000, 0.000000000000000000 ) ) ;
#2433 = AXIS2_PLACEMENT_3D ( 'NONE', #1424, #623, #242 ) ;
#2434 = AXIS2_PLACEMENT_3D ( 'NONE', #25, #807, #2247 ) ;
#2435 = AXIS2_PLACEMENT_3D ( 'NONE', #1150, #2559, #1728 ) ;
#2436 = LINE ( 'NONE', #1413, #1387 ) ;
#2437 = ORIENTED_EDGE ( 'NONE', *, *, #857, .F. ) ;
#2438 = LINE ( 'NONE', #1115, #191 ) ;
#2439 = EDGE_CURVE ( 'NONE', #865, #1256, #2283, .T. ) ;
#2440 = EDGE_LOOP ( 'NONE', ( #1568, #886, #1869, #1477 ) ) ;
#2441 = CARTESIAN_POINT ( 'NONE',  ( 1669.899999999999864, -1394.500000874000079, 1134.047423972999923 ) ) ;
#2442 = CARTESIAN_POINT ( 'NONE',  ( 476.3725145172240332, -1366.500000844700025, 1128.047423972999923 ) ) ;
#2443 = EDGE_CURVE ( 'NONE', #2471, #1367, #1672, .T. ) ;
#2444 = PLANE ( 'NONE',  #1683 ) ;
#2445 = VERTEX_POINT ( 'NONE', #1680 ) ;
#2446 = CARTESIAN_POINT ( 'NONE',  ( 1575.997248046000095, -1397.482115404040087, 1183.314328941619806 ) ) ;
#2447 = ORIENTED_EDGE ( 'NONE', *, *, #1749, .T. ) ;
#2448 = LINE ( 'NONE', #1908, #847 ) ;
#2449 = ORIENTED_EDGE ( 'NONE', *, *, #1047, .T. ) ;
#2450 = DIRECTION ( 'NONE',  ( 1.000000000000000000, 0.000000000000000000, 0.000000000000000000 ) ) ;
#2451 = ORIENTED_EDGE ( 'NONE', *, *, #995, .F. ) ;
#2452 = ADVANCED_FACE ( 'NONE', ( #920 ), #1080, .F. ) ;
#2453 = FACE_OUTER_BOUND ( 'NONE', #1979, .T. ) ;
#2454 = DIRECTION ( 'NONE',  ( 0.000000000000000000, -1.000000000000000000, 0.000000000000000000 ) ) ;
#2455 = ADVANCED_FACE ( 'NONE', ( #2094 ), #513, .T. ) ;
#2456 = CARTESIAN_POINT ( 'NONE',  ( 476.5751022649999982, -1363.500000873999852, 1183.047423972999923 ) ) ;
#2457 = VERTEX_POINT ( 'NONE', #154 ) ;
#2458 = LINE ( 'NONE', #2446, #895 ) ;
#2459 = ORIENTED_EDGE ( 'NONE', *, *, #820, .T. ) ;
#2460 = CARTESIAN_POINT ( 'NONE',  ( 474.0723503109999797, -1349.500000873999852, 1158.999411893999877 ) ) ;
#2461 = ORIENTED_EDGE ( 'NONE', *, *, #1094, .F. ) ;
#2462 = CARTESIAN_POINT ( 'NONE',  ( 1607.900000000000091, -1400.500000874000079, 1177.579615094690098 ) ) ;
#2463 = ORIENTED_EDGE ( 'NONE', *, *, #1050, .F. ) ;
#2464 = CARTESIAN_POINT ( 'NONE',  ( 472.5723503109999797, -1400.500000874000079, 1146.129883359999894 ) ) ;
#2465 = AXIS2_PLACEMENT_3D ( 'NONE', #2481, #2071, #543 ) ;
#2466 = FACE_OUTER_BOUND ( 'NONE', #1441, .T. ) ;
#2467 = CARTESIAN_POINT ( 'NONE',  ( 1603.404480604297078, -1397.500000953875997, 1183.154764775521471 ) ) ;
#2468 = EDGE_LOOP ( 'NONE', ( #1402, #87, #2189, #2211 ) ) ;
#2469 = LINE ( 'NONE', #1877, #2142 ) ;
#2470 = EDGE_CURVE ( 'NONE', #507, #1982, #934, .T. ) ;
#2471 = VERTEX_POINT ( 'NONE', #1740 ) ;
#2472 = CARTESIAN_POINT ( 'NONE',  ( 1607.900000000000091, -1360.500000874000079, 1148.784408176000170 ) ) ;
#2473 = STYLED_ITEM ( 'NONE', ( #1960 ), #2218 ) ;
#2474 = VECTOR ( 'NONE', #812, 1000.000000000000000 ) ;
#2475 = VECTOR ( 'NONE', #1503, 1000.000000000000000 ) ;
#2476 = AXIS2_PLACEMENT_3D ( 'NONE', #137, #1713, #1651 ) ;
#2477 = ORIENTED_EDGE ( 'NONE', *, *, #1841, .F. ) ;
#2478 = ORIENTED_EDGE ( 'NONE', *, *, #1294, .F. ) ;
#2479 = CIRCLE ( 'NONE', #1104, 2.999999999999891642 ) ;
#2480 = VECTOR ( 'NONE', #2122, 1000.000000000000114 ) ;
#2481 = CARTESIAN_POINT ( 'NONE',  ( 1587.900000000000091, -1400.500000874000079, 1148.784408176000170 ) ) ;
#2482 = CARTESIAN_POINT ( 'NONE',  ( 476.5751022649999982, -1380.500000874000079, 1202.047423972999923 ) ) ;
#2483 = DIRECTION ( 'NONE',  ( -0.000000000000000000, -1.000000000000000000, -0.000000000000000000 ) ) ;
#2484 = VERTEX_POINT ( 'NONE', #1957 ) ;
#2485 = DIRECTION ( 'NONE',  ( -0.000000000000000000, 0.1316179340315949964, 0.9913005192378619990 ) ) ;
#2486 = LINE ( 'NONE', #1490, #153 ) ;
#2487 = EDGE_CURVE ( 'NONE', #1903, #76, #188, .T. ) ;
#2488 = EDGE_LOOP ( 'NONE', ( #1484, #1244, #1757, #1165, #482, #2477, #664, #27, #1232, #251, #2534, #833 ) ) ;
#2489 = PLANE ( 'NONE',  #235 ) ;
#2490 = EDGE_CURVE ( 'NONE', #2361, #2108, #409, .T. ) ;
#2491 = EDGE_LOOP ( 'NONE', ( #881, #190, #1882, #1033, #1063, #1892, #771, #1296, #662, #1518, #775, #2530, #1085, #1788, #357, #699, #291, #1217, #2035, #1670, #1116, #226, #272, #2206, #149, #2016, #601, #422, #2351, #125, #2417, #1285 ) ) ;
#2492 = CARTESIAN_POINT ( 'NONE',  ( 1575.997248046000095, -1395.500000873999852, 1185.047423972999923 ) ) ;
#2493 = DIRECTION ( 'NONE',  ( 0.000000000000000000, 0.9913005192378604447, 0.1316179340316059321 ) ) ;
#2494 = LINE ( 'NONE', #2505, #606 ) ;
#2495 = ORIENTED_EDGE ( 'NONE', *, *, #563, .T. ) ;
#2496 = CARTESIAN_POINT ( 'NONE',  ( 449.9703511877018514, -1397.500004335682434, 1183.242381387698515 ) ) ;
#2497 = CARTESIAN_POINT ( 'NONE',  ( 450.7723503109999683, -1397.500000868629968, 1183.242380927370050 ) ) ;
#2498 = VERTEX_POINT ( 'NONE', #1193 ) ;
#2499 = CARTESIAN_POINT ( 'NONE',  ( 1584.627213332910060, -1397.500000873999852, 1135.730322307400002 ) ) ;
#2500 = EDGE_LOOP ( 'NONE', ( #1633, #1266, #460, #1194 ) ) ;
#2501 = EDGE_CURVE ( 'NONE', #2332, #595, #1378, .T. ) ;
#2502 = CARTESIAN_POINT ( 'NONE',  ( 467.9451369748049956, -1363.500000873999852, 1135.730322304099900 ) ) ;
#2503 = DIRECTION ( 'NONE',  ( -1.000000000000000000, 0.000000000000000000, 0.000000000000000000 ) ) ;
#2504 = ADVANCED_FACE ( 'NONE', ( #2363 ), #600, .F. ) ;
#2505 = CARTESIAN_POINT ( 'NONE',  ( 1607.900000000000091, -1400.500000874000079, 1148.784408176000170 ) ) ;
#2506 = ORIENTED_EDGE ( 'NONE', *, *, #1703, .F. ) ;
#2507 = CARTESIAN_POINT ( 'NONE',  ( 765.2723503110000820, -1363.500000873999852, 1134.047424047670120 ) ) ;
#2508 = LINE ( 'NONE', #2497, #969 ) ;
#2509 = CARTESIAN_POINT ( 'NONE',  ( 1587.646883131021696, -1363.500000873999852, 1134.047423972999923 ) ) ;
#2510 = DIRECTION ( 'NONE',  ( 1.000000000000000000, 0.000000000000000000, 0.000000000000000000 ) ) ;
#2511 = ORIENTED_EDGE ( 'NONE', *, *, #1409, .F. ) ;
#2512 = VECTOR ( 'NONE', #1293, 1000.000000000000000 ) ;
#2513 = VECTOR ( 'NONE', #1947, 1000.000000000000114 ) ;
#2514 = CARTESIAN_POINT ( 'NONE',  ( 1575.997248046000095, -1395.500000873999852, 1185.047423972999923 ) ) ;
#2515 = ADVANCED_FACE ( 'NONE', ( #1181 ), #1163, .T. ) ;
#2516 = DIRECTION ( 'NONE',  ( 0.000000000000000000, -1.000000000000000000, 0.000000000000000000 ) ) ;
#2517 = VECTOR ( 'NONE', #1313, 1000.000000000000000 ) ;
#2518 = VECTOR ( 'NONE', #220, 1000.000000000000000 ) ;
#2519 = LINE ( 'NONE', #733, #2480 ) ;
#2520 = EDGE_CURVE ( 'NONE', #2112, #2256, #945, .T. ) ;
#2521 = ORIENTED_EDGE ( 'NONE', *, *, #2103, .T. ) ;
#2522 = DIRECTION ( 'NONE',  ( -1.000000000000000000, 0.000000000000000000, 0.000000000000000000 ) ) ;
#2523 = CARTESIAN_POINT ( 'NONE',  ( 1606.686130173779475, -1363.500000938916628, 1180.859738193157227 ) ) ;
#2524 = VERTEX_POINT ( 'NONE', #1561 ) ;
#2525 = CARTESIAN_POINT ( 'NONE',  ( 450.7723500860669787, -1400.292121504239958, 1183.613099100440195 ) ) ;
#2526 = DIRECTION ( 'NONE',  ( 0.000000000000000000, 0.000000000000000000, 1.000000000000000000 ) ) ;
#2527 = CARTESIAN_POINT ( 'NONE',  ( 1607.900000000000091, -1400.500000874000079, 1177.579615094409974 ) ) ;
#2528 = PLANE ( 'NONE',  #1884 ) ;
#2529 = DIRECTION ( 'NONE',  ( -1.000000000000000000, 0.000000000000000000, 0.000000000000000000 ) ) ;
#2530 = ORIENTED_EDGE ( 'NONE', *, *, #2148, .F. ) ;
#2531 = CYLINDRICAL_SURFACE ( 'NONE', #964, 2.999999999999891642 ) ;
#2532 = EDGE_CURVE ( 'NONE', #924, #89, #2341, .T. ) ;
#2533 = FACE_OUTER_BOUND ( 'NONE', #1320, .T. ) ;
#2534 = ORIENTED_EDGE ( 'NONE', *, *, #364, .T. ) ;
#2535 = DIRECTION ( 'NONE',  ( 0.000000000000000000, 1.000000000000000000, 0.000000000000000000 ) ) ;
#2536 = DIRECTION ( 'NONE',  ( 0.000000000000000000, 0.000000000000000000, -1.000000000000000000 ) ) ;
#2537 = CARTESIAN_POINT ( 'NONE',  ( 447.1302706976890704, -1360.500000875078740, 1182.582170201770850 ) ) ;
#2538 = LINE ( 'NONE', #2190, #1177 ) ;
#2539 = EDGE_LOOP ( 'NONE', ( #650, #1632, #6, #1171 ) ) ;
#2540 = CARTESIAN_POINT ( 'NONE',  ( 1594.000000000000000, -1360.500000874000079, 1146.129883359999894 ) ) ;
#2541 = PRODUCT_DEFINITION_SHAPE ( 'NONE', 'NONE',  #1715 ) ;
#2542 = CARTESIAN_POINT ( 'NONE',  ( 1607.135757205813434, -1363.500000849439402, 1180.177309245508923 ) ) ;
#2543 = ORIENTED_EDGE ( 'NONE', *, *, #1968, .T. ) ;
#2544 = FACE_OUTER_BOUND ( 'NONE', #1987, .T. ) ;
#2545 = EDGE_CURVE ( 'NONE', #1583, #216, #1986, .T. ) ;
#2546 = VECTOR ( 'NONE', #1153, 1000.000000000000000 ) ;
#2547 = EDGE_LOOP ( 'NONE', ( #785, #70, #1925, #564, #469, #1222, #337, #1975, #2038, #1911, #1811, #477, #1650, #333, #622, #2447, #933, #1867, #1499, #99, #2414, #379, #135, #676, #112, #286 ) ) ;
#2548 = EDGE_CURVE ( 'NONE', #1196, #858, #1390, .T. ) ;
#2549 = VECTOR ( 'NONE', #274, 1000.000000000000114 ) ;
#2550 = DIRECTION ( 'NONE',  ( 0.000000000000000000, -1.000000000000000000, 0.000000000000000000 ) ) ;
#2551 = DIRECTION ( 'NONE',  ( 0.000000000000000000, -1.000000000000000000, 0.000000000000000000 ) ) ;
#2552 = COLOUR_RGB ( '',0.4901960784313725283, 0.4901960784313725283, 0.5254901960784313930 ) ;
#2553 = AXIS2_PLACEMENT_3D ( 'NONE', #994, #2409, #203 ) ;
#2554 = CARTESIAN_POINT ( 'NONE',  ( 476.5751022649999982, -1363.510697745379957, 1183.315134207889969 ) ) ;
#2555 = CARTESIAN_POINT ( 'NONE',  ( 765.3999999999999773, -1397.500000873999852, 1133.047423075000097 ) ) ;
#2556 = VECTOR ( 'NONE', #179, 1000.000000000000000 ) ;
#2557 = FACE_OUTER_BOUND ( 'NONE', #2421, .T. ) ;
#2558 = VERTEX_POINT ( 'NONE', #578 ) ;
#2559 = DIRECTION ( 'NONE',  ( 1.000000000000000000, 0.000000000000000000, 0.000000000000000000 ) ) ;
#2560 = EDGE_CURVE ( 'NONE', #2158, #128, #2251, .T. ) ;
#2561 = ORIENTED_EDGE ( 'NONE', *, *, #693, .T. ) ;
#2562 = EDGE_CURVE ( 'NONE', #2471, #1132, #834, .T. ) ;
#2563 = CARTESIAN_POINT ( 'NONE',  ( 1602.368349985603345, -1407.500000873999852, 1134.976191466587807 ) ) ;
#2564 = DIRECTION ( 'NONE',  ( -1.000000000000000000, 0.000000000000000000, 0.000000000000000000 ) ) ;
#2565 = ORIENTED_EDGE ( 'NONE', *, *, #2019, .T. ) ;
#2566 = LINE ( 'NONE', #984, #685 ) ;
#2567 = CARTESIAN_POINT ( 'NONE',  ( 446.6765467204630227, -1400.500004329720014, 1182.047334432410025 ) ) ;
#2568 = CARTESIAN_POINT ( 'NONE',  ( 765.2723503110000820, -1363.500000873999852, 1134.047423997999886 ) ) ;
#2569 = ORIENTED_EDGE ( 'NONE', *, *, #658, .F. ) ;
ENDSEC;
END-ISO-10303-21;
