ISO-10303-21;
HEADER;
FILE_DESCRIPTION (( 'STEP AP214' ),
    '1' );
FILE_NAME ('XH-YJ38-LJ-025-A0-ÑÓ³¤¼Ü-×ó.STEP',
    '2026-06-05T00:53:23',
    ( 'Microsoft' ),
    ( 'Microsoft' ),
    'SwSTEP 2.0',
    'SolidWorks 2020',
    '' );
FILE_SCHEMA (( 'AUTOMOTIVE_DESIGN' ));
ENDSEC;

DATA;
#1 = SURFACE_STYLE_USAGE ( .BOTH. , #779 ) ;
#2 = CARTESIAN_POINT ( 'NONE',  ( 1577.000000000000000, -1359.500000000000000, 1159.000000000000000 ) ) ;
#3 = VECTOR ( 'NONE', #875, 1000.000000000000000 ) ;
#4 = LINE ( 'NONE', #241, #1648 ) ;
#5 = ORIENTED_EDGE ( 'NONE', *, *, #328, .F. ) ;
#6 = ORIENTED_EDGE ( 'NONE', *, *, #525, .T. ) ;
#7 = EDGE_CURVE ( 'NONE', #1112, #773, #289, .T. ) ;
#8 = AXIS2_PLACEMENT_3D ( 'NONE', #1023, #880, #1660 ) ;
#9 = LINE ( 'NONE', #847, #377 ) ;
#10 = CARTESIAN_POINT ( 'NONE',  ( 1580.007657681732326, -1352.785786437626712, 1248.414213562373334 ) ) ;
#11 = DIRECTION ( 'NONE',  ( 0.000000000000000000, 1.000000000000000000, 0.000000000000000000 ) ) ;
#12 = DIRECTION ( 'NONE',  ( 0.000000000000000000, -1.000000000000000000, 0.000000000000000000 ) ) ;
#13 = DIRECTION ( 'NONE',  ( 0.000000000000000000, 0.000000000000000000, -1.000000000000000000 ) ) ;
#14 = ORIENTED_EDGE ( 'NONE', *, *, #982, .T. ) ;
#15 = ORIENTED_EDGE ( 'NONE', *, *, #1304, .F. ) ;
#16 = EDGE_CURVE ( 'NONE', #1431, #581, #570, .T. ) ;
#17 = FILL_AREA_STYLE ('',( #838 ) ) ;
#18 = B_SPLINE_CURVE_WITH_KNOTS ( 'NONE', 3,
 ( #529, #496, #1196, #1062 ),
 .UNSPECIFIED., .F., .F.,
 ( 4, 4 ),
 ( 0.000000000000000000, 1.000000000000000000 ),
 .UNSPECIFIED. ) ;
#19 = AXIS2_PLACEMENT_3D ( 'NONE', #652, #1439, #1192 ) ;
#20 = DIRECTION ( 'NONE',  ( 0.000000000000000000, 0.000000000000000000, 1.000000000000000000 ) ) ;
#21 = CARTESIAN_POINT ( 'NONE',  ( 1583.000000000000000, -1353.000000000000000, 1042.000000000000000 ) ) ;
#22 = VECTOR ( 'NONE', #513, 1000.000000000000000 ) ;
#23 = CARTESIAN_POINT ( 'NONE',  ( 1621.000000000000000, -1353.000000000000000, 1042.000000000000000 ) ) ;
#24 = EDGE_LOOP ( 'NONE', ( #152, #1294, #940, #1554, #1042, #1580, #923, #1381, #1216, #417, #1466 ) ) ;
#25 = ORIENTED_EDGE ( 'NONE', *, *, #1702, .T. ) ;
#26 = UNCERTAINTY_MEASURE_WITH_UNIT (LENGTH_MEASURE( 1.000000000000000082E-05 ), #358, 'distance_accuracy_value', 'NONE');
#27 = DIRECTION ( 'NONE',  ( 0.000000000000000000, 1.000000000000000000, 0.000000000000000000 ) ) ;
#28 = EDGE_CURVE ( 'NONE', #1356, #45, #1344, .T. ) ;
#29 = CARTESIAN_POINT ( 'NONE',  ( 1577.003825173521363, -1352.785786437626712, 1248.414213562373334 ) ) ;
#30 = ADVANCED_FACE ( 'NONE', ( #297 ), #843, .T. ) ;
#31 = AXIS2_PLACEMENT_3D ( 'NONE', #225, #1593, #774 ) ;
#32 = PLANE ( 'NONE',  #354 ) ;
#33 = DIRECTION ( 'NONE',  ( 0.000000000000000000, 0.000000000000000000, -1.000000000000000000 ) ) ;
#34 = ORIENTED_EDGE ( 'NONE', *, *, #436, .T. ) ;
#35 = VERTEX_POINT ( 'NONE', #1111 ) ;
#36 = DIRECTION ( 'NONE',  ( -1.000000000000000000, 0.000000000000000000, 0.000000000000000000 ) ) ;
#37 = CARTESIAN_POINT ( 'NONE',  ( 1607.000262686999804, -1397.000000000000000, 1056.290926196999862 ) ) ;
#38 = PRESENTATION_STYLE_ASSIGNMENT (( #277 ) ) ;
#39 = EDGE_CURVE ( 'NONE', #459, #1595, #437, .T. ) ;
#40 = PLANE ( 'NONE',  #927 ) ;
#41 = FACE_OUTER_BOUND ( 'NONE', #1586, .T. ) ;
#42 = ORIENTED_EDGE ( 'NONE', *, *, #382, .T. ) ;
#43 = ORIENTED_EDGE ( 'NONE', *, *, #1335, .T. ) ;
#44 = DIRECTION ( 'NONE',  ( 1.000000000000000000, 0.000000000000000000, 0.000000000000000000 ) ) ;
#45 = VERTEX_POINT ( 'NONE', #306 ) ;
#46 = LINE ( 'NONE', #1350, #1263 ) ;
#47 = AXIS2_PLACEMENT_3D ( 'NONE', #1592, #1127, #1471 ) ;
#48 = VECTOR ( 'NONE', #1491, 1000.000000000000000 ) ;
#49 = CARTESIAN_POINT ( 'NONE',  ( 1580.000000000000000, -1353.500000000000000, 1239.214718625999922 ) ) ;
#50 = FILL_AREA_STYLE ('',( #597 ) ) ;
#51 = EDGE_CURVE ( 'NONE', #477, #881, #1164, .T. ) ;
#52 = VERTEX_POINT ( 'NONE', #1674 ) ;
#53 = ORIENTED_EDGE ( 'NONE', *, *, #162, .F. ) ;
#54 = STYLED_ITEM ( 'NONE', ( #1478 ), #658 ) ;
#55 =( LENGTH_UNIT ( ) NAMED_UNIT ( * ) SI_UNIT ( .MILLI., .METRE. ) );
#56 = SURFACE_STYLE_USAGE ( .BOTH. , #1278 ) ;
#57 = SURFACE_STYLE_USAGE ( .BOTH. , #1011 ) ;
#58 = CARTESIAN_POINT ( 'NONE',  ( 1577.000000000000000, -1372.000000000000000, 1081.290926197000090 ) ) ;
#59 = ORIENTED_EDGE ( 'NONE', *, *, #1519, .F. ) ;
#60 = ORIENTED_EDGE ( 'NONE', *, *, #1279, .T. ) ;
#61 = ADVANCED_FACE ( 'NONE', ( #1389 ), #237, .T. ) ;
#62 = CARTESIAN_POINT ( 'NONE',  ( 1602.000262687000031, -1347.000000000000000, 1056.290926196999862 ) ) ;
#63 = LINE ( 'NONE', #479, #1121 ) ;
#64 = FILL_AREA_STYLE ('',( #1418 ) ) ;
#65 = CIRCLE ( 'NONE', #572, 6.000000000000005329 ) ;
#66 = CARTESIAN_POINT ( 'NONE',  ( 1612.000000000052751, -1350.000000000000000, 1041.999999999979309 ) ) ;
#67 = PLANE ( 'NONE',  #1300 ) ;
#68 = PRESENTATION_STYLE_ASSIGNMENT (( #500 ) ) ;
#69 = EDGE_LOOP ( 'NONE', ( #956, #1642 ) ) ;
#70 = ORIENTED_EDGE ( 'NONE', *, *, #761, .F. ) ;
#71 = LINE ( 'NONE', #1375, #1453 ) ;
#72 = ADVANCED_FACE ( 'NONE', ( #783, #893, #1013 ), #491, .T. ) ;
#73 = CARTESIAN_POINT ( 'NONE',  ( 1607.000262686999804, -1347.000000000000000, 1056.290926196999862 ) ) ;
#74 = DIRECTION ( 'NONE',  ( 0.000000000000000000, 0.000000000000000000, -1.000000000000000000 ) ) ;
#75 = CARTESIAN_POINT ( 'NONE',  ( 1602.000262687000031, -1350.000000000000000, 1106.290926197000090 ) ) ;
#76 = CARTESIAN_POINT ( 'NONE',  ( 1580.002553647314016, -1352.857084529185613, 1248.342915470814205 ) ) ;
#77 = UNCERTAINTY_MEASURE_WITH_UNIT (LENGTH_MEASURE( 1.000000000000000082E-05 ), #1096, 'distance_accuracy_value', 'NONE');
#78 = ORIENTED_EDGE ( 'NONE', *, *, #1141, .T. ) ;
#79 = CARTESIAN_POINT ( 'NONE',  ( 1577.225207787340878, -1351.371572875253605, 1249.000000000000000 ) ) ;
#80 = DIRECTION ( 'NONE',  ( 0.000000000000000000, -1.000000000000000000, 0.000000000000000000 ) ) ;
#81 =( NAMED_UNIT ( * ) SI_UNIT ( $, .STERADIAN. ) SOLID_ANGLE_UNIT ( ) );
#82 = VECTOR ( 'NONE', #1495, 1000.000000000000000 ) ;
#83 = DIRECTION ( 'NONE',  ( 0.000000000000000000, -1.000000000000000000, 0.000000000000000000 ) ) ;
#84 = ADVANCED_FACE ( 'NONE', ( #1030 ), #223, .T. ) ;
#85 =( LENGTH_UNIT ( ) NAMED_UNIT ( * ) SI_UNIT ( .MILLI., .METRE. ) );
#86 = CARTESIAN_POINT ( 'NONE',  ( 1611.999999899956265, -1396.999999999999318, 1041.999999759601678 ) ) ;
#87 = ORIENTED_EDGE ( 'NONE', *, *, #1369, .T. ) ;
#88 = DIRECTION ( 'NONE',  ( 0.000000000000000000, 0.000000000000000000, 1.000000000000000000 ) ) ;
#89 = VERTEX_POINT ( 'NONE', #615 ) ;
#90 = SURFACE_STYLE_USAGE ( .BOTH. , #759 ) ;
#91 =( NAMED_UNIT ( * ) SI_UNIT ( $, .STERADIAN. ) SOLID_ANGLE_UNIT ( ) );
#92 = DIRECTION ( 'NONE',  ( 0.000000000000000000, -1.000000000000000000, 0.000000000000000000 ) ) ;
#93 = ADVANCED_FACE ( 'NONE', ( #1020 ), #526, .F. ) ;
#94 = FILL_AREA_STYLE ('',( #643 ) ) ;
#95 = ORIENTED_EDGE ( 'NONE', *, *, #1066, .T. ) ;
#96 = CARTESIAN_POINT ( 'NONE',  ( 1627.000000000000000, -1353.000000000000000, 1249.000000000000000 ) ) ;
#97 = ORIENTED_EDGE ( 'NONE', *, *, #1464, .T. ) ;
#98 = CIRCLE ( 'NONE', #433, 6.000000000000005329 ) ;
#99 = DIRECTION ( 'NONE',  ( 1.000000000000000000, 0.000000000000000000, 0.000000000000000000 ) ) ;
#100 = DIRECTION ( 'NONE',  ( 1.000000000000000000, 0.000000000000000000, -0.000000000000000000 ) ) ;
#101 = DIRECTION ( 'NONE',  ( 0.000000000000000000, -1.000000000000000000, 0.000000000000000000 ) ) ;
#102 = VERTEX_POINT ( 'NONE', #518 ) ;
#103 = CARTESIAN_POINT ( 'NONE',  ( 1580.000000000000000, -1353.000000000000000, 1248.200000000000045 ) ) ;
#104 = VERTEX_POINT ( 'NONE', #1449 ) ;
#105 = CARTESIAN_POINT ( 'NONE',  ( 1577.000000000000000, -1363.500000000000000, 1159.000000000000000 ) ) ;
#106 = ORIENTED_EDGE ( 'NONE', *, *, #413, .T. ) ;
#107 = EDGE_CURVE ( 'NONE', #1565, #1112, #398, .T. ) ;
#108 = AXIS2_PLACEMENT_3D ( 'NONE', #196, #745, #1517 ) ;
#109 = LINE ( 'NONE', #794, #1680 ) ;
#110 =( GEOMETRIC_REPRESENTATION_CONTEXT ( 3 ) GLOBAL_UNCERTAINTY_ASSIGNED_CONTEXT ( ( #1330 ) ) GLOBAL_UNIT_ASSIGNED_CONTEXT ( ( #55, #1502, #872 ) ) REPRESENTATION_CONTEXT ( 'NONE', 'WORKASPACE' ) );
#111 = PLANE ( 'NONE',  #259 ) ;
#112 = CARTESIAN_POINT ( 'NONE',  ( 1621.000000000000000, -1347.000000000000000, 1249.000000000000000 ) ) ;
#113 = DIRECTION ( 'NONE',  ( 1.000000000000000000, 0.000000000000000000, 0.000000000000000000 ) ) ;
#114 = ORIENTED_EDGE ( 'NONE', *, *, #866, .F. ) ;
#115 = CARTESIAN_POINT ( 'NONE',  ( 1612.000000000000000, -1347.000000000000000, 1042.000000000000000 ) ) ;
#116 = ORIENTED_EDGE ( 'NONE', *, *, #846, .F. ) ;
#117 = VECTOR ( 'NONE', #729, 1000.000000000000000 ) ;
#118 = ADVANCED_FACE ( 'NONE', ( #921 ), #1709, .F. ) ;
#119 = DIRECTION ( 'NONE',  ( -1.000000000000000000, 0.000000000000000000, 0.000000000000000000 ) ) ;
#120 = FACE_OUTER_BOUND ( 'NONE', #1681, .T. ) ;
#121 = FACE_BOUND ( 'NONE', #535, .T. ) ;
#122 = FILL_AREA_STYLE_COLOUR ( '', #611 ) ;
#123 = ORIENTED_EDGE ( 'NONE', *, *, #242, .F. ) ;
#124 = DIRECTION ( 'NONE',  ( 0.000000000000000000, 0.000000000000000000, -1.000000000000000000 ) ) ;
#125 = ORIENTED_EDGE ( 'NONE', *, *, #28, .F. ) ;
#126 = DIRECTION ( 'NONE',  ( 0.000000000000000000, 0.000000000000000000, 1.000000000000000000 ) ) ;
#127 = EDGE_CURVE ( 'NONE', #512, #627, #1047, .T. ) ;
#128 = AXIS2_PLACEMENT_3D ( 'NONE', #538, #929, #796 ) ;
#129 = DIRECTION ( 'NONE',  ( 0.000000000000000000, -1.000000000000000000, 0.000000000000000000 ) ) ;
#130 = LINE ( 'NONE', #531, #1640 ) ;
#131 = VERTEX_POINT ( 'NONE', #1562 ) ;
#132 = CIRCLE ( 'NONE', #583, 6.000000000000021316 ) ;
#133 = ORIENTED_EDGE ( 'NONE', *, *, #566, .T. ) ;
#134 = VECTOR ( 'NONE', #690, 1000.000000000000000 ) ;
#135 = DIRECTION ( 'NONE',  ( 0.000000000000000000, 0.000000000000000000, -1.000000000000000000 ) ) ;
#136 = AXIS2_PLACEMENT_3D ( 'NONE', #1001, #471, #1404 ) ;
#137 = DIRECTION ( 'NONE',  ( -1.000000000000000000, 0.000000000000000000, 0.000000000000000000 ) ) ;
#138 = CARTESIAN_POINT ( 'NONE',  ( 1577.000000000000000, -1372.000000000000000, 1081.290926197000090 ) ) ;
#139 = EDGE_CURVE ( 'NONE', #104, #1129, #664, .T. ) ;
#140 = CARTESIAN_POINT ( 'NONE',  ( 1583.000000000000000, -1347.000000000000000, 1042.000000000000000 ) ) ;
#141 = VERTEX_POINT ( 'NONE', #1579 ) ;
#142 = ORIENTED_EDGE ( 'NONE', *, *, #351, .F. ) ;
#143 = CARTESIAN_POINT ( 'NONE',  ( 1580.000000000000000, -1363.500000000000000, 1229.385974405999832 ) ) ;
#144 = VECTOR ( 'NONE', #1332, 1000.000000000000000 ) ;
#145 = SURFACE_SIDE_STYLE ('',( #984 ) ) ;
#146 = CYLINDRICAL_SURFACE ( 'NONE', #1028, 2.000000000000001776 ) ;
#147 = PRESENTATION_LAYER_ASSIGNMENT (  '', '', ( #657 ) ) ;
#148 = EDGE_CURVE ( 'NONE', #1338, #1187, #4, .T. ) ;
#149 = STYLED_ITEM ( 'NONE', ( #1079 ), #555 ) ;
#150 = VERTEX_POINT ( 'NONE', #532 ) ;
#151 = ADVANCED_BREP_SHAPE_REPRESENTATION ( 'XH-YJ38-LJ-025-A0-ÑÓ³¤¼Ü-×ó', ( #1620, #1361 ), #1097 ) ;
#152 = ORIENTED_EDGE ( 'NONE', *, *, #201, .T. ) ;
#153 = LINE ( 'NONE', #715, #740 ) ;
#154 = STYLED_ITEM ( 'NONE', ( #38 ), #1620 ) ;
#155 = CIRCLE ( 'NONE', #1143, 2.999999999999891642 ) ;
#156 = DIRECTION ( 'NONE',  ( -1.000000000000000000, 0.000000000000000000, 0.000000000000000000 ) ) ;
#157 = LINE ( 'NONE', #1116, #117 ) ;
#158 = ORIENTED_EDGE ( 'NONE', *, *, #1619, .T. ) ;
#159 = EDGE_CURVE ( 'NONE', #512, #487, #938, .T. ) ;
#160 = EDGE_LOOP ( 'NONE', ( #990, #592 ) ) ;
#161 = AXIS2_PLACEMENT_3D ( 'NONE', #480, #355, #1656 ) ;
#162 = EDGE_CURVE ( 'NONE', #52, #1604, #1320, .T. ) ;
#163 = VECTOR ( 'NONE', #1483, 1000.000000000000000 ) ;
#164 = VECTOR ( 'NONE', #251, 1000.000000000000000 ) ;
#165 = DIRECTION ( 'NONE',  ( 1.000000000000000000, 0.000000000000000000, 0.000000000000000000 ) ) ;
#166 = CARTESIAN_POINT ( 'NONE',  ( 1607.000262686999804, -1347.000000000000000, 1106.290926197000090 ) ) ;
#167 = DIRECTION ( 'NONE',  ( -1.000000000000000000, 0.000000000000000000, 0.000000000000000000 ) ) ;
#168 = CARTESIAN_POINT ( 'NONE',  ( 1651.000000000000000, -1393.500000000000000, 1229.385974405999832 ) ) ;
#169 = ORIENTED_EDGE ( 'NONE', *, *, #1044, .T. ) ;
#170 = DIRECTION ( 'NONE',  ( 0.000000000000000000, -1.000000000000000000, 0.000000000000000000 ) ) ;
#171 = EDGE_CURVE ( 'NONE', #343, #677, #1067, .T. ) ;
#172 = LINE ( 'NONE', #1105, #144 ) ;
#173 = AXIS2_PLACEMENT_3D ( 'NONE', #1537, #1049, #520 ) ;
#174 = CARTESIAN_POINT ( 'NONE',  ( 1621.000000000000000, -1391.000000000000000, 1249.000000000000000 ) ) ;
#175 =( NAMED_UNIT ( * ) SI_UNIT ( $, .STERADIAN. ) SOLID_ANGLE_UNIT ( ) );
#176 = ORIENTED_EDGE ( 'NONE', *, *, #750, .F. ) ;
#177 = EDGE_LOOP ( 'NONE', ( #70, #957 ) ) ;
#178 = CYLINDRICAL_SURFACE ( 'NONE', #1374, 4.999999999999893419 ) ;
#179 = VERTEX_POINT ( 'NONE', #268 ) ;
#180 = CARTESIAN_POINT ( 'NONE',  ( 1580.174725892084325, -1351.982938533002198, 1248.908848149345658 ) ) ;
#181 = ADVANCED_FACE ( 'NONE', ( #954 ), #1585, .F. ) ;
#182 = PLANE ( 'NONE',  #1205 ) ;
#183 = PRESENTATION_STYLE_ASSIGNMENT (( #578 ) ) ;
#184 = STYLED_ITEM ( 'NONE', ( #1398 ), #1470 ) ;
#185 = ORIENTED_EDGE ( 'NONE', *, *, #1561, .T. ) ;
#186 = ORIENTED_EDGE ( 'NONE', *, *, #1619, .F. ) ;
#187 = UNCERTAINTY_MEASURE_WITH_UNIT (LENGTH_MEASURE( 1.000000000000000082E-05 ), #595, 'distance_accuracy_value', 'NONE');
#188 = CARTESIAN_POINT ( 'NONE',  ( 1577.000000000000000, -1353.500000000000000, 1239.214718625999922 ) ) ;
#189 = DIRECTION ( 'NONE',  ( 1.000000000000000000, 0.000000000000000000, -0.000000000000000000 ) ) ;
#190 = CARTESIAN_POINT ( 'NONE',  ( 1582.799999999999955, -1363.500000000000000, 1204.000000000000000 ) ) ;
#191 = CARTESIAN_POINT ( 'NONE',  ( 1592.000000001070930, -1350.000000000000000, 1041.999999997818122 ) ) ;
#192 = EDGE_CURVE ( 'NONE', #141, #1426, #497, .T. ) ;
#193 = EDGE_LOOP ( 'NONE', ( #861, #1698, #1031, #333 ) ) ;
#194 = ORIENTED_EDGE ( 'NONE', *, *, #1401, .F. ) ;
#195 = LINE ( 'NONE', #1411, #1605 ) ;
#196 = CARTESIAN_POINT ( 'NONE',  ( 1624.000000000000000, -1372.000000000000000, 1081.290926197000090 ) ) ;
#197 = DIRECTION ( 'NONE',  ( 1.000000000000000000, 0.000000000000000000, 0.000000000000000000 ) ) ;
#198 = LINE ( 'NONE', #607, #1200 ) ;
#199 = SURFACE_STYLE_FILL_AREA ( #1649 ) ;
#200 = ORIENTED_EDGE ( 'NONE', *, *, #750, .T. ) ;
#201 = EDGE_CURVE ( 'NONE', #1384, #1129, #1695, .T. ) ;
#202 = SURFACE_STYLE_USAGE ( .BOTH. , #1261 ) ;
#203 = ORIENTED_EDGE ( 'NONE', *, *, #1078, .F. ) ;
#204 = CARTESIAN_POINT ( 'NONE',  ( 1583.000000000000000, -1397.000000000000000, 1249.000000000000000 ) ) ;
#205 = LINE ( 'NONE', #900, #1394 ) ;
#206 = CARTESIAN_POINT ( 'NONE',  ( 1602.000262687000031, -1350.000000000000000, 1106.290926197000090 ) ) ;
#207 = DIRECTION ( 'NONE',  ( 0.000000000000000000, 1.000000000000000000, 0.000000000000000000 ) ) ;
#208 = PRESENTATION_LAYER_ASSIGNMENT (  '', '', ( #1085 ) ) ;
#209 = VERTEX_POINT ( 'NONE', #1504 ) ;
#210 = PRESENTATION_LAYER_ASSIGNMENT (  '', '', ( #977 ) ) ;
#211 = DIRECTION ( 'NONE',  ( 0.000000000000000000, 0.000000000000000000, 1.000000000000000000 ) ) ;
#212 = EDGE_CURVE ( 'NONE', #512, #677, #1614, .T. ) ;
#213 = VECTOR ( 'NONE', #859, 1000.000000000000000 ) ;
#214 = DIRECTION ( 'NONE',  ( 0.000000000000000000, 1.000000000000000000, 0.000000000000000000 ) ) ;
#215 = CARTESIAN_POINT ( 'NONE',  ( 1583.000000000000000, -1394.000000000000000, 1249.000000000000000 ) ) ;
#216 = VECTOR ( 'NONE', #649, 1000.000000000000000 ) ;
#217 = ORIENTED_EDGE ( 'NONE', *, *, #969, .F. ) ;
#218 = DIRECTION ( 'NONE',  ( 0.000000000000000000, 0.000000000000000000, -1.000000000000000000 ) ) ;
#219 = VECTOR ( 'NONE', #302, 1000.000000000000000 ) ;
#220 = DIRECTION ( 'NONE',  ( 1.000000000000000000, 0.000000000000000000, 0.000000000000000000 ) ) ;
#221 = EDGE_CURVE ( 'NONE', #741, #485, #577, .T. ) ;
#222 = LINE ( 'NONE', #490, #1700 ) ;
#223 = CYLINDRICAL_SURFACE ( 'NONE', #760, 6.000000000000005329 ) ;
#224 = VERTEX_POINT ( 'NONE', #425 ) ;
#225 = CARTESIAN_POINT ( 'NONE',  ( 1583.000000000000000, -1353.000000000000000, 1356.000000000000000 ) ) ;
#226 = ORIENTED_EDGE ( 'NONE', *, *, #834, .F. ) ;
#227 =( GEOMETRIC_REPRESENTATION_CONTEXT ( 3 ) GLOBAL_UNCERTAINTY_ASSIGNED_CONTEXT ( ( #703 ) ) GLOBAL_UNIT_ASSIGNED_CONTEXT ( ( #621, #1003, #91 ) ) REPRESENTATION_CONTEXT ( 'NONE', 'WORKASPACE' ) );
#228 = CARTESIAN_POINT ( 'NONE',  ( 1577.000000000000000, -1353.000000000000000, 1042.000000000000000 ) ) ;
#229 =( LENGTH_UNIT ( ) NAMED_UNIT ( * ) SI_UNIT ( .MILLI., .METRE. ) );
#230 =( NAMED_UNIT ( * ) PLANE_ANGLE_UNIT ( ) SI_UNIT ( $, .RADIAN. ) );
#231 = VERTEX_POINT ( 'NONE', #166 ) ;
#232 = ADVANCED_FACE ( 'NONE', ( #455, #1352 ), #40, .T. ) ;
#233 = AXIS2_PLACEMENT_3D ( 'NONE', #1016, #211, #1159 ) ;
#234 = CARTESIAN_POINT ( 'NONE',  ( 1592.000000000057753, -1394.000000000000455, 1042.000000000250566 ) ) ;
#235 = VERTEX_POINT ( 'NONE', #415 ) ;
#236 = LINE ( 'NONE', #785, #1392 ) ;
#237 = B_SPLINE_SURFACE_WITH_KNOTS ( 'NONE', 3, 1, ( 
 ( #86, #1146 ),
 ( #467, #633 ),
 ( #623, #1526 ),
 ( #348, #234 ) ),
 .UNSPECIFIED., .F., .F., .F.,
 ( 4, 4 ),
 ( 2, 2 ),
 ( 0.006178542876019993933, 0.9937548754672786977 ),
 ( 0.000000000000000000, 1.000000000000000000 ),
 .UNSPECIFIED. ) ;
#238 = ORIENTED_EDGE ( 'NONE', *, *, #834, .T. ) ;
#239 = DIRECTION ( 'NONE',  ( 0.000000000000000000, 1.000000000000000000, 0.000000000000000000 ) ) ;
#240 = CARTESIAN_POINT ( 'NONE',  ( 1651.000000000000000, -1482.000000000000000, 1249.000000000000000 ) ) ;
#241 = CARTESIAN_POINT ( 'NONE',  ( 1592.000000000000000, -1482.000000000000000, 1042.000000000000000 ) ) ;
#242 = EDGE_CURVE ( 'NONE', #89, #399, #865, .T. ) ;
#243 = ORIENTED_EDGE ( 'NONE', *, *, #351, .T. ) ;
#244 = CYLINDRICAL_SURFACE ( 'NONE', #1576, 2.999999999999891642 ) ;
#245 = EDGE_LOOP ( 'NONE', ( #1416, #561, #692, #835 ) ) ;
#246 = LINE ( 'NONE', #934, #1354 ) ;
#247 = DIRECTION ( 'NONE',  ( 0.000000000000000000, 0.000000000000000000, 1.000000000000000000 ) ) ;
#248 = DIRECTION ( 'NONE',  ( 0.000000000000000000, 1.000000000000000000, 0.000000000000000000 ) ) ;
#249 = CIRCLE ( 'NONE', #1156, 2.999999999999891642 ) ;
#250 = PRODUCT ( 'XH-YJ38-LJ-025-A0-ÑÓ³¤¼Ü-×ó', 'XH-YJ38-LJ-025-A0-ÑÓ³¤¼Ü-×ó', '', ( #873 ) ) ;
#251 = DIRECTION ( 'NONE',  ( 1.000000000000000000, 0.000000000000000000, 0.000000000000000000 ) ) ;
#252 = ORIENTED_EDGE ( 'NONE', *, *, #960, .F. ) ;
#253 = EDGE_CURVE ( 'NONE', #702, #35, #1379, .T. ) ;
#254 = CARTESIAN_POINT ( 'NONE',  ( 1583.000000000000000, -1391.000000000000000, 1249.000000000000000 ) ) ;
#255 = ORIENTED_EDGE ( 'NONE', *, *, #1175, .F. ) ;
#256 = DIRECTION ( 'NONE',  ( 0.000000000000000000, 1.000000000000000000, 0.000000000000000000 ) ) ;
#257 = DIRECTION ( 'NONE',  ( 0.000000000000000000, 0.000000000000000000, 1.000000000000000000 ) ) ;
#258 = DIRECTION ( 'NONE',  ( 0.000000000000000000, 0.000000000000000000, -1.000000000000000000 ) ) ;
#259 = AXIS2_PLACEMENT_3D ( 'NONE', #240, #1707, #805 ) ;
#260 = CARTESIAN_POINT ( 'NONE',  ( 1583.000000000000000, -1391.000000000000000, 1356.000000000000000 ) ) ;
#261 = ORIENTED_EDGE ( 'NONE', *, *, #201, .F. ) ;
#262 = ORIENTED_EDGE ( 'NONE', *, *, #452, .T. ) ;
#263 = CARTESIAN_POINT ( 'NONE',  ( 1583.000000000000000, -1397.000000000000000, 1042.000000000000000 ) ) ;
#264 = ADVANCED_FACE ( 'NONE', ( #1616 ), #32, .F. ) ;
#265 = FACE_OUTER_BOUND ( 'NONE', #1315, .T. ) ;
#266 = MECHANICAL_DESIGN_GEOMETRIC_PRESENTATION_REPRESENTATION (  '', ( #977 ), #403 ) ;
#267 = CYLINDRICAL_SURFACE ( 'NONE', #128, 4.999999999999893419 ) ;
#268 = CARTESIAN_POINT ( 'NONE',  ( 1580.000000000000000, -1370.179597152929773, 1248.258144685285743 ) ) ;
#269 = ORIENTED_EDGE ( 'NONE', *, *, #439, .T. ) ;
#270 = VECTOR ( 'NONE', #1081, 1000.000000000000000 ) ;
#271 = ORIENTED_EDGE ( 'NONE', *, *, #371, .T. ) ;
#272 = AXIS2_PLACEMENT_3D ( 'NONE', #1549, #1299, #256 ) ;
#273 = PRESENTATION_LAYER_ASSIGNMENT (  '', '', ( #1037 ) ) ;
#274 = CIRCLE ( 'NONE', #736, 4.999999999999893419 ) ;
#275 = SURFACE_STYLE_USAGE ( .BOTH. , #145 ) ;
#276 = EDGE_CURVE ( 'NONE', #235, #179, #728, .T. ) ;
#277 = SURFACE_STYLE_USAGE ( .BOTH. , #953 ) ;
#278 = PRESENTATION_STYLE_ASSIGNMENT (( #1687 ) ) ;
#279 = ORIENTED_EDGE ( 'NONE', *, *, #846, .T. ) ;
#280 = ORIENTED_EDGE ( 'NONE', *, *, #1295, .T. ) ;
#281 = PRODUCT_DEFINITION_FORMATION_WITH_SPECIFIED_SOURCE ( 'ÈÎºÎ', '', #250, .NOT_KNOWN. ) ;
#282 = DIRECTION ( 'NONE',  ( 0.000000000000000000, 1.000000000000000000, 0.000000000000000000 ) ) ;
#283 = CIRCLE ( 'NONE', #798, 2.999999999999891642 ) ;
#284 = DIRECTION ( 'NONE',  ( -1.000000000000000000, 0.000000000000000000, 0.000000000000000000 ) ) ;
#285 =( LENGTH_UNIT ( ) NAMED_UNIT ( * ) SI_UNIT ( .MILLI., .METRE. ) );
#286 = CARTESIAN_POINT ( 'NONE',  ( 1577.000000000000000, -1357.742640687879884, 1243.457359312199969 ) ) ;
#287 = DIRECTION ( 'NONE',  ( 0.000000000000000000, 0.000000000000000000, 1.000000000000000000 ) ) ;
#288 = EDGE_CURVE ( 'NONE', #150, #1112, #629, .T. ) ;
#289 = LINE ( 'NONE', #1617, #704 ) ;
#290 = EDGE_LOOP ( 'NONE', ( #116, #114 ) ) ;
#291 = CARTESIAN_POINT ( 'NONE',  ( 1583.000000000000000, -1391.000000000000000, 1042.000000000000000 ) ) ;
#292 = DIRECTION ( 'NONE',  ( 1.000000000000000000, 0.000000000000000000, 0.000000000000000000 ) ) ;
#293 = CARTESIAN_POINT ( 'NONE',  ( 1577.032133577010200, -1352.370202362122200, 1248.737823703491131 ) ) ;
#294 = AXIS2_PLACEMENT_3D ( 'NONE', #563, #1224, #1217 ) ;
#295 = CARTESIAN_POINT ( 'NONE',  ( 1577.000000000000000, -1367.000000000000000, 1081.290926197000090 ) ) ;
#296 = CARTESIAN_POINT ( 'NONE',  ( 1605.333333334089502, -1347.000000000000000, 1026.000000000984755 ) ) ;
#297 = FACE_OUTER_BOUND ( 'NONE', #808, .T. ) ;
#298 = ORIENTED_EDGE ( 'NONE', *, *, #811, .F. ) ;
#299 = ADVANCED_FACE ( 'NONE', ( #1342, #1496 ), #182, .F. ) ;
#300 = SURFACE_STYLE_USAGE ( .BOTH. , #1597 ) ;
#301 = CIRCLE ( 'NONE', #442, 4.999999999999893419 ) ;
#302 = DIRECTION ( 'NONE',  ( 0.000000000000000000, 0.000000000000000000, -1.000000000000000000 ) ) ;
#303 = CARTESIAN_POINT ( 'NONE',  ( 1621.000000000000000, -1391.000000000000000, 1042.000000000000000 ) ) ;
#304 = DIRECTION ( 'NONE',  ( 1.000000000000000000, 0.000000000000000000, 0.000000000000000000 ) ) ;
#305 = CARTESIAN_POINT ( 'NONE',  ( 1605.333333334089502, -1350.000000000000000, 1026.000000000984755 ) ) ;
#306 = CARTESIAN_POINT ( 'NONE',  ( 1624.000000000000000, -1377.000000000000000, 1081.290926197000090 ) ) ;
#307 = ORIENTED_EDGE ( 'NONE', *, *, #802, .T. ) ;
#308 =( NAMED_UNIT ( * ) PLANE_ANGLE_UNIT ( ) SI_UNIT ( $, .RADIAN. ) );
#309 = LINE ( 'NONE', #1469, #1280 ) ;
#310 = DIRECTION ( 'NONE',  ( 1.000000000000000000, 0.000000000000000000, 0.000000000000000000 ) ) ;
#311 = CIRCLE ( 'NONE', #564, 4.999999999999893419 ) ;
#312 = CARTESIAN_POINT ( 'NONE',  ( 1592.000000001082299, -1347.000000000000000, 1041.999999997596660 ) ) ;
#313 = CARTESIAN_POINT ( 'NONE',  ( 1621.000000000000000, -1353.000000000000000, 1249.000000000000000 ) ) ;
#314 = CARTESIAN_POINT ( 'NONE',  ( 1627.000000000000000, -1377.000000000000000, 1081.290926197000090 ) ) ;
#315 = ORIENTED_EDGE ( 'NONE', *, *, #1044, .F. ) ;
#316 = DIRECTION ( 'NONE',  ( 0.000000000000000000, -1.000000000000000000, 0.000000000000000000 ) ) ;
#317 = AXIS2_PLACEMENT_3D ( 'NONE', #62, #316, #486 ) ;
#318 = CARTESIAN_POINT ( 'NONE',  ( 1602.000262687000031, -1347.000000000000000, 1056.290926196999862 ) ) ;
#319 = CARTESIAN_POINT ( 'NONE',  ( 1612.000000000052296, -1394.000000000000000, 1041.999999999978400 ) ) ;
#320 = EDGE_CURVE ( 'NONE', #1103, #1345, #132, .T. ) ;
#321 = MECHANICAL_DESIGN_GEOMETRIC_PRESENTATION_REPRESENTATION (  '', ( #770 ), #463 ) ;
#322 = DIRECTION ( 'NONE',  ( 0.000000000000000000, 1.000000000000000000, 0.000000000000000000 ) ) ;
#323 = DIRECTION ( 'NONE',  ( -0.000000000000000000, -1.000000000000000000, -0.000000000000000000 ) ) ;
#324 = ORIENTED_EDGE ( 'NONE', *, *, #1188, .F. ) ;
#325 = CARTESIAN_POINT ( 'NONE',  ( 1577.000000000000000, -1367.000000000000000, 1081.290926197000090 ) ) ;
#326 = PRESENTATION_STYLE_ASSIGNMENT (( #56 ) ) ;
#327 = VECTOR ( 'NONE', #1327, 1000.000000000000000 ) ;
#328 = EDGE_CURVE ( 'NONE', #1009, #599, #814, .T. ) ;
#329 = LINE ( 'NONE', #1511, #3 ) ;
#330 = CARTESIAN_POINT ( 'NONE',  ( 1582.799999999999955, -1359.500000000000000, 1241.700000000000045 ) ) ;
#331 = AXIS2_PLACEMENT_3D ( 'NONE', #659, #119, #1316 ) ;
#332 = SURFACE_STYLE_USAGE ( .BOTH. , #366 ) ;
#333 = ORIENTED_EDGE ( 'NONE', *, *, #1678, .T. ) ;
#334 = B_SPLINE_CURVE_WITH_KNOTS ( 'NONE', 3,
 ( #1218, #1124, #828, #1462, #180, #1246, #574, #10 ),
 .UNSPECIFIED., .F., .F.,
 ( 4, 2, 2, 4 ),
 ( 0.000000000000000000, 0.0004129316079428506912, 0.0008258632158857013824, 0.001651726431771353542 ),
 .UNSPECIFIED. ) ;
#335 = ORIENTED_EDGE ( 'NONE', *, *, #382, .F. ) ;
#336 = SURFACE_STYLE_FILL_AREA ( #1024 ) ;
#337 = CARTESIAN_POINT ( 'NONE',  ( 1607.000262686999804, -1394.000000000000000, 1056.290926196999862 ) ) ;
#338 = LINE ( 'NONE', #769, #947 ) ;
#339 = AXIS2_PLACEMENT_3D ( 'NONE', #1091, #1697, #13 ) ;
#340 =( LENGTH_UNIT ( ) NAMED_UNIT ( * ) SI_UNIT ( .MILLI., .METRE. ) );
#341 = UNCERTAINTY_MEASURE_WITH_UNIT (LENGTH_MEASURE( 1.000000000000000082E-05 ), #976, 'distance_accuracy_value', 'NONE');
#342 = ADVANCED_FACE ( 'NONE', ( #568 ), #1090, .F. ) ;
#343 = VERTEX_POINT ( 'NONE', #698 ) ;
#344 = CARTESIAN_POINT ( 'NONE',  ( 1577.000000000000000, -1357.742640687119774, 1243.457359313119923 ) ) ;
#345 = AXIS2_PLACEMENT_3D ( 'NONE', #1432, #1060, #550 ) ;
#346 = CARTESIAN_POINT ( 'NONE',  ( 1577.000000000000000, -1362.000000000000000, 1206.000000000000000 ) ) ;
#347 = PLANE ( 'NONE',  #696 ) ;
#348 = CARTESIAN_POINT ( 'NONE',  ( 1592.000000000057753, -1397.000000000000000, 1042.000000000250566 ) ) ;
#349 = CIRCLE ( 'NONE', #1482, 4.999999999999893419 ) ;
#350 = VERTEX_POINT ( 'NONE', #295 ) ;
#351 = EDGE_CURVE ( 'NONE', #1345, #1167, #1108, .T. ) ;
#352 = CARTESIAN_POINT ( 'NONE',  ( 1582.799999999999955, -1361.500000000000000, 1159.000000000000000 ) ) ;
#353 = ORIENTED_EDGE ( 'NONE', *, *, #242, .T. ) ;
#354 = AXIS2_PLACEMENT_3D ( 'NONE', #190, #12, #1362 ) ;
#355 = DIRECTION ( 'NONE',  ( -1.000000000000000000, -0.000000000000000000, -0.000000000000000000 ) ) ;
#356 = FILL_AREA_STYLE_COLOUR ( '', #975 ) ;
#357 = AXIS2_PLACEMENT_3D ( 'NONE', #678, #1036, #1540 ) ;
#358 =( LENGTH_UNIT ( ) NAMED_UNIT ( * ) SI_UNIT ( .MILLI., .METRE. ) );
#359 = ORIENTED_EDGE ( 'NONE', *, *, #1388, .T. ) ;
#360 = DIRECTION ( 'NONE',  ( 0.000000000000000000, 0.000000000000000000, -1.000000000000000000 ) ) ;
#361 = EDGE_LOOP ( 'NONE', ( #1173, #654, #1095, #1291 ) ) ;
#362 = CARTESIAN_POINT ( 'NONE',  ( 1592.000000000069804, -1350.000000000000000, 1042.000000000026830 ) ) ;
#363 = CARTESIAN_POINT ( 'NONE',  ( 1612.000000000000000, -1482.000000000000000, 1042.000000000000000 ) ) ;
#364 = DIRECTION ( 'NONE',  ( 1.000000000000000000, 0.000000000000000000, 0.000000000000000000 ) ) ;
#365 = ORIENTED_EDGE ( 'NONE', *, *, #424, .T. ) ;
#366 = SURFACE_SIDE_STYLE ('',( #199 ) ) ;
#367 = ORIENTED_EDGE ( 'NONE', *, *, #1391, .F. ) ;
#368 = DIRECTION ( 'NONE',  ( 0.000000000000000000, 0.000000000000000000, 1.000000000000000000 ) ) ;
#369 = VERTEX_POINT ( 'NONE', #286 ) ;
#370 = LINE ( 'NONE', #1292, #216 ) ;
#371 = EDGE_CURVE ( 'NONE', #1167, #1243, #639, .T. ) ;
#372 = CARTESIAN_POINT ( 'NONE',  ( 1597.000262687000031, -1347.000000000000000, 1056.290926196999862 ) ) ;
#373 = CIRCLE ( 'NONE', #605, 4.999999999999893419 ) ;
#374 = ORIENTED_EDGE ( 'NONE', *, *, #613, .T. ) ;
#375 = DIRECTION ( 'NONE',  ( 0.000000000000000000, 0.000000000000000000, 1.000000000000000000 ) ) ;
#376 = ORIENTED_EDGE ( 'NONE', *, *, #1002, .F. ) ;
#377 = VECTOR ( 'NONE', #1713, 1000.000000000000000 ) ;
#378 = DIRECTION ( 'NONE',  ( -1.000000000000000000, 0.000000000000000000, 0.000000000000000000 ) ) ;
#379 = CARTESIAN_POINT ( 'NONE',  ( 1620.999999999999773, -1394.000000000000000, 1249.000000000000000 ) ) ;
#380 = FACE_OUTER_BOUND ( 'NONE', #1306, .T. ) ;
#381 = DIRECTION ( 'NONE',  ( -1.000000000000000000, -0.000000000000000000, 0.000000000000000000 ) ) ;
#382 = EDGE_CURVE ( 'NONE', #581, #1458, #869, .T. ) ;
#383 = ORIENTED_EDGE ( 'NONE', *, *, #1141, .F. ) ;
#384 = CARTESIAN_POINT ( 'NONE',  ( 1620.999999999999773, -1347.000000000000227, 1249.000000000000000 ) ) ;
#385 = VERTEX_POINT ( 'NONE', #1273 ) ;
#386 = CARTESIAN_POINT ( 'NONE',  ( 1580.000000000000000, -1391.000000000000000, 1249.000000000000000 ) ) ;
#387 = CARTESIAN_POINT ( 'NONE',  ( 1620.999999999999773, -1350.000000000000227, 1042.000000000000000 ) ) ;
#388 = FILL_AREA_STYLE_COLOUR ( '', #1321 ) ;
#389 = VECTOR ( 'NONE', #1106, 1000.000000000000000 ) ;
#390 = DIRECTION ( 'NONE',  ( 1.000000000000000000, 0.000000000000000000, 0.000000000000000000 ) ) ;
#391 = VERTEX_POINT ( 'NONE', #1533 ) ;
#392 = ORIENTED_EDGE ( 'NONE', *, *, #877, .F. ) ;
#393 = EDGE_CURVE ( 'NONE', #487, #150, #1152, .T. ) ;
#394 = AXIS2_PLACEMENT_3D ( 'NONE', #58, #1249, #456 ) ;
#395 = CARTESIAN_POINT ( 'NONE',  ( 1602.000262687000031, -1397.000000000000000, 1106.290926197000090 ) ) ;
#396 = CARTESIAN_POINT ( 'NONE',  ( 1612.000000000000000, -1482.000000000000000, 1042.000000000000000 ) ) ;
#397 = DIRECTION ( 'NONE',  ( 1.000000000000000000, 0.000000000000000000, 0.000000000000000000 ) ) ;
#398 = LINE ( 'NONE', #140, #164 ) ;
#399 = VERTEX_POINT ( 'NONE', #1543 ) ;
#400 = ORIENTED_EDGE ( 'NONE', *, *, #533, .F. ) ;
#401 = EDGE_CURVE ( 'NONE', #1129, #235, #1646, .T. ) ;
#402 = MECHANICAL_DESIGN_GEOMETRIC_PRESENTATION_REPRESENTATION (  '', ( #184 ), #473 ) ;
#403 =( GEOMETRIC_REPRESENTATION_CONTEXT ( 3 ) GLOBAL_UNCERTAINTY_ASSIGNED_CONTEXT ( ( #341 ) ) GLOBAL_UNIT_ASSIGNED_CONTEXT ( ( #976, #308, #705 ) ) REPRESENTATION_CONTEXT ( 'NONE', 'WORKASPACE' ) );
#404 = FILL_AREA_STYLE_COLOUR ( '', #1552 ) ;
#405 =( NAMED_UNIT ( * ) SI_UNIT ( $, .STERADIAN. ) SOLID_ANGLE_UNIT ( ) );
#406 = ORIENTED_EDGE ( 'NONE', *, *, #1002, .T. ) ;
#407 = ORIENTED_EDGE ( 'NONE', *, *, #646, .F. ) ;
#408 = UNCERTAINTY_MEASURE_WITH_UNIT (LENGTH_MEASURE( 1.000000000000000082E-05 ), #285, 'distance_accuracy_value', 'NONE');
#409 = CIRCLE ( 'NONE', #357, 6.000000000000005329 ) ;
#410 = FACE_BOUND ( 'NONE', #290, .T. ) ;
#411 = CARTESIAN_POINT ( 'NONE',  ( 1602.000262687000031, -1347.000000000000000, 1056.290926196999862 ) ) ;
#412 = DIRECTION ( 'NONE',  ( 0.000000000000000000, 0.000000000000000000, 1.000000000000000000 ) ) ;
#413 = EDGE_CURVE ( 'NONE', #1545, #1459, #1636, .T. ) ;
#414 = PRESENTATION_LAYER_ASSIGNMENT (  '', '', ( #1039 ) ) ;
#415 = CARTESIAN_POINT ( 'NONE',  ( 1577.000000000000000, -1370.179597152929773, 1248.258144685285743 ) ) ;
#416 = CARTESIAN_POINT ( 'NONE',  ( 1621.000000000000000, -1353.000000000000000, 1042.000000000000000 ) ) ;
#417 = ORIENTED_EDGE ( 'NONE', *, *, #1464, .F. ) ;
#418 = VERTEX_POINT ( 'NONE', #909 ) ;
#419 =( NAMED_UNIT ( * ) PLANE_ANGLE_UNIT ( ) SI_UNIT ( $, .RADIAN. ) );
#420 = AXIS2_PLACEMENT_3D ( 'NONE', #1555, #88, #1442 ) ;
#421 = DIRECTION ( 'NONE',  ( 0.000000000000000000, -1.000000000000000000, 0.000000000000000000 ) ) ;
#422 = CARTESIAN_POINT ( 'NONE',  ( 1627.000000000000000, -1372.000000000000000, 1081.290926197000090 ) ) ;
#423 = VECTOR ( 'NONE', #1405, 1000.000000000000000 ) ;
#424 = EDGE_CURVE ( 'NONE', #1243, #1364, #1419, .T. ) ;
#425 = CARTESIAN_POINT ( 'NONE',  ( 1627.000000000000000, -1353.000000000000000, 1042.000000000000000 ) ) ;
#426 = DIRECTION ( 'NONE',  ( 0.000000000000000000, 1.000000000000000000, 0.000000000000000000 ) ) ;
#427 = CARTESIAN_POINT ( 'NONE',  ( 1583.000000000000000, -1394.000000000000000, 1249.000000000000000 ) ) ;
#428 = ORIENTED_EDGE ( 'NONE', *, *, #16, .F. ) ;
#429 =( GEOMETRIC_REPRESENTATION_CONTEXT ( 3 ) GLOBAL_UNCERTAINTY_ASSIGNED_CONTEXT ( ( #553 ) ) GLOBAL_UNIT_ASSIGNED_CONTEXT ( ( #1529, #744, #478 ) ) REPRESENTATION_CONTEXT ( 'NONE', 'WORKASPACE' ) );
#430 = PLANE ( 'NONE',  #1029 ) ;
#431 = CYLINDRICAL_SURFACE ( 'NONE', #1621, 4.999999999999893419 ) ;
#432 = CARTESIAN_POINT ( 'NONE',  ( 1577.103117216366172, -1351.884782871789412, 1248.937382716212369 ) ) ;
#433 = AXIS2_PLACEMENT_3D ( 'NONE', #1438, #1447, #1056 ) ;
#434 = CARTESIAN_POINT ( 'NONE',  ( 1597.000262686999804, -1397.000000000000000, 1056.290926196999862 ) ) ;
#435 = CARTESIAN_POINT ( 'NONE',  ( 1620.999999999999773, -1397.000000000000000, 1042.000000000000000 ) ) ;
#436 = EDGE_CURVE ( 'NONE', #837, #350, #912, .T. ) ;
#437 = LINE ( 'NONE', #980, #48 ) ;
#438 = ORIENTED_EDGE ( 'NONE', *, *, #1655, .T. ) ;
#439 = EDGE_CURVE ( 'NONE', #477, #1169, #329, .T. ) ;
#440 = VECTOR ( 'NONE', #1626, 1000.000000000000000 ) ;
#441 = SURFACE_STYLE_FILL_AREA ( #17 ) ;
#442 = AXIS2_PLACEMENT_3D ( 'NONE', #1204, #378, #239 ) ;
#443 = FILL_AREA_STYLE_COLOUR ( '', #509 ) ;
#444 = CARTESIAN_POINT ( 'NONE',  ( 1624.000000000000000, -1391.000000000000000, 1042.000000000000000 ) ) ;
#445 = CIRCLE ( 'NONE', #108, 4.999999999999893419 ) ;
#446 = DIRECTION ( 'NONE',  ( 0.000000000000000000, -1.000000000000000000, 3.700743415417185102E-14 ) ) ;
#447 = CARTESIAN_POINT ( 'NONE',  ( 1598.666666667093978, -1350.000000000000000, 1025.999999999944521 ) ) ;
#448 = STYLED_ITEM ( 'NONE', ( #1669 ), #743 ) ;
#449 = EDGE_LOOP ( 'NONE', ( #683, #1433 ) ) ;
#450 = MECHANICAL_DESIGN_GEOMETRIC_PRESENTATION_REPRESENTATION (  '', ( #1710 ), #1126 ) ;
#451 = ORIENTED_EDGE ( 'NONE', *, *, #276, .T. ) ;
#452 = EDGE_CURVE ( 'NONE', #741, #1604, #457, .T. ) ;
#453 = FILL_AREA_STYLE ('',( #443 ) ) ;
#454 = CIRCLE ( 'NONE', #339, 4.999999999999893419 ) ;
#455 = FACE_BOUND ( 'NONE', #177, .T. ) ;
#456 = DIRECTION ( 'NONE',  ( 0.000000000000000000, 1.000000000000000000, 0.000000000000000000 ) ) ;
#457 = CIRCLE ( 'NONE', #1448, 4.999999999999893419 ) ;
#458 = EDGE_LOOP ( 'NONE', ( #1581, #367 ) ) ;
#459 = VERTEX_POINT ( 'NONE', #614 ) ;
#460 = LINE ( 'NONE', #1122, #888 ) ;
#461 = EDGE_CURVE ( 'NONE', #231, #1612, #205, .T. ) ;
#462 = CARTESIAN_POINT ( 'NONE',  ( 1598.666666671812663, -1397.000000000000000, 1025.999999987128376 ) ) ;
#463 =( GEOMETRIC_REPRESENTATION_CONTEXT ( 3 ) GLOBAL_UNCERTAINTY_ASSIGNED_CONTEXT ( ( #1157 ) ) GLOBAL_UNIT_ASSIGNED_CONTEXT ( ( #1235, #833, #175 ) ) REPRESENTATION_CONTEXT ( 'NONE', 'WORKASPACE' ) );
#464 = CARTESIAN_POINT ( 'NONE',  ( 1577.000000000000000, -1372.000000000000000, 1081.290926197000090 ) ) ;
#465 = SURFACE_STYLE_FILL_AREA ( #50 ) ;
#466 = B_SPLINE_CURVE_WITH_KNOTS ( 'NONE', 3,
 ( #29, #1233, #1125, #293, #1625, #708, #432, #548, #829, #1114 ),
 .UNSPECIFIED., .F., .F.,
 ( 4, 2, 2, 2, 4 ),
 ( 0.000000000000000000, 0.0003952799019768065119, 0.0007905598039536130238, 0.001185839705930419536, 0.001581119607907226048 ),
 .UNSPECIFIED. ) ;
#467 = CARTESIAN_POINT ( 'NONE',  ( 1605.333333266981299, -1396.999999999999545, 1026.000000000174396 ) ) ;
#468 = ORIENTED_EDGE ( 'NONE', *, *, #544, .T. ) ;
#469 = CARTESIAN_POINT ( 'NONE',  ( 1580.000000000000000, -1391.000000000000000, 1042.000000000000000 ) ) ;
#470 = MECHANICAL_DESIGN_GEOMETRIC_PRESENTATION_REPRESENTATION (  '', ( #579 ), #1645 ) ;
#471 = DIRECTION ( 'NONE',  ( 0.000000000000000000, 1.000000000000000000, 0.000000000000000000 ) ) ;
#472 = AXIS2_PLACEMENT_3D ( 'NONE', #174, #1234, #1241 ) ;
#473 =( GEOMETRIC_REPRESENTATION_CONTEXT ( 3 ) GLOBAL_UNCERTAINTY_ASSIGNED_CONTEXT ( ( #1596 ) ) GLOBAL_UNIT_ASSIGNED_CONTEXT ( ( #85, #230, #902 ) ) REPRESENTATION_CONTEXT ( 'NONE', 'WORKASPACE' ) );
#474 = CLOSED_SHELL ( 'NONE', ( #716, #658, #181, #1470, #1378, #72, #1530, #555, #61, #1512, #342, #600, #542, #84, #1493, #1131, #1231, #93, #1307, #118, #1501, #1644, #476, #232, #299, #30, #1346, #1199, #1223, #1107, #264, #1590, #1609, #758, #743, #1055, #483, #1012, #972, #1633, #1539 ) ) ;
#475 = DIRECTION ( 'NONE',  ( 0.000000000000000000, -1.000000000000000000, 0.000000000000000000 ) ) ;
#476 = ADVANCED_FACE ( 'NONE', ( #1144, #1171 ), #1524, .F. ) ;
#477 = VERTEX_POINT ( 'NONE', #762 ) ;
#478 =( NAMED_UNIT ( * ) SI_UNIT ( $, .STERADIAN. ) SOLID_ANGLE_UNIT ( ) );
#479 = CARTESIAN_POINT ( 'NONE',  ( 1597.000262686999804, -1350.000000000000000, 1106.290926197000090 ) ) ;
#480 = CARTESIAN_POINT ( 'NONE',  ( 1577.000000000000000, -1371.734290676067985, 1247.000000000000000 ) ) ;
#481 = CARTESIAN_POINT ( 'NONE',  ( 1621.000000000000000, -1391.000000000000000, 1206.000000000000000 ) ) ;
#482 = VECTOR ( 'NONE', #1202, 1000.000000000000000 ) ;
#483 = ADVANCED_FACE ( 'NONE', ( #1026 ), #630, .F. ) ;
#484 = SURFACE_SIDE_STYLE ('',( #1407 ) ) ;
#485 = VERTEX_POINT ( 'NONE', #747 ) ;
#486 = DIRECTION ( 'NONE',  ( 1.000000000000000000, 0.000000000000000000, 0.000000000000000000 ) ) ;
#487 = VERTEX_POINT ( 'NONE', #66 ) ;
#488 = CARTESIAN_POINT ( 'NONE',  ( 1611.999999899897148, -1397.000000000000227, 1041.999999759605998 ) ) ;
#489 = DIRECTION ( 'NONE',  ( 0.000000000000000000, -1.000000000000000000, 0.000000000000000000 ) ) ;
#490 = CARTESIAN_POINT ( 'NONE',  ( 1621.000000000000000, -1394.000000000000000, 1249.000000000000000 ) ) ;
#491 = PLANE ( 'NONE',  #1436 ) ;
#492 = EDGE_CURVE ( 'NONE', #648, #632, #606, .T. ) ;
#493 = VERTEX_POINT ( 'NONE', #1455 ) ;
#494 = FACE_OUTER_BOUND ( 'NONE', #867, .T. ) ;
#495 = ORIENTED_EDGE ( 'NONE', *, *, #1357, .F. ) ;
#496 = CARTESIAN_POINT ( 'NONE',  ( 1605.333333333382143, -1394.000000000000000, 1025.999999999299007 ) ) ;
#497 = CIRCLE ( 'NONE', #19, 4.999999999999893419 ) ;
#498 = FILL_AREA_STYLE ('',( #1265 ) ) ;
#499 = EDGE_LOOP ( 'NONE', ( #1652, #307, #801, #625 ) ) ;
#500 = SURFACE_STYLE_USAGE ( .BOTH. , #484 ) ;
#501 = ORIENTED_EDGE ( 'NONE', *, *, #107, .T. ) ;
#502 = CARTESIAN_POINT ( 'NONE',  ( 1583.000000000000000, -1394.000000000000000, 1042.000000000000000 ) ) ;
#503 = ORIENTED_EDGE ( 'NONE', *, *, #782, .T. ) ;
#504 = AXIS2_PLACEMENT_3D ( 'NONE', #1225, #421, #967 ) ;
#505 = EDGE_CURVE ( 'NONE', #1103, #1366, #669, .T. ) ;
#506 = DIRECTION ( 'NONE',  ( 0.000000000000000000, -1.000000000000000000, 0.000000000000000000 ) ) ;
#507 = B_SPLINE_SURFACE_WITH_KNOTS ( 'NONE', 3, 1, ( 
 ( #718, #699 ),
 ( #305, #296 ),
 ( #447, #995 ),
 ( #191, #1227 ) ),
 .UNSPECIFIED., .F., .F., .F.,
 ( 4, 4 ),
 ( 2, 2 ),
 ( 0.006178537930457386057, 0.9937548754172416121 ),
 ( 0.000000000000000000, 1.000000000000000000 ),
 .UNSPECIFIED. ) ;
#508 = ORIENTED_EDGE ( 'NONE', *, *, #620, .T. ) ;
#509 = COLOUR_RGB ( '',0.6274509803921568540, 0.6274509803921568540, 0.6431372549019607199 ) ;
#510 = ORIENTED_EDGE ( 'NONE', *, *, #424, .F. ) ;
#511 = DIRECTION ( 'NONE',  ( 0.000000000000000000, 0.000000000000000000, 1.000000000000000000 ) ) ;
#512 = VERTEX_POINT ( 'NONE', #387 ) ;
#513 = DIRECTION ( 'NONE',  ( -1.000000000000000000, 0.000000000000000000, 0.000000000000000000 ) ) ;
#514 = EDGE_CURVE ( 'NONE', #1083, #527, #1206, .T. ) ;
#515 = CARTESIAN_POINT ( 'NONE',  ( 1583.000000000000000, -1347.000000000000000, 1042.000000000000000 ) ) ;
#516 = CARTESIAN_POINT ( 'NONE',  ( 1624.000000000000000, -1367.000000000000000, 1081.290926197000090 ) ) ;
#517 = AXIS2_PLACEMENT_3D ( 'NONE', #1383, #1393, #218 ) ;
#518 = CARTESIAN_POINT ( 'NONE',  ( 1624.000000000000000, -1391.000000000000000, 1042.000000000000000 ) ) ;
#519 = EDGE_LOOP ( 'NONE', ( #904, #1573, #1148, #1528 ) ) ;
#520 = DIRECTION ( 'NONE',  ( 0.000000000000000000, 1.000000000000000000, 0.000000000000000000 ) ) ;
#521 = ORIENTED_EDGE ( 'NONE', *, *, #1304, .T. ) ;
#522 = PRESENTATION_LAYER_ASSIGNMENT (  '', '', ( #609 ) ) ;
#523 = DIRECTION ( 'NONE',  ( 0.000000000000000000, 0.000000000000000000, -1.000000000000000000 ) ) ;
#524 = CYLINDRICAL_SURFACE ( 'NONE', #1610, 4.999999999999893419 ) ;
#525 = EDGE_CURVE ( 'NONE', #1184, #1169, #546, .T. ) ;
#526 = CYLINDRICAL_SURFACE ( 'NONE', #1615, 2.999999999999891642 ) ;
#527 = VERTEX_POINT ( 'NONE', #530 ) ;
#528 = ORIENTED_EDGE ( 'NONE', *, *, #941, .F. ) ;
#529 = CARTESIAN_POINT ( 'NONE',  ( 1612.000000000052296, -1394.000000000000000, 1041.999999999978400 ) ) ;
#530 = CARTESIAN_POINT ( 'NONE',  ( 1607.000262686999804, -1397.000000000000000, 1106.290926197000090 ) ) ;
#531 = CARTESIAN_POINT ( 'NONE',  ( 1577.000000000000000, -1363.500000000000000, 1229.385974405999832 ) ) ;
#532 = CARTESIAN_POINT ( 'NONE',  ( 1612.000000000052751, -1347.000000000000000, 1041.999999999979309 ) ) ;
#533 = EDGE_CURVE ( 'NONE', #1187, #784, #952, .T. ) ;
#534 = ORIENTED_EDGE ( 'NONE', *, *, #16, .T. ) ;
#535 = EDGE_LOOP ( 'NONE', ( #252, #324 ) ) ;
#536 = FILL_AREA_STYLE_COLOUR ( '', #1567 ) ;
#537 = CARTESIAN_POINT ( 'NONE',  ( 1607.000262686999804, -1394.000000000000000, 1106.290926197000090 ) ) ;
#538 = CARTESIAN_POINT ( 'NONE',  ( 1577.000000000000000, -1372.000000000000000, 1081.290926197000090 ) ) ;
#539 = DIRECTION ( 'NONE',  ( -0.000000000000000000, -1.000000000000000000, -0.000000000000000000 ) ) ;
#540 = AXIS2_PLACEMENT_3D ( 'NONE', #352, #1254, #601 ) ;
#541 = EDGE_LOOP ( 'NONE', ( #1203, #315 ) ) ;
#542 = ADVANCED_FACE ( 'NONE', ( #640 ), #111, .T. ) ;
#543 = ORIENTED_EDGE ( 'NONE', *, *, #706, .T. ) ;
#544 = EDGE_CURVE ( 'NONE', #1244, #1661, #1577, .T. ) ;
#545 = CARTESIAN_POINT ( 'NONE',  ( 1627.000000000000000, -1391.000000000000000, 1042.000000000000000 ) ) ;
#546 =( BOUNDED_CURVE ( )  B_SPLINE_CURVE ( 3, ( #1701, #1072, #661, #1583 ),
 .UNSPECIFIED., .F., .T. ) 
 B_SPLINE_CURVE_WITH_KNOTS ( ( 4, 4 ),
 ( 4.712388980382209880, 4.748098829790063036 ),
 .UNSPECIFIED. ) 
 CURVE ( )  GEOMETRIC_REPRESENTATION_ITEM ( )  RATIONAL_B_SPLINE_CURVE ( ( 1.000000000000000000, 0.9998937367110306562, 0.9998937367110306562, 1.000000000000000000 ) ) 
 REPRESENTATION_ITEM ( '' )  );
#547 =( NAMED_UNIT ( * ) SI_UNIT ( $, .STERADIAN. ) SOLID_ANGLE_UNIT ( ) );
#548 = CARTESIAN_POINT ( 'NONE',  ( 1577.157017351929426, -1351.630149796029855, 1248.987454217250161 ) ) ;
#549 = CARTESIAN_POINT ( 'NONE',  ( 1627.000000000000000, -1362.000000000000000, 1206.000000000000000 ) ) ;
#550 = DIRECTION ( 'NONE',  ( -1.000000000000000000, 0.000000000000000000, 0.000000000000000000 ) ) ;
#551 = ORIENTED_EDGE ( 'NONE', *, *, #1175, .T. ) ;
#552 = EDGE_LOOP ( 'NONE', ( #158, #521, #374, #60 ) ) ;
#553 = UNCERTAINTY_MEASURE_WITH_UNIT (LENGTH_MEASURE( 1.000000000000000082E-05 ), #1529, 'distance_accuracy_value', 'NONE');
#554 = CIRCLE ( 'NONE', #1515, 4.999999999999893419 ) ;
#555 = ADVANCED_FACE ( 'NONE', ( #943, #1212, #265 ), #1064, .T. ) ;
#556 = CARTESIAN_POINT ( 'NONE',  ( 1583.000000000000000, -1391.000000000000000, 1249.000000000000000 ) ) ;
#557 = FACE_BOUND ( 'NONE', #691, .T. ) ;
#558 = CIRCLE ( 'NONE', #504, 4.999999999999893419 ) ;
#559 = DIRECTION ( 'NONE',  ( 0.000000000000000000, -1.000000000000000000, 0.000000000000000000 ) ) ;
#560 = CARTESIAN_POINT ( 'NONE',  ( 1580.000000000000000, -1353.000000000000000, 1042.000000000000000 ) ) ;
#561 = ORIENTED_EDGE ( 'NONE', *, *, #1260, .T. ) ;
#562 = ORIENTED_EDGE ( 'NONE', *, *, #602, .F. ) ;
#563 = CARTESIAN_POINT ( 'NONE',  ( 1602.000262687000031, -1394.000000000000000, 1056.290926196999862 ) ) ;
#564 = AXIS2_PLACEMENT_3D ( 'NONE', #979, #1257, #426 ) ;
#565 = CARTESIAN_POINT ( 'NONE',  ( 1607.000262686999804, -1394.000000000000000, 1056.290926196999862 ) ) ;
#566 = EDGE_CURVE ( 'NONE', #1209, #1338, #1301, .T. ) ;
#567 = CARTESIAN_POINT ( 'NONE',  ( 1620.999999999999773, -1397.000000000000000, 1249.000000000000000 ) ) ;
#568 = FACE_OUTER_BOUND ( 'NONE', #1520, .T. ) ;
#569 = DIRECTION ( 'NONE',  ( 1.000000000000000000, 0.000000000000000000, 0.000000000000000000 ) ) ;
#570 = LINE ( 'NONE', #427, #1650 ) ;
#571 = ORIENTED_EDGE ( 'NONE', *, *, #793, .F. ) ;
#572 = AXIS2_PLACEMENT_3D ( 'NONE', #416, #511, #636 ) ;
#573 = CARTESIAN_POINT ( 'NONE',  ( 1620.999999999999773, -1347.000000000000227, 1042.000000000000000 ) ) ;
#574 = CARTESIAN_POINT ( 'NONE',  ( 1580.021769245775658, -1352.588662456332486, 1248.611337543668014 ) ) ;
#575 = DIRECTION ( 'NONE',  ( 0.000000000000000000, 1.000000000000000000, 0.000000000000000000 ) ) ;
#576 = MECHANICAL_DESIGN_GEOMETRIC_PRESENTATION_REPRESENTATION (  '', ( #609 ), #727 ) ;
#577 = LINE ( 'NONE', #1600, #440 ) ;
#578 = SURFACE_STYLE_USAGE ( .BOTH. , #1004 ) ;
#579 = STYLED_ITEM ( 'NONE', ( #937 ), #1530 ) ;
#580 = EDGE_CURVE ( 'NONE', #1565, #1345, #1693, .T. ) ;
#581 = VERTEX_POINT ( 'NONE', #379 ) ;
#582 = ORIENTED_EDGE ( 'NONE', *, *, #1369, .F. ) ;
#583 = AXIS2_PLACEMENT_3D ( 'NONE', #988, #717, #1481 ) ;
#584 = DIRECTION ( 'NONE',  ( 0.000000000000000000, 1.000000000000000000, 0.000000000000000000 ) ) ;
#585 = DIRECTION ( 'NONE',  ( 0.000000000000000000, 0.000000000000000000, 1.000000000000000000 ) ) ;
#586 = DIRECTION ( 'NONE',  ( -1.000000000000000000, 0.000000000000000000, 0.000000000000000000 ) ) ;
#587 = VECTOR ( 'NONE', #804, 1000.000000000000000 ) ;
#588 = APPLICATION_CONTEXT ( 'automotive_design' ) ;
#589 = CARTESIAN_POINT ( 'NONE',  ( 1583.000000000000000, -1347.000000000000000, 1249.000000000000000 ) ) ;
#590 = AXIS2_PLACEMENT_3D ( 'NONE', #411, #959, #1624 ) ;
#591 = ORIENTED_EDGE ( 'NONE', *, *, #1088, .F. ) ;
#592 = ORIENTED_EDGE ( 'NONE', *, *, #706, .F. ) ;
#593 = EDGE_CURVE ( 'NONE', #224, #1243, #928, .T. ) ;
#594 = LINE ( 'NONE', #344, #998 ) ;
#595 =( LENGTH_UNIT ( ) NAMED_UNIT ( * ) SI_UNIT ( .MILLI., .METRE. ) );
#596 = CARTESIAN_POINT ( 'NONE',  ( 1627.000000000000000, -1353.000000000000000, 1249.000000000000000 ) ) ;
#597 = FILL_AREA_STYLE_COLOUR ( '', #1498 ) ;
#598 = ORIENTED_EDGE ( 'NONE', *, *, #1271, .F. ) ;
#599 = VERTEX_POINT ( 'NONE', #795 ) ;
#600 = ADVANCED_FACE ( 'NONE', ( #120 ), #1318, .T. ) ;
#601 = DIRECTION ( 'NONE',  ( -1.000000000000000000, 0.000000000000000000, 0.000000000000000000 ) ) ;
#602 = EDGE_CURVE ( 'NONE', #385, #459, #172, .T. ) ;
#603 = CIRCLE ( 'NONE', #1557, 4.999999999999893419 ) ;
#604 = SURFACE_STYLE_FILL_AREA ( #64 ) ;
#605 = AXIS2_PLACEMENT_3D ( 'NONE', #75, #1421, #1172 ) ;
#606 = LINE ( 'NONE', #337, #858 ) ;
#607 = CARTESIAN_POINT ( 'NONE',  ( 1621.000000000000000, -1350.000000000000000, 1249.000000000000000 ) ) ;
#608 = MECHANICAL_DESIGN_GEOMETRIC_PRESENTATION_REPRESENTATION (  '', ( #154 ), #1403 ) ;
#609 = STYLED_ITEM ( 'NONE', ( #1238 ), #972 ) ;
#610 = ORIENTED_EDGE ( 'NONE', *, *, #1021, .T. ) ;
#611 = COLOUR_RGB ( '',0.6274509803921568540, 0.6274509803921568540, 0.6431372549019607199 ) ;
#612 = CARTESIAN_POINT ( 'NONE',  ( 1591.999999729191813, -1397.000000000000000, 1042.000000000000000 ) ) ;
#613 = EDGE_CURVE ( 'NONE', #385, #1195, #687, .T. ) ;
#614 = CARTESIAN_POINT ( 'NONE',  ( 1580.000000000000000, -1359.500000000000000, 1159.000000000000000 ) ) ;
#615 = CARTESIAN_POINT ( 'NONE',  ( 1597.000262687000031, -1397.000000000000000, 1056.290926196999862 ) ) ;
#616 = MECHANICAL_DESIGN_GEOMETRIC_PRESENTATION_REPRESENTATION (  '', ( #1039 ), #985 ) ;
#617 = ORIENTED_EDGE ( 'NONE', *, *, #212, .T. ) ;
#618 = ORIENTED_EDGE ( 'NONE', *, *, #761, .T. ) ;
#619 = DIRECTION ( 'NONE',  ( 0.000000000000000000, 0.000000000000000000, -1.000000000000000000 ) ) ;
#620 = EDGE_CURVE ( 'NONE', #792, #1431, #283, .T. ) ;
#621 =( LENGTH_UNIT ( ) NAMED_UNIT ( * ) SI_UNIT ( .MILLI., .METRE. ) );
#622 = DIRECTION ( 'NONE',  ( 0.000000000000000000, -0.7071067811865475727, 0.7071067811865475727 ) ) ;
#623 = CARTESIAN_POINT ( 'NONE',  ( 1598.666666633032946, -1396.999999999999773, 1026.000000080069185 ) ) ;
#624 = AXIS2_PLACEMENT_3D ( 'NONE', #1134, #475, #197 ) ;
#625 = ORIENTED_EDGE ( 'NONE', *, *, #602, .T. ) ;
#626 = CARTESIAN_POINT ( 'NONE',  ( 1577.000000000000000, -1372.000000000000000, 1081.290926197000090 ) ) ;
#627 = VERTEX_POINT ( 'NONE', #724 ) ;
#628 = SURFACE_STYLE_FILL_AREA ( #1509 ) ;
#629 = B_SPLINE_CURVE_WITH_KNOTS ( 'NONE', 3,
 ( #970, #962, #1607, #312 ),
 .UNSPECIFIED., .F., .F.,
 ( 4, 4 ),
 ( 0.006178537930801162280, 0.9937548753632348131 ),
 .UNSPECIFIED. ) ;
#630 = CYLINDRICAL_SURFACE ( 'NONE', #624, 4.999999999999893419 ) ;
#631 = CYLINDRICAL_SURFACE ( 'NONE', #1092, 4.999999999999893419 ) ;
#632 = VERTEX_POINT ( 'NONE', #37 ) ;
#633 = CARTESIAN_POINT ( 'NONE',  ( 1605.333333266981299, -1394.000000000000000, 1026.000000000174396 ) ) ;
#634 = EDGE_CURVE ( 'NONE', #1366, #477, #334, .T. ) ;
#635 = EDGE_LOOP ( 'NONE', ( #1068, #667, #280, #78 ) ) ;
#636 = DIRECTION ( 'NONE',  ( 1.000000000000000000, 0.000000000000000000, 0.000000000000000000 ) ) ;
#637 = ORIENTED_EDGE ( 'NONE', *, *, #1260, .F. ) ;
#638 = CARTESIAN_POINT ( 'NONE',  ( 1583.000000000000000, -1397.000000000000000, 1145.500000000000227 ) ) ;
#639 = CIRCLE ( 'NONE', #1589, 6.000000000000005329 ) ;
#640 = FACE_OUTER_BOUND ( 'NONE', #1546, .T. ) ;
#641 = ORIENTED_EDGE ( 'NONE', *, *, #670, .F. ) ;
#642 = COLOUR_RGB ( '',0.6274509803921568540, 0.6274509803921568540, 0.6431372549019607199 ) ;
#643 = FILL_AREA_STYLE_COLOUR ( '', #642 ) ;
#644 = VECTOR ( 'NONE', #99, 1000.000000000000000 ) ;
#645 = ORIENTED_EDGE ( 'NONE', *, *, #1250, .F. ) ;
#646 = EDGE_CURVE ( 'NONE', #1209, #1431, #46, .T. ) ;
#647 = LINE ( 'NONE', #1564, #1629 ) ;
#648 = VERTEX_POINT ( 'NONE', #565 ) ;
#649 = DIRECTION ( 'NONE',  ( 0.000000000000000000, 0.000000000000000000, -1.000000000000000000 ) ) ;
#650 = DIRECTION ( 'NONE',  ( 1.000000000000000000, 0.000000000000000000, 0.000000000000000000 ) ) ;
#651 = FACE_OUTER_BOUND ( 'NONE', #1229, .T. ) ;
#652 = CARTESIAN_POINT ( 'NONE',  ( 1580.000000000000000, -1372.000000000000000, 1081.290926197000090 ) ) ;
#653 = AXIS2_PLACEMENT_3D ( 'NONE', #626, #1425, #1194 ) ;
#654 = ORIENTED_EDGE ( 'NONE', *, *, #1571, .T. ) ;
#655 = CARTESIAN_POINT ( 'NONE',  ( 1591.999999729191813, -1397.000000000000000, 1042.000000000000000 ) ) ;
#656 = EDGE_LOOP ( 'NONE', ( #255, #1410, #1038, #1628, #243, #185 ) ) ;
#657 = STYLED_ITEM ( 'NONE', ( #890 ), #483 ) ;
#658 = ADVANCED_FACE ( 'NONE', ( #1613 ), #1606, .F. ) ;
#659 = CARTESIAN_POINT ( 'NONE',  ( 1580.000000000000000, -1393.500000000000000, 1229.385974405999832 ) ) ;
#660 = EDGE_CURVE ( 'NONE', #1364, #1040, #707, .T. ) ;
#661 = CARTESIAN_POINT ( 'NONE',  ( 1577.001275193346373, -1352.857164396908502, 1248.342835603091316 ) ) ;
#662 = LINE ( 'NONE', #112, #695 ) ;
#663 = CIRCLE ( 'NONE', #722, 6.000000000000056843 ) ;
#664 = LINE ( 'NONE', #1465, #701 ) ;
#665 = ORIENTED_EDGE ( 'NONE', *, *, #1692, .T. ) ;
#666 = LINE ( 'NONE', #115, #1109 ) ;
#667 = ORIENTED_EDGE ( 'NONE', *, *, #1664, .F. ) ;
#668 = CARTESIAN_POINT ( 'NONE',  ( 1580.000000000000000, -1353.000000000000000, 1248.200000000000045 ) ) ;
#669 = LINE ( 'NONE', #1568, #1264 ) ;
#670 = EDGE_CURVE ( 'NONE', #1215, #1059, #309, .T. ) ;
#671 = FACE_OUTER_BOUND ( 'NONE', #1665, .T. ) ;
#672 = MECHANICAL_DESIGN_GEOMETRIC_PRESENTATION_REPRESENTATION (  '', ( #1063 ), #1536 ) ;
#673 = FILL_AREA_STYLE ('',( #122 ) ) ;
#674 = CIRCLE ( 'NONE', #898, 4.999999999999893419 ) ;
#675 =( GEOMETRIC_REPRESENTATION_CONTEXT ( 3 ) GLOBAL_UNCERTAINTY_ASSIGNED_CONTEXT ( ( #755 ) ) GLOBAL_UNIT_ASSIGNED_CONTEXT ( ( #340, #1166, #1005 ) ) REPRESENTATION_CONTEXT ( 'NONE', 'WORKASPACE' ) );
#676 = ORIENTED_EDGE ( 'NONE', *, *, #1430, .F. ) ;
#677 = VERTEX_POINT ( 'NONE', #848 ) ;
#678 = CARTESIAN_POINT ( 'NONE',  ( 1583.000000000000000, -1391.000000000000000, 1042.000000000000000 ) ) ;
#679 = B_SPLINE_CURVE_WITH_KNOTS ( 'NONE', 3,
 ( #1052, #1699, #1706, #926 ),
 .UNSPECIFIED., .F., .F.,
 ( 4, 4 ),
 ( 0.006178537930790358422, 0.9937548754632317127 ),
 .UNSPECIFIED. ) ;
#680 = SURFACE_STYLE_FILL_AREA ( #1325 ) ;
#681 = SURFACE_SIDE_STYLE ('',( #1570 ) ) ;
#682 = ORIENTED_EDGE ( 'NONE', *, *, #1165, .T. ) ;
#683 = ORIENTED_EDGE ( 'NONE', *, *, #436, .F. ) ;
#684 = UNCERTAINTY_MEASURE_WITH_UNIT (LENGTH_MEASURE( 1.000000000000000082E-05 ), #1360, 'distance_accuracy_value', 'NONE');
#685 = VECTOR ( 'NONE', #1297, 1000.000000000000000 ) ;
#686 = DIRECTION ( 'NONE',  ( -1.000000000000000000, 0.000000000000000000, 0.000000000000000000 ) ) ;
#687 = LINE ( 'NONE', #839, #826 ) ;
#688 = DIRECTION ( 'NONE',  ( 1.000000000000000000, 0.000000000000000000, 0.000000000000000000 ) ) ;
#689 = VECTOR ( 'NONE', #650, 1000.000000000000000 ) ;
#690 = DIRECTION ( 'NONE',  ( 0.000000000000000000, 0.000000000000000000, 1.000000000000000000 ) ) ;
#691 = EDGE_LOOP ( 'NONE', ( #964, #817 ) ) ;
#692 = ORIENTED_EDGE ( 'NONE', *, *, #1326, .F. ) ;
#693 = EDGE_CURVE ( 'NONE', #1184, #369, #153, .T. ) ;
#694 = PRESENTATION_STYLE_ASSIGNMENT (( #1349 ) ) ;
#695 = VECTOR ( 'NONE', #1578, 1000.000000000000000 ) ;
#696 = AXIS2_PLACEMENT_3D ( 'NONE', #876, #1387, #1406 ) ;
#697 = DIRECTION ( 'NONE',  ( 0.000000000000000000, -0.7071067811924730551, -0.7071067811806219794 ) ) ;
#698 = CARTESIAN_POINT ( 'NONE',  ( 1624.000000000000000, -1353.000000000000000, 1249.000000000000000 ) ) ;
#699 = CARTESIAN_POINT ( 'NONE',  ( 1612.000000000112095, -1347.000000000000000, 1041.999999999974989 ) ) ;
#700 = ORIENTED_EDGE ( 'NONE', *, *, #127, .T. ) ;
#701 = VECTOR ( 'NONE', #381, 1000.000000000000000 ) ;
#702 = VERTEX_POINT ( 'NONE', #1232 ) ;
#703 = UNCERTAINTY_MEASURE_WITH_UNIT (LENGTH_MEASURE( 1.000000000000000082E-05 ), #621, 'distance_accuracy_value', 'NONE');
#704 = VECTOR ( 'NONE', #323, 1000.000000000000000 ) ;
#705 =( NAMED_UNIT ( * ) SI_UNIT ( $, .STERADIAN. ) SOLID_ANGLE_UNIT ( ) );
#706 = EDGE_CURVE ( 'NONE', #89, #632, #558, .T. ) ;
#707 = LINE ( 'NONE', #1487, #219 ) ;
#708 = CARTESIAN_POINT ( 'NONE',  ( 1577.081096291502490, -1352.009232254529252, 1248.900156382302839 ) ) ;
#709 = DIRECTION ( 'NONE',  ( -1.000000000000000000, 0.000000000000000000, 0.000000000000000000 ) ) ;
#710 = DIRECTION ( 'NONE',  ( -0.000000000000000000, 1.000000000000000000, -0.000000000000000000 ) ) ;
#711 = DIRECTION ( 'NONE',  ( 1.000000000000000000, 0.000000000000000000, 0.000000000000000000 ) ) ;
#712 = ORIENTED_EDGE ( 'NONE', *, *, #1519, .T. ) ;
#713 = FACE_BOUND ( 'NONE', #160, .T. ) ;
#714 = VECTOR ( 'NONE', #375, 1000.000000000000000 ) ;
#715 = CARTESIAN_POINT ( 'NONE',  ( 1577.000000000000000, -1353.000000000000000, 1248.199999999919783 ) ) ;
#716 = ADVANCED_FACE ( 'NONE', ( #1239 ), #431, .F. ) ;
#717 = DIRECTION ( 'NONE',  ( 0.000000000000000000, 0.000000000000000000, -1.000000000000000000 ) ) ;
#718 = CARTESIAN_POINT ( 'NONE',  ( 1612.000000000112095, -1350.000000000000000, 1041.999999999974989 ) ) ;
#719 = ORIENTED_EDGE ( 'NONE', *, *, #192, .T. ) ;
#720 = VERTEX_POINT ( 'NONE', #204 ) ;
#721 = UNCERTAINTY_MEASURE_WITH_UNIT (LENGTH_MEASURE( 1.000000000000000082E-05 ), #229, 'distance_accuracy_value', 'NONE');
#722 = AXIS2_PLACEMENT_3D ( 'NONE', #188, #1277, #734 ) ;
#723 = ORIENTED_EDGE ( 'NONE', *, *, #371, .F. ) ;
#724 = CARTESIAN_POINT ( 'NONE',  ( 1620.999999999999773, -1350.000000000000227, 1249.000000000000000 ) ) ;
#725 = COLOUR_RGB ( '',0.6274509803921568540, 0.6274509803921568540, 0.6431372549019607199 ) ;
#726 = EDGE_CURVE ( 'NONE', #102, #931, #1386, .T. ) ;
#727 =( GEOMETRIC_REPRESENTATION_CONTEXT ( 3 ) GLOBAL_UNCERTAINTY_ASSIGNED_CONTEXT ( ( #77 ) ) GLOBAL_UNIT_ASSIGNED_CONTEXT ( ( #1096, #419, #853 ) ) REPRESENTATION_CONTEXT ( 'NONE', 'WORKASPACE' ) );
#728 = LINE ( 'NONE', #1220, #213 ) ;
#729 = DIRECTION ( 'NONE',  ( 0.000000000000000000, -1.000000000000000000, 0.000000000000000000 ) ) ;
#730 = PRESENTATION_LAYER_ASSIGNMENT (  '', '', ( #579 ) ) ;
#731 = ORIENTED_EDGE ( 'NONE', *, *, #1250, .T. ) ;
#732 = ORIENTED_EDGE ( 'NONE', *, *, #811, .T. ) ;
#733 = PRESENTATION_LAYER_ASSIGNMENT (  '', '', ( #1063 ) ) ;
#734 = DIRECTION ( 'NONE',  ( 0.000000000000000000, -0.7071067816057863276, 0.7071067807673088179 ) ) ;
#735 = COLOUR_RGB ( '',0.6274509803921568540, 0.6274509803921568540, 0.6431372549019607199 ) ;
#736 = AXIS2_PLACEMENT_3D ( 'NONE', #942, #810, #135 ) ;
#737 = FACE_OUTER_BOUND ( 'NONE', #1102, .T. ) ;
#738 = SURFACE_STYLE_FILL_AREA ( #498 ) ;
#739 = CARTESIAN_POINT ( 'NONE',  ( 1580.480431564852779, -1351.371572875253605, 1249.000000000000000 ) ) ;
#740 = VECTOR ( 'NONE', #697, 1000.000000000000000 ) ;
#741 = VERTEX_POINT ( 'NONE', #73 ) ;
#742 = ORIENTED_EDGE ( 'NONE', *, *, #726, .T. ) ;
#743 = ADVANCED_FACE ( 'NONE', ( #737 ), #1643, .F. ) ;
#744 =( NAMED_UNIT ( * ) PLANE_ANGLE_UNIT ( ) SI_UNIT ( $, .RADIAN. ) );
#745 = DIRECTION ( 'NONE',  ( -1.000000000000000000, 0.000000000000000000, 0.000000000000000000 ) ) ;
#746 = VECTOR ( 'NONE', #287, 1000.000000000000000 ) ;
#747 = CARTESIAN_POINT ( 'NONE',  ( 1607.000262686999804, -1350.000000000000000, 1056.290926196999862 ) ) ;
#748 = CARTESIAN_POINT ( 'NONE',  ( 1597.000262686999804, -1394.000000000000000, 1106.290926197000090 ) ) ;
#749 = ORIENTED_EDGE ( 'NONE', *, *, #492, .T. ) ;
#750 = EDGE_CURVE ( 'NONE', #1187, #1244, #1051, .T. ) ;
#751 = PRESENTATION_STYLE_ASSIGNMENT (( #90 ) ) ;
#752 = AXIS2_PLACEMENT_3D ( 'NONE', #1608, #850, #1363 ) ;
#753 = DIRECTION ( 'NONE',  ( 1.000000000000000000, 0.000000000000000000, 0.000000000000000000 ) ) ;
#754 = DIRECTION ( 'NONE',  ( -1.000000000000000000, 0.000000000000000000, 0.000000000000000000 ) ) ;
#755 = UNCERTAINTY_MEASURE_WITH_UNIT (LENGTH_MEASURE( 1.000000000000000082E-05 ), #340, 'distance_accuracy_value', 'NONE');
#756 = ORIENTED_EDGE ( 'NONE', *, *, #439, .F. ) ;
#757 = DIRECTION ( 'NONE',  ( 0.000000000000000000, 1.000000000000000000, 0.000000000000000000 ) ) ;
#758 = ADVANCED_FACE ( 'NONE', ( #864 ), #1522, .F. ) ;
#759 = SURFACE_SIDE_STYLE ('',( #336 ) ) ;
#760 = AXIS2_PLACEMENT_3D ( 'NONE', #771, #1535, #1174 ) ;
#761 = EDGE_CURVE ( 'NONE', #418, #45, #445, .T. ) ;
#762 = CARTESIAN_POINT ( 'NONE',  ( 1580.007657681732326, -1352.785786437626712, 1248.414213562373334 ) ) ;
#763 = DIRECTION ( 'NONE',  ( 0.000000000000000000, -1.000000000000000000, 0.000000000000000000 ) ) ;
#764 = CARTESIAN_POINT ( 'NONE',  ( 1580.007657681732326, -1352.785786437626712, 1248.414213562373334 ) ) ;
#765 = ORIENTED_EDGE ( 'NONE', *, *, #951, .F. ) ;
#766 = CARTESIAN_POINT ( 'NONE',  ( 1577.000000000000000, -1359.500000000000000, 1239.214718625999922 ) ) ;
#767 = CARTESIAN_POINT ( 'NONE',  ( 1597.000262686999804, -1397.000000000000000, 1106.290926197000090 ) ) ;
#768 = EDGE_CURVE ( 'NONE', #1587, #209, #63, .T. ) ;
#769 = CARTESIAN_POINT ( 'NONE',  ( 1577.000000000000000, -1391.000000000000000, 1042.000000000000000 ) ) ;
#770 = STYLED_ITEM ( 'NONE', ( #183 ), #1378 ) ;
#771 = CARTESIAN_POINT ( 'NONE',  ( 1583.000000000000000, -1391.000000000000000, 1206.000000000000000 ) ) ;
#772 = VECTOR ( 'NONE', #83, 1000.000000000000000 ) ;
#773 = VERTEX_POINT ( 'NONE', #362 ) ;
#774 = DIRECTION ( 'NONE',  ( 1.000000000000000000, 0.000000000000000000, 0.000000000000000000 ) ) ;
#775 = ORIENTED_EDGE ( 'NONE', *, *, #1430, .T. ) ;
#776 = LINE ( 'NONE', #1427, #644 ) ;
#777 = APPLICATION_PROTOCOL_DEFINITION ( 'draft international standard', 'automotive_design', 1998, #588 ) ;
#778 = CIRCLE ( 'NONE', #517, 4.999999999999893419 ) ;
#779 = SURFACE_SIDE_STYLE ('',( #680 ) ) ;
#780 = DIRECTION ( 'NONE',  ( 0.000000000000000000, 1.000000000000000000, 0.000000000000000000 ) ) ;
#781 = ORIENTED_EDGE ( 'NONE', *, *, #393, .T. ) ;
#782 = EDGE_CURVE ( 'NONE', #720, #784, #1417, .T. ) ;
#783 = FACE_BOUND ( 'NONE', #69, .T. ) ;
#784 = VERTEX_POINT ( 'NONE', #263 ) ;
#785 = CARTESIAN_POINT ( 'NONE',  ( 1624.000000000000000, -1391.000000000000000, 1042.000000000000000 ) ) ;
#786 = ORIENTED_EDGE ( 'NONE', *, *, #660, .T. ) ;
#787 = DIRECTION ( 'NONE',  ( 0.000000000000000000, 0.000000000000000000, -1.000000000000000000 ) ) ;
#788 = DIRECTION ( 'NONE',  ( -1.000000000000000000, 0.000000000000000000, 0.000000000000000000 ) ) ;
#789 = CARTESIAN_POINT ( 'NONE',  ( 1602.000262687000031, -1347.000000000000000, 1106.290926197000090 ) ) ;
#790 = ORIENTED_EDGE ( 'NONE', *, *, #1153, .F. ) ;
#791 = CYLINDRICAL_SURFACE ( 'NONE', #653, 4.999999999999893419 ) ;
#792 = VERTEX_POINT ( 'NONE', #386 ) ;
#793 = EDGE_CURVE ( 'NONE', #773, #487, #679, .T. ) ;
#794 = CARTESIAN_POINT ( 'NONE',  ( 1580.000000000000000, -1359.500000000000000, 1159.000000000000000 ) ) ;
#795 = CARTESIAN_POINT ( 'NONE',  ( 1580.000000000000000, -1357.742640687689800, 1243.457359312410063 ) ) ;
#796 = DIRECTION ( 'NONE',  ( 0.000000000000000000, 1.000000000000000000, 0.000000000000000000 ) ) ;
#797 =( NAMED_UNIT ( * ) PLANE_ANGLE_UNIT ( ) SI_UNIT ( $, .RADIAN. ) );
#798 = AXIS2_PLACEMENT_3D ( 'NONE', #556, #1367, #1113 ) ;
#799 = ORIENTED_EDGE ( 'NONE', *, *, #413, .F. ) ;
#800 = LINE ( 'NONE', #105, #714 ) ;
#801 = ORIENTED_EDGE ( 'NONE', *, *, #613, .F. ) ;
#802 = EDGE_CURVE ( 'NONE', #1595, #1195, #1445, .T. ) ;
#803 = VECTOR ( 'NONE', #137, 1000.000000000000000 ) ;
#804 = DIRECTION ( 'NONE',  ( 0.000000000000000000, 0.000000000000000000, -1.000000000000000000 ) ) ;
#805 = DIRECTION ( 'NONE',  ( 1.000000000000000000, 0.000000000000000000, 0.000000000000000000 ) ) ;
#806 = CARTESIAN_POINT ( 'NONE',  ( 1607.000262686999804, -1350.000000000000000, 1106.290926197000090 ) ) ;
#807 = CARTESIAN_POINT ( 'NONE',  ( 1621.000000000000000, -1350.000000000000000, 1042.000000000000000 ) ) ;
#808 = EDGE_LOOP ( 'NONE', ( #823, #451, #238, #186 ) ) ;
#809 = ORIENTED_EDGE ( 'NONE', *, *, #1452, .T. ) ;
#810 = DIRECTION ( 'NONE',  ( 0.000000000000000000, -1.000000000000000000, 0.000000000000000000 ) ) ;
#811 = EDGE_CURVE ( 'NONE', #1661, #931, #776, .T. ) ;
#812 = CARTESIAN_POINT ( 'NONE',  ( 1587.500000000025011, -1397.000000000000000, 1042.000000000000000 ) ) ;
#813 = FILL_AREA_STYLE ('',( #1456 ) ) ;
#814 = CIRCLE ( 'NONE', #1460, 6.000000000000005329 ) ;
#815 = DIRECTION ( 'NONE',  ( -1.000000000000000000, 0.000000000000000000, 0.000000000000000000 ) ) ;
#816 = VERTEX_POINT ( 'NONE', #228 ) ;
#817 = ORIENTED_EDGE ( 'NONE', *, *, #192, .F. ) ;
#818 = CARTESIAN_POINT ( 'NONE',  ( 1602.000262687000031, -1394.000000000000000, 1106.290926197000090 ) ) ;
#819 = COLOUR_RGB ( '',0.6274509803921568540, 0.6274509803921568540, 0.6431372549019607199 ) ;
#820 =( NAMED_UNIT ( * ) PLANE_ANGLE_UNIT ( ) SI_UNIT ( $, .RADIAN. ) );
#821 = EDGE_CURVE ( 'NONE', #391, #1356, #1591, .T. ) ;
#822 = DIRECTION ( 'NONE',  ( 0.000000000000000000, -1.000000000000000000, 0.000000000000000000 ) ) ;
#823 = ORIENTED_EDGE ( 'NONE', *, *, #855, .T. ) ;
#824 = ORIENTED_EDGE ( 'NONE', *, *, #593, .F. ) ;
#825 = PRODUCT_DEFINITION_CONTEXT ( 'detailed design', #588, 'design' ) ;
#826 = VECTOR ( 'NONE', #284, 1000.000000000000000 ) ;
#827 = CARTESIAN_POINT ( 'NONE',  ( 1602.000262687000031, -1347.000000000000000, 1106.290926197000090 ) ) ;
#828 = CARTESIAN_POINT ( 'NONE',  ( 1580.338440675497623, -1351.609103198147068, 1248.989794089602128 ) ) ;
#829 = CARTESIAN_POINT ( 'NONE',  ( 1577.188940952572466, -1351.500183748786412, 1249.000000000000227 ) ) ;
#830 = MECHANICAL_DESIGN_GEOMETRIC_PRESENTATION_REPRESENTATION (  '', ( #149 ), #1133 ) ;
#831 = CARTESIAN_POINT ( 'NONE',  ( 1621.000000000000000, -1353.000000000000000, 1249.000000000000000 ) ) ;
#832 = VECTOR ( 'NONE', #870, 1000.000000000000000 ) ;
#833 =( NAMED_UNIT ( * ) PLANE_ANGLE_UNIT ( ) SI_UNIT ( $, .RADIAN. ) );
#834 = EDGE_CURVE ( 'NONE', #179, #1006, #1094, .T. ) ;
#835 = ORIENTED_EDGE ( 'NONE', *, *, #969, .T. ) ;
#836 = CIRCLE ( 'NONE', #1480, 4.999999999999893419 ) ;
#837 = VERTEX_POINT ( 'NONE', #1558 ) ;
#838 = FILL_AREA_STYLE_COLOUR ( '', #1347 ) ;
#839 = CARTESIAN_POINT ( 'NONE',  ( 1580.000000000000000, -1363.500000000000000, 1159.000000000000000 ) ) ;
#840 = CARTESIAN_POINT ( 'NONE',  ( 1580.000000000000000, -1362.000000000000000, 1356.000000000000000 ) ) ;
#841 = DIRECTION ( 'NONE',  ( 0.000000000000000000, 0.000000000000000000, -1.000000000000000000 ) ) ;
#842 = CARTESIAN_POINT ( 'NONE',  ( 1627.000000000000000, -1391.000000000000000, 1249.000000000000000 ) ) ;
#843 = CYLINDRICAL_SURFACE ( 'NONE', #1147, 30.00000000000002842 ) ;
#844 = MECHANICAL_DESIGN_GEOMETRIC_PRESENTATION_REPRESENTATION (  '', ( #1676 ), #675 ) ;
#845 = ORIENTED_EDGE ( 'NONE', *, *, #393, .F. ) ;
#846 = EDGE_CURVE ( 'NONE', #527, #1545, #554, .T. ) ;
#847 = CARTESIAN_POINT ( 'NONE',  ( 1580.000000000000000, -1370.799999999999955, 1249.000000000000000 ) ) ;
#848 = CARTESIAN_POINT ( 'NONE',  ( 1624.000000000000000, -1353.000000000000000, 1042.000000000000000 ) ) ;
#849 = DIRECTION ( 'NONE',  ( 0.000000000000000000, 1.000000000000000000, 0.000000000000000000 ) ) ;
#850 = DIRECTION ( 'NONE',  ( 1.000000000000000000, 0.000000000000000000, 0.000000000000000000 ) ) ;
#851 = AXIS2_PLACEMENT_3D ( 'NONE', #422, #165, #857 ) ;
#852 = ORIENTED_EDGE ( 'NONE', *, *, #1214, .T. ) ;
#853 =( NAMED_UNIT ( * ) SI_UNIT ( $, .STERADIAN. ) SOLID_ANGLE_UNIT ( ) );
#854 = VECTOR ( 'NONE', #1627, 1000.000000000000000 ) ;
#855 = EDGE_CURVE ( 'NONE', #1492, #235, #1010, .T. ) ;
#856 =( LENGTH_UNIT ( ) NAMED_UNIT ( * ) SI_UNIT ( .MILLI., .METRE. ) );
#857 = DIRECTION ( 'NONE',  ( 0.000000000000000000, -1.000000000000000000, 0.000000000000000000 ) ) ;
#858 = VECTOR ( 'NONE', #883, 1000.000000000000000 ) ;
#859 = DIRECTION ( 'NONE',  ( 1.000000000000000000, 0.000000000000000000, 0.000000000000000000 ) ) ;
#860 = EDGE_LOOP ( 'NONE', ( #25, #852, #981, #1514 ) ) ;
#861 = ORIENTED_EDGE ( 'NONE', *, *, #660, .F. ) ;
#862 = CIRCLE ( 'NONE', #8, 6.000000000000005329 ) ;
#863 = PRESENTATION_STYLE_ASSIGNMENT (( #202 ) ) ;
#864 = FACE_OUTER_BOUND ( 'NONE', #860, .T. ) ;
#865 = LINE ( 'NONE', #434, #896 ) ;
#866 = EDGE_CURVE ( 'NONE', #1545, #527, #674, .T. ) ;
#867 = EDGE_LOOP ( 'NONE', ( #591, #871, #1252, #1328 ) ) ;
#868 = ORIENTED_EDGE ( 'NONE', *, *, #1179, .T. ) ;
#869 = CIRCLE ( 'NONE', #472, 2.999999999999891642 ) ;
#870 = DIRECTION ( 'NONE',  ( 1.000000000000000000, 0.000000000000000000, 0.000000000000000000 ) ) ;
#871 = ORIENTED_EDGE ( 'NONE', *, *, #1099, .T. ) ;
#872 =( NAMED_UNIT ( * ) SI_UNIT ( $, .STERADIAN. ) SOLID_ANGLE_UNIT ( ) );
#873 = PRODUCT_CONTEXT ( 'NONE', #1473, 'mechanical' ) ;
#874 = AXIS2_PLACEMENT_3D ( 'NONE', #1324, #1043, #1682 ) ;
#875 = DIRECTION ( 'NONE',  ( -1.000000000000000000, -0.000000000000000000, -0.000000000000000000 ) ) ;
#876 = CARTESIAN_POINT ( 'NONE',  ( 1651.000000000000000, -1482.000000000000000, 1042.000000000000000 ) ) ;
#877 = EDGE_CURVE ( 'NONE', #459, #1009, #109, .T. ) ;
#878 = FILL_AREA_STYLE_COLOUR ( '', #735 ) ;
#879 = ORIENTED_EDGE ( 'NONE', *, *, #1153, .T. ) ;
#880 = DIRECTION ( 'NONE',  ( 0.000000000000000000, 0.000000000000000000, 1.000000000000000000 ) ) ;
#881 = VERTEX_POINT ( 'NONE', #668 ) ;
#882 =( NAMED_UNIT ( * ) PLANE_ANGLE_UNIT ( ) SI_UNIT ( $, .RADIAN. ) );
#883 = DIRECTION ( 'NONE',  ( 0.000000000000000000, -1.000000000000000000, 0.000000000000000000 ) ) ;
#884 = SURFACE_STYLE_USAGE ( .BOTH. , #1684 ) ;
#885 = CARTESIAN_POINT ( 'NONE',  ( 2742.000000000000000, -1347.000000000000000, -250.0000000000000000 ) ) ;
#886 = EDGE_LOOP ( 'NONE', ( #1178, #845, #571, #1484 ) ) ;
#887 = DIRECTION ( 'NONE',  ( -1.000000000000000000, 0.000000000000000000, 0.000000000000000000 ) ) ;
#888 = VECTOR ( 'NONE', #999, 1000.000000000000000 ) ;
#889 = DIRECTION ( 'NONE',  ( 0.000000000000000000, 1.000000000000000000, 0.000000000000000000 ) ) ;
#890 = PRESENTATION_STYLE_ASSIGNMENT (( #57 ) ) ;
#891 = CARTESIAN_POINT ( 'NONE',  ( 1624.000000000000000, -1372.000000000000000, 1081.290926197000090 ) ) ;
#892 = VECTOR ( 'NONE', #1551, 1000.000000000000000 ) ;
#893 = FACE_BOUND ( 'NONE', #458, .T. ) ;
#894 = EDGE_LOOP ( 'NONE', ( #543, #1400, #1176, #123 ) ) ;
#895 = FACE_OUTER_BOUND ( 'NONE', #911, .T. ) ;
#896 = VECTOR ( 'NONE', #1370, 1000.000000000000000 ) ;
#897 = EDGE_CURVE ( 'NONE', #792, #1059, #370, .T. ) ;
#898 = AXIS2_PLACEMENT_3D ( 'NONE', #1435, #506, #523 ) ;
#899 = FILL_AREA_STYLE_COLOUR ( '', #903 ) ;
#900 = CARTESIAN_POINT ( 'NONE',  ( 1607.000262686999804, -1347.000000000000000, 1106.290926197000090 ) ) ;
#901 = AXIS2_PLACEMENT_3D ( 'NONE', #318, #1634, #1385 ) ;
#902 =( NAMED_UNIT ( * ) SI_UNIT ( $, .STERADIAN. ) SOLID_ANGLE_UNIT ( ) );
#903 = COLOUR_RGB ( '',0.6274509803921568540, 0.6274509803921568540, 0.6431372549019607199 ) ;
#904 = ORIENTED_EDGE ( 'NONE', *, *, #1391, .T. ) ;
#905 = LINE ( 'NONE', #766, #482 ) ;
#906 = EDGE_LOOP ( 'NONE', ( #1119, #756, #973, #1441 ) ) ;
#907 = FACE_OUTER_BOUND ( 'NONE', #1259, .T. ) ;
#908 = EDGE_CURVE ( 'NONE', #1323, #1244, #1211, .T. ) ;
#909 = CARTESIAN_POINT ( 'NONE',  ( 1624.000000000000000, -1367.000000000000000, 1081.290926197000090 ) ) ;
#910 = DIRECTION ( 'NONE',  ( -1.000000000000000000, 0.000000000000000000, 0.000000000000000000 ) ) ;
#911 = EDGE_LOOP ( 'NONE', ( #1251, #271, #824, #868 ) ) ;
#912 = CIRCLE ( 'NONE', #1311, 4.999999999999893419 ) ;
#913 = ORIENTED_EDGE ( 'NONE', *, *, #941, .T. ) ;
#914 = VECTOR ( 'NONE', #247, 1000.000000000000000 ) ;
#915 = DIRECTION ( 'NONE',  ( 0.000000000000000000, 0.000000000000000000, -1.000000000000000000 ) ) ;
#916 = ORIENTED_EDGE ( 'NONE', *, *, #139, .F. ) ;
#917 = DIRECTION ( 'NONE',  ( 0.000000000000000000, -1.000000000000000000, 0.000000000000000000 ) ) ;
#918 = CARTESIAN_POINT ( 'NONE',  ( 1592.000000000000000, -1394.000000000000000, 1356.000000000000000 ) ) ;
#919 = FACE_BOUND ( 'NONE', #1372, .T. ) ;
#920 = EDGE_CURVE ( 'NONE', #350, #837, #301, .T. ) ;
#921 = FACE_OUTER_BOUND ( 'NONE', #1623, .T. ) ;
#922 = CIRCLE ( 'NONE', #1343, 4.999999999999893419 ) ;
#923 = ORIENTED_EDGE ( 'NONE', *, *, #1099, .F. ) ;
#924 = DIRECTION ( 'NONE',  ( 0.000000000000000000, 0.000000000000000000, -1.000000000000000000 ) ) ;
#925 = ORIENTED_EDGE ( 'NONE', *, *, #148, .T. ) ;
#926 = CARTESIAN_POINT ( 'NONE',  ( 1612.000000000052751, -1350.000000000000000, 1041.999999999979309 ) ) ;
#927 = AXIS2_PLACEMENT_3D ( 'NONE', #1100, #709, #1248 ) ;
#928 = LINE ( 'NONE', #1437, #914 ) ;
#929 = DIRECTION ( 'NONE',  ( 1.000000000000000000, 0.000000000000000000, 0.000000000000000000 ) ) ;
#930 = EDGE_CURVE ( 'NONE', #141, #837, #246, .T. ) ;
#931 = VERTEX_POINT ( 'NONE', #1308 ) ;
#932 = FACE_OUTER_BOUND ( 'NONE', #1373, .T. ) ;
#933 = ORIENTED_EDGE ( 'NONE', *, *, #908, .F. ) ;
#934 = CARTESIAN_POINT ( 'NONE',  ( 1580.000000000000000, -1377.000000000000000, 1081.290926197000090 ) ) ;
#935 = PRODUCT_DEFINITION_SHAPE ( 'NONE', 'NONE',  #1527 ) ;
#936 =( NAMED_UNIT ( * ) PLANE_ANGLE_UNIT ( ) SI_UNIT ( $, .RADIAN. ) );
#937 = PRESENTATION_STYLE_ASSIGNMENT (( #1080 ) ) ;
#938 = LINE ( 'NONE', #946, #327 ) ;
#939 = EDGE_LOOP ( 'NONE', ( #1022, #1283, #169, #799 ) ) ;
#940 = ORIENTED_EDGE ( 'NONE', *, *, #855, .F. ) ;
#941 = EDGE_CURVE ( 'NONE', #1661, #1338, #18, .T. ) ;
#942 = CARTESIAN_POINT ( 'NONE',  ( 1602.000262687000031, -1350.000000000000000, 1056.290926196999862 ) ) ;
#943 = FACE_BOUND ( 'NONE', #541, .T. ) ;
#944 = CARTESIAN_POINT ( 'NONE',  ( 1597.000262687000031, -1397.000000000000000, 1106.290926197000090 ) ) ;
#945 = AXIS2_PLACEMENT_3D ( 'NONE', #1033, #963, #360 ) ;
#946 = CARTESIAN_POINT ( 'NONE',  ( 1621.000000000000000, -1350.000000000000000, 1042.000000000000000 ) ) ;
#947 = VECTOR ( 'NONE', #780, 1000.000000000000000 ) ;
#948 = ORIENTED_EDGE ( 'NONE', *, *, #670, .T. ) ;
#949 = ORIENTED_EDGE ( 'NONE', *, *, #1271, .T. ) ;
#950 = CARTESIAN_POINT ( 'NONE',  ( 1580.000000000000000, -1359.500000000000000, 1239.214718625999922 ) ) ;
#951 = EDGE_CURVE ( 'NONE', #1184, #816, #1566, .T. ) ;
#952 = LINE ( 'NONE', #812, #803 ) ;
#953 = SURFACE_SIDE_STYLE ('',( #1584 ) ) ;
#954 = FACE_OUTER_BOUND ( 'NONE', #1639, .T. ) ;
#955 = PRESENTATION_LAYER_ASSIGNMENT (  '', '', ( #1676 ) ) ;
#956 = ORIENTED_EDGE ( 'NONE', *, *, #1207, .F. ) ;
#957 = ORIENTED_EDGE ( 'NONE', *, *, #1420, .F. ) ;
#958 = MECHANICAL_DESIGN_GEOMETRIC_PRESENTATION_REPRESENTATION (  '', ( #448 ), #110 ) ;
#959 = DIRECTION ( 'NONE',  ( 0.000000000000000000, -1.000000000000000000, 0.000000000000000000 ) ) ;
#960 = EDGE_CURVE ( 'NONE', #52, #485, #274, .T. ) ;
#961 = CARTESIAN_POINT ( 'NONE',  ( 1580.000000000000000, -1359.500000000000000, 1239.214718625999922 ) ) ;
#962 = CARTESIAN_POINT ( 'NONE',  ( 1605.333333334449662, -1347.000000000000000, 1026.000000001859917 ) ) ;
#963 = DIRECTION ( 'NONE',  ( 0.000000000000000000, -1.000000000000000000, 0.000000000000000000 ) ) ;
#964 = ORIENTED_EDGE ( 'NONE', *, *, #1335, .F. ) ;
#965 = ORIENTED_EDGE ( 'NONE', *, *, #634, .T. ) ;
#966 = CARTESIAN_POINT ( 'NONE',  ( 1592.000000000000000, -1397.000000000000000, 1206.000000000000000 ) ) ;
#967 = DIRECTION ( 'NONE',  ( 0.000000000000000000, 0.000000000000000000, -1.000000000000000000 ) ) ;
#968 = DIRECTION ( 'NONE',  ( 0.000000000000000000, -1.000000000000000000, 0.000000000000000000 ) ) ;
#969 = EDGE_CURVE ( 'NONE', #493, #784, #409, .T. ) ;
#970 = CARTESIAN_POINT ( 'NONE',  ( 1612.000000000052751, -1347.000000000000000, 1041.999999999979309 ) ) ;
#971 = CARTESIAN_POINT ( 'NONE',  ( 1592.000000000000000, -1350.000000000000000, 1042.000000000000000 ) ) ;
#972 = ADVANCED_FACE ( 'NONE', ( #907, #713, #410 ), #430, .F. ) ;
#973 = ORIENTED_EDGE ( 'NONE', *, *, #634, .F. ) ;
#974 = ORIENTED_EDGE ( 'NONE', *, *, #930, .F. ) ;
#975 = COLOUR_RGB ( '',0.6274509803921568540, 0.6274509803921568540, 0.6431372549019607199 ) ;
#976 =( LENGTH_UNIT ( ) NAMED_UNIT ( * ) SI_UNIT ( .MILLI., .METRE. ) );
#977 = STYLED_ITEM ( 'NONE', ( #694 ), #1012 ) ;
#978 = DIRECTION ( 'NONE',  ( 0.000000000000000000, 1.000000000000000000, 0.000000000000000000 ) ) ;
#979 = CARTESIAN_POINT ( 'NONE',  ( 1580.000000000000000, -1372.000000000000000, 1081.290926197000090 ) ) ;
#980 = CARTESIAN_POINT ( 'NONE',  ( 1580.000000000000000, -1359.500000000000000, 1159.000000000000000 ) ) ;
#981 = ORIENTED_EDGE ( 'NONE', *, *, #39, .F. ) ;
#982 = EDGE_CURVE ( 'NONE', #1209, #1059, #155, .T. ) ;
#983 = FILL_AREA_STYLE ('',( #536 ) ) ;
#984 = SURFACE_STYLE_FILL_AREA ( #453 ) ;
#985 =( GEOMETRIC_REPRESENTATION_CONTEXT ( 3 ) GLOBAL_UNCERTAINTY_ASSIGNED_CONTEXT ( ( #187 ) ) GLOBAL_UNIT_ASSIGNED_CONTEXT ( ( #595, #882, #1286 ) ) REPRESENTATION_CONTEXT ( 'NONE', 'WORKASPACE' ) );
#986 =( NAMED_UNIT ( * ) SI_UNIT ( $, .STERADIAN. ) SOLID_ANGLE_UNIT ( ) );
#987 = PRESENTATION_LAYER_ASSIGNMENT (  '', '', ( #1710 ) ) ;
#988 = CARTESIAN_POINT ( 'NONE',  ( 1583.000000000000000, -1353.000000000000000, 1249.000000000000000 ) ) ;
#989 = FACE_OUTER_BOUND ( 'NONE', #886, .T. ) ;
#990 = ORIENTED_EDGE ( 'NONE', *, *, #1440, .F. ) ;
#991 = ORIENTED_EDGE ( 'NONE', *, *, #1088, .T. ) ;
#992 = AXIS2_PLACEMENT_3D ( 'NONE', #1197, #20, #292 ) ;
#993 = MECHANICAL_DESIGN_GEOMETRIC_PRESENTATION_REPRESENTATION (  '', ( #657 ), #227 ) ;
#994 = DIRECTION ( 'NONE',  ( 0.000000000000000000, 0.000000000000000000, -1.000000000000000000 ) ) ;
#995 = CARTESIAN_POINT ( 'NONE',  ( 1598.666666667093978, -1347.000000000000000, 1025.999999999944521 ) ) ;
#996 = VERTEX_POINT ( 'NONE', #573 ) ;
#997 = ORIENTED_EDGE ( 'NONE', *, *, #253, .F. ) ;
#998 = VECTOR ( 'NONE', #44, 1000.000000000000000 ) ;
#999 = DIRECTION ( 'NONE',  ( 0.000000000000000000, 0.000000000000000000, 1.000000000000000000 ) ) ;
#1000 = CIRCLE ( 'NONE', #1053, 4.999999999999893419 ) ;
#1001 = CARTESIAN_POINT ( 'NONE',  ( 1582.799999999999955, -1359.500000000000000, 1204.000000000000000 ) ) ;
#1002 = EDGE_CURVE ( 'NONE', #104, #792, #9, .T. ) ;
#1003 =( NAMED_UNIT ( * ) PLANE_ANGLE_UNIT ( ) SI_UNIT ( $, .RADIAN. ) );
#1004 = SURFACE_SIDE_STYLE ('',( #465 ) ) ;
#1005 =( NAMED_UNIT ( * ) SI_UNIT ( $, .STERADIAN. ) SOLID_ANGLE_UNIT ( ) );
#1006 = VERTEX_POINT ( 'NONE', #143 ) ;
#1007 = AXIS2_PLACEMENT_3D ( 'NONE', #23, #994, #322 ) ;
#1008 = PLANE ( 'NONE',  #540 ) ;
#1009 = VERTEX_POINT ( 'NONE', #950 ) ;
#1010 = CIRCLE ( 'NONE', #272, 30.00000000000002842 ) ;
#1011 = SURFACE_SIDE_STYLE ('',( #738 ) ) ;
#1012 = ADVANCED_FACE ( 'NONE', ( #1476 ), #178, .F. ) ;
#1013 = FACE_OUTER_BOUND ( 'NONE', #656, .T. ) ;
#1014 = UNCERTAINTY_MEASURE_WITH_UNIT (LENGTH_MEASURE( 1.000000000000000082E-05 ), #1045, 'distance_accuracy_value', 'NONE');
#1015 = ORIENTED_EDGE ( 'NONE', *, *, #159, .T. ) ;
#1016 = CARTESIAN_POINT ( 'NONE',  ( 1621.000000000000000, -1353.000000000000000, -250.0000000000000000 ) ) ;
#1017 = CARTESIAN_POINT ( 'NONE',  ( 1621.000000000000000, -1391.000000000000000, 1042.000000000000000 ) ) ;
#1018 = DIRECTION ( 'NONE',  ( -1.000000000000000000, 0.000000000000000000, 0.000000000000000000 ) ) ;
#1019 = DIRECTION ( 'NONE',  ( 1.000000000000000000, 0.000000000000000000, 0.000000000000000000 ) ) ;
#1020 = FACE_OUTER_BOUND ( 'NONE', #1185, .T. ) ;
#1021 = EDGE_CURVE ( 'NONE', #1459, #1083, #922, .T. ) ;
#1022 = ORIENTED_EDGE ( 'NONE', *, *, #866, .T. ) ;
#1023 = CARTESIAN_POINT ( 'NONE',  ( 1583.000000000000000, -1353.000000000000000, 1042.000000000000000 ) ) ;
#1024 = FILL_AREA_STYLE ('',( #1272 ) ) ;
#1025 = SHAPE_DEFINITION_REPRESENTATION ( #935, #151 ) ;
#1026 = FACE_OUTER_BOUND ( 'NONE', #1269, .T. ) ;
#1027 = CARTESIAN_POINT ( 'NONE',  ( 1580.000000000000000, -1367.000000000000000, 1081.290926197000090 ) ) ;
#1028 = AXIS2_PLACEMENT_3D ( 'NONE', #1368, #189, #1256 ) ;
#1029 = AXIS2_PLACEMENT_3D ( 'NONE', #966, #282, #36 ) ;
#1030 = FACE_OUTER_BOUND ( 'NONE', #245, .T. ) ;
#1031 = ORIENTED_EDGE ( 'NONE', *, *, #1150, .F. ) ;
#1032 = EDGE_CURVE ( 'NONE', #648, #399, #1668, .T. ) ;
#1033 = CARTESIAN_POINT ( 'NONE',  ( 1602.000262687000031, -1350.000000000000000, 1056.290926196999862 ) ) ;
#1034 = ORIENTED_EDGE ( 'NONE', *, *, #461, .T. ) ;
#1035 = AXIS2_PLACEMENT_3D ( 'NONE', #1463, #248, #788 ) ;
#1036 = DIRECTION ( 'NONE',  ( 0.000000000000000000, 0.000000000000000000, 1.000000000000000000 ) ) ;
#1037 = STYLED_ITEM ( 'NONE', ( #68 ), #61 ) ;
#1038 = ORIENTED_EDGE ( 'NONE', *, *, #107, .F. ) ;
#1039 = STYLED_ITEM ( 'NONE', ( #751 ), #716 ) ;
#1040 = VERTEX_POINT ( 'NONE', #545 ) ;
#1041 = LINE ( 'NONE', #1547, #685 ) ;
#1042 = ORIENTED_EDGE ( 'NONE', *, *, #802, .F. ) ;
#1043 = DIRECTION ( 'NONE',  ( 1.000000000000000000, 0.000000000000000000, 0.000000000000000000 ) ) ;
#1044 = EDGE_CURVE ( 'NONE', #1083, #1459, #349, .T. ) ;
#1045 =( LENGTH_UNIT ( ) NAMED_UNIT ( * ) SI_UNIT ( .MILLI., .METRE. ) );
#1046 = ORIENTED_EDGE ( 'NONE', *, *, #1165, .F. ) ;
#1047 = LINE ( 'NONE', #807, #134 ) ;
#1048 = ORIENTED_EDGE ( 'NONE', *, *, #1452, .F. ) ;
#1049 = DIRECTION ( 'NONE',  ( 1.000000000000000000, 0.000000000000000000, 0.000000000000000000 ) ) ;
#1050 = ORIENTED_EDGE ( 'NONE', *, *, #897, .T. ) ;
#1051 = B_SPLINE_CURVE_WITH_KNOTS ( 'NONE', 3,
 ( #612, #462, #1142, #488 ),
 .UNSPECIFIED., .F., .F.,
 ( 4, 4 ),
 ( 0.006178537139397719501, 0.9937548754632317127 ),
 .UNSPECIFIED. ) ;
#1052 = CARTESIAN_POINT ( 'NONE',  ( 1592.000000000069804, -1350.000000000000000, 1042.000000000026830 ) ) ;
#1053 = AXIS2_PLACEMENT_3D ( 'NONE', #1490, #710, #33 ) ;
#1054 = DIRECTION ( 'NONE',  ( 0.000000000000000000, 0.000000000000000000, 1.000000000000000000 ) ) ;
#1055 = ADVANCED_FACE ( 'NONE', ( #1270 ), #1653, .F. ) ;
#1056 = DIRECTION ( 'NONE',  ( 1.000000000000000000, 0.000000000000000000, 0.000000000000000000 ) ) ;
#1057 = PRESENTATION_LAYER_ASSIGNMENT (  '', '', ( #184 ) ) ;
#1058 = CARTESIAN_POINT ( 'NONE',  ( 1577.000000000000000, -1391.000000000000000, 1249.000000000000000 ) ) ;
#1059 = VERTEX_POINT ( 'NONE', #469 ) ;
#1060 = DIRECTION ( 'NONE',  ( 0.000000000000000000, 1.000000000000000000, 0.000000000000000000 ) ) ;
#1061 = ORIENTED_EDGE ( 'NONE', *, *, #1388, .F. ) ;
#1062 = CARTESIAN_POINT ( 'NONE',  ( 1592.000000000069122, -1394.000000000000000, 1042.000000000028649 ) ) ;
#1063 = STYLED_ITEM ( 'NONE', ( #278 ), #181 ) ;
#1064 = PLANE ( 'NONE',  #1423 ) ;
#1065 = FACE_OUTER_BOUND ( 'NONE', #361, .T. ) ;
#1066 = EDGE_CURVE ( 'NONE', #1565, #816, #862, .T. ) ;
#1067 = LINE ( 'NONE', #1457, #270 ) ;
#1068 = ORIENTED_EDGE ( 'NONE', *, *, #171, .T. ) ;
#1069 = PRESENTATION_LAYER_ASSIGNMENT (  '', '', ( #54 ) ) ;
#1070 = EDGE_LOOP ( 'NONE', ( #1548, #742, #1048, #42 ) ) ;
#1071 = CARTESIAN_POINT ( 'NONE',  ( 1577.000000000000000, -1353.000000000000000, 1248.200000000000045 ) ) ;
#1072 = CARTESIAN_POINT ( 'NONE',  ( 1576.999999999999773, -1352.928576506190211, 1248.271423493809380 ) ) ;
#1073 = FILL_AREA_STYLE ('',( #388 ) ) ;
#1074 = DIRECTION ( 'NONE',  ( 0.000000000000000000, 1.000000000000000000, 0.000000000000000000 ) ) ;
#1075 = CIRCLE ( 'NONE', #1162, 2.999999999999891642 ) ;
#1076 = ORIENTED_EDGE ( 'NONE', *, *, #1150, .T. ) ;
#1077 = ORIENTED_EDGE ( 'NONE', *, *, #320, .T. ) ;
#1078 = EDGE_CURVE ( 'NONE', #1705, #720, #71, .T. ) ;
#1079 = PRESENTATION_STYLE_ASSIGNMENT (( #1 ) ) ;
#1080 = SURFACE_STYLE_USAGE ( .BOTH. , #1319 ) ;
#1081 = DIRECTION ( 'NONE',  ( 0.000000000000000000, 0.000000000000000000, -1.000000000000000000 ) ) ;
#1082 = PRESENTATION_LAYER_ASSIGNMENT (  '', '', ( #770 ) ) ;
#1083 = VERTEX_POINT ( 'NONE', #1500 ) ;
#1084 = ORIENTED_EDGE ( 'NONE', *, *, #159, .F. ) ;
#1085 = STYLED_ITEM ( 'NONE', ( #863 ), #1055 ) ;
#1086 = UNCERTAINTY_MEASURE_WITH_UNIT (LENGTH_MEASURE( 1.000000000000000082E-05 ), #856, 'distance_accuracy_value', 'NONE');
#1087 = COLOUR_RGB ( '',1.000000000000000000, 1.000000000000000000, 1.000000000000000000 ) ;
#1088 = EDGE_CURVE ( 'NONE', #369, #599, #594, .T. ) ;
#1089 = LINE ( 'NONE', #961, #82 ) ;
#1090 = PLANE ( 'NONE',  #47 ) ;
#1091 = CARTESIAN_POINT ( 'NONE',  ( 1602.000262687000031, -1347.000000000000000, 1106.290926197000090 ) ) ;
#1092 = AXIS2_PLACEMENT_3D ( 'NONE', #1293, #1412, #1019 ) ;
#1093 = ORIENTED_EDGE ( 'NONE', *, *, #276, .F. ) ;
#1094 = CIRCLE ( 'NONE', #331, 30.00000000000002132 ) ;
#1095 = ORIENTED_EDGE ( 'NONE', *, *, #821, .T. ) ;
#1096 =( LENGTH_UNIT ( ) NAMED_UNIT ( * ) SI_UNIT ( .MILLI., .METRE. ) );
#1097 =( GEOMETRIC_REPRESENTATION_CONTEXT ( 3 ) GLOBAL_UNCERTAINTY_ASSIGNED_CONTEXT ( ( #684 ) ) GLOBAL_UNIT_ASSIGNED_CONTEXT ( ( #1360, #1247, #1240 ) ) REPRESENTATION_CONTEXT ( 'NONE', 'WORKASPACE' ) );
#1098 = FACE_OUTER_BOUND ( 'NONE', #906, .T. ) ;
#1099 = EDGE_CURVE ( 'NONE', #369, #131, #663, .T. ) ;
#1100 = CARTESIAN_POINT ( 'NONE',  ( 1624.000000000000000, -1362.000000000000000, 1356.000000000000000 ) ) ;
#1101 = DIRECTION ( 'NONE',  ( 0.000000000000000000, 0.000000000000000000, 1.000000000000000000 ) ) ;
#1102 = EDGE_LOOP ( 'NONE', ( #682, #749, #1659, #353 ) ) ;
#1103 = VERTEX_POINT ( 'NONE', #79 ) ;
#1104 = VECTOR ( 'NONE', #1190, 1000.000000000000000 ) ;
#1105 = CARTESIAN_POINT ( 'NONE',  ( 1580.000000000000000, -1363.500000000000000, 1159.000000000000000 ) ) ;
#1106 = DIRECTION ( 'NONE',  ( 0.000000000000000000, 1.000000000000000000, 0.000000000000000000 ) ) ;
#1107 = ADVANCED_FACE ( 'NONE', ( #1138 ), #1008, .F. ) ;
#1108 = LINE ( 'NONE', #589, #1675 ) ;
#1109 = VECTOR ( 'NONE', #1679, 1000.000000000000000 ) ;
#1110 = CYLINDRICAL_SURFACE ( 'NONE', #394, 4.999999999999893419 ) ;
#1111 = CARTESIAN_POINT ( 'NONE',  ( 1583.000000000000000, -1350.000000000000227, 1042.000000000000000 ) ) ;
#1112 = VERTEX_POINT ( 'NONE', #1132 ) ;
#1113 = DIRECTION ( 'NONE',  ( -1.000000000000000000, 0.000000000000000000, 0.000000000000000000 ) ) ;
#1114 = CARTESIAN_POINT ( 'NONE',  ( 1577.225207787340878, -1351.371572875253605, 1249.000000000000000 ) ) ;
#1115 = CARTESIAN_POINT ( 'NONE',  ( 1583.000000000000000, -1350.000000000000000, 1249.000000000000000 ) ) ;
#1116 = CARTESIAN_POINT ( 'NONE',  ( 1627.000000000000000, -1353.000000000000000, 1042.000000000000000 ) ) ;
#1117 = EDGE_CURVE ( 'NONE', #209, #231, #778, .T. ) ;
#1118 = ORIENTED_EDGE ( 'NONE', *, *, #253, .T. ) ;
#1119 = ORIENTED_EDGE ( 'NONE', *, *, #1692, .F. ) ;
#1120 = VECTOR ( 'NONE', #1575, 1000.000000000000000 ) ;
#1121 = VECTOR ( 'NONE', #889, 1000.000000000000000 ) ;
#1122 = CARTESIAN_POINT ( 'NONE',  ( 1621.000000000000000, -1397.000000000000000, 1145.500000000000227 ) ) ;
#1123 = ORIENTED_EDGE ( 'NONE', *, *, #1032, .F. ) ;
#1124 = CARTESIAN_POINT ( 'NONE',  ( 1580.404758342250943, -1351.488657551722554, 1249.000000000000000 ) ) ;
#1125 = CARTESIAN_POINT ( 'NONE',  ( 1577.013074883975378, -1352.589144353291204, 1248.592109221231340 ) ) ;
#1126 =( GEOMETRIC_REPRESENTATION_CONTEXT ( 3 ) GLOBAL_UNCERTAINTY_ASSIGNED_CONTEXT ( ( #721 ) ) GLOBAL_UNIT_ASSIGNED_CONTEXT ( ( #229, #1532, #81 ) ) REPRESENTATION_CONTEXT ( 'NONE', 'WORKASPACE' ) );
#1127 = DIRECTION ( 'NONE',  ( 0.000000000000000000, 0.000000000000000000, 1.000000000000000000 ) ) ;
#1128 = CARTESIAN_POINT ( 'NONE',  ( 1577.000000000000000, -1391.000000000000000, 1042.000000000000000 ) ) ;
#1129 = VERTEX_POINT ( 'NONE', #1402 ) ;
#1130 = EDGE_LOOP ( 'NONE', ( #1506, #269, #1221, #1611, #991, #949 ) ) ;
#1131 = ADVANCED_FACE ( 'NONE', ( #895 ), #1631, .T. ) ;
#1132 = CARTESIAN_POINT ( 'NONE',  ( 1592.000000001082299, -1347.000000000000000, 1041.999999997596660 ) ) ;
#1133 =( GEOMETRIC_REPRESENTATION_CONTEXT ( 3 ) GLOBAL_UNCERTAINTY_ASSIGNED_CONTEXT ( ( #1253 ) ) GLOBAL_UNIT_ASSIGNED_CONTEXT ( ( #1181, #936, #1560 ) ) REPRESENTATION_CONTEXT ( 'NONE', 'WORKASPACE' ) );
#1134 = CARTESIAN_POINT ( 'NONE',  ( 1602.000262687000031, -1347.000000000000000, 1106.290926197000090 ) ) ;
#1135 = LINE ( 'NONE', #971, #854 ) ;
#1136 = ORIENTED_EDGE ( 'NONE', *, *, #1179, .F. ) ;
#1137 = ORIENTED_EDGE ( 'NONE', *, *, #1658, .T. ) ;
#1138 = FACE_OUTER_BOUND ( 'NONE', #499, .T. ) ;
#1139 = ORIENTED_EDGE ( 'NONE', *, *, #593, .T. ) ;
#1140 = CIRCLE ( 'NONE', #1268, 4.999999999999893419 ) ;
#1141 = EDGE_CURVE ( 'NONE', #1458, #343, #195, .T. ) ;
#1142 = CARTESIAN_POINT ( 'NONE',  ( 1605.333333344459106, -1397.000000000000000, 1026.000000000239652 ) ) ;
#1143 = AXIS2_PLACEMENT_3D ( 'NONE', #291, #1230, #170 ) ;
#1144 = FACE_BOUND ( 'NONE', #449, .T. ) ;
#1145 = DIRECTION ( 'NONE',  ( -1.000000000000000000, 0.000000000000000000, 0.000000000000000000 ) ) ;
#1146 = CARTESIAN_POINT ( 'NONE',  ( 1611.999999899956265, -1393.999999999999773, 1041.999999759601678 ) ) ;
#1147 = AXIS2_PLACEMENT_3D ( 'NONE', #168, #711, #1236 ) ;
#1148 = ORIENTED_EDGE ( 'NONE', *, *, #1188, .T. ) ;
#1149 = DIRECTION ( 'NONE',  ( 1.000000000000000000, 0.000000000000000000, 0.000000000000000000 ) ) ;
#1150 = EDGE_CURVE ( 'NONE', #1323, #1705, #460, .T. ) ;
#1151 =( GEOMETRIC_REPRESENTATION_CONTEXT ( 3 ) GLOBAL_UNCERTAINTY_ASSIGNED_CONTEXT ( ( #1086 ) ) GLOBAL_UNIT_ASSIGNED_CONTEXT ( ( #856, #1359, #547 ) ) REPRESENTATION_CONTEXT ( 'NONE', 'WORKASPACE' ) );
#1152 = LINE ( 'NONE', #363, #1434 ) ;
#1153 = EDGE_CURVE ( 'NONE', #350, #1426, #1508, .T. ) ;
#1154 = CARTESIAN_POINT ( 'NONE',  ( 1577.000000000000000, -1363.500000000000000, 1229.385974405999832 ) ) ;
#1155 = PRESENTATION_STYLE_ASSIGNMENT (( #332 ) ) ;
#1156 = AXIS2_PLACEMENT_3D ( 'NONE', #21, #1479, #586 ) ;
#1157 = UNCERTAINTY_MEASURE_WITH_UNIT (LENGTH_MEASURE( 1.000000000000000082E-05 ), #1235, 'distance_accuracy_value', 'NONE');
#1158 = ORIENTED_EDGE ( 'NONE', *, *, #620, .F. ) ;
#1159 = DIRECTION ( 'NONE',  ( 1.000000000000000000, 0.000000000000000000, 0.000000000000000000 ) ) ;
#1160 = ORIENTED_EDGE ( 'NONE', *, *, #1117, .T. ) ;
#1161 = SURFACE_STYLE_USAGE ( .BOTH. , #1170 ) ;
#1162 = AXIS2_PLACEMENT_3D ( 'NONE', #313, #1242, #569 ) ;
#1163 = DIRECTION ( 'NONE',  ( -0.000000000000000000, 1.000000000000000000, -0.000000000000000000 ) ) ;
#1164 =( BOUNDED_CURVE ( )  B_SPLINE_CURVE ( 3, ( #764, #76, #1288, #103 ),
 .UNSPECIFIED., .F., .T. ) 
 B_SPLINE_CURVE_WITH_KNOTS ( ( 4, 4 ),
 ( 1.499330989115480683, 1.570796326794896558 ),
 .UNSPECIFIED. ) 
 CURVE ( )  GEOMETRIC_REPRESENTATION_ITEM ( )  RATIONAL_B_SPLINE_CURVE ( ( 1.000000000000000000, 0.9995744374094521767, 0.9995744374094521767, 1.000000000000000000 ) ) 
 REPRESENTATION_ITEM ( '' )  );
#1165 = EDGE_CURVE ( 'NONE', #399, #648, #1477, .T. ) ;
#1166 =( NAMED_UNIT ( * ) PLANE_ANGLE_UNIT ( ) SI_UNIT ( $, .RADIAN. ) );
#1167 = VERTEX_POINT ( 'NONE', #384 ) ;
#1168 = DIRECTION ( 'NONE',  ( 0.000000000000000000, -1.000000000000000000, 0.000000000000000000 ) ) ;
#1169 = VERTEX_POINT ( 'NONE', #1186 ) ;
#1170 = SURFACE_SIDE_STYLE ('',( #628 ) ) ;
#1171 = FACE_OUTER_BOUND ( 'NONE', #24, .T. ) ;
#1172 = DIRECTION ( 'NONE',  ( 0.000000000000000000, 0.000000000000000000, -1.000000000000000000 ) ) ;
#1173 = ORIENTED_EDGE ( 'NONE', *, *, #1420, .T. ) ;
#1174 = DIRECTION ( 'NONE',  ( -1.000000000000000000, 0.000000000000000000, 0.000000000000000000 ) ) ;
#1175 = EDGE_CURVE ( 'NONE', #150, #996, #666, .T. ) ;
#1176 = ORIENTED_EDGE ( 'NONE', *, *, #1032, .T. ) ;
#1177 = CARTESIAN_POINT ( 'NONE',  ( 1577.000000000000000, -1353.000000000000000, 1248.199999999970032 ) ) ;
#1178 = ORIENTED_EDGE ( 'NONE', *, *, #288, .F. ) ;
#1179 = EDGE_CURVE ( 'NONE', #224, #996, #65, .T. ) ;
#1180 = DIRECTION ( 'NONE',  ( 0.000000000000000000, -1.000000000000000000, 0.000000000000000000 ) ) ;
#1181 =( LENGTH_UNIT ( ) NAMED_UNIT ( * ) SI_UNIT ( .MILLI., .METRE. ) );
#1182 = VECTOR ( 'NONE', #1180, 1000.000000000000000 ) ;
#1183 = DIRECTION ( 'NONE',  ( 0.000000000000000000, 0.000000000000000000, -1.000000000000000000 ) ) ;
#1184 = VERTEX_POINT ( 'NONE', #1177 ) ;
#1185 = EDGE_LOOP ( 'NONE', ( #1703, #617, #1322, #1414 ) ) ;
#1186 = CARTESIAN_POINT ( 'NONE',  ( 1577.003825173521363, -1352.785786437626712, 1248.414213562373334 ) ) ;
#1187 = VERTEX_POINT ( 'NONE', #655 ) ;
#1188 = EDGE_CURVE ( 'NONE', #485, #52, #1663, .T. ) ;
#1189 = CARTESIAN_POINT ( 'NONE',  ( 1577.000000000000000, -1359.500000000000000, 1159.000000000000000 ) ) ;
#1190 = DIRECTION ( 'NONE',  ( 0.000000000000000000, 1.000000000000000000, 0.000000000000000000 ) ) ;
#1191 = CARTESIAN_POINT ( 'NONE',  ( 1583.000000000000000, -1347.000000000000227, 1042.000000000000000 ) ) ;
#1192 = DIRECTION ( 'NONE',  ( 0.000000000000000000, -1.000000000000000000, 0.000000000000000000 ) ) ;
#1193 = ORIENTED_EDGE ( 'NONE', *, *, #148, .F. ) ;
#1194 = DIRECTION ( 'NONE',  ( 0.000000000000000000, 1.000000000000000000, 0.000000000000000000 ) ) ;
#1195 = VERTEX_POINT ( 'NONE', #1472 ) ;
#1196 = CARTESIAN_POINT ( 'NONE',  ( 1598.666666666726542, -1394.000000000000000, 1025.999999999332886 ) ) ;
#1197 = CARTESIAN_POINT ( 'NONE',  ( 1583.000000000000000, -1353.000000000000000, 1206.000000000000000 ) ) ;
#1198 = CARTESIAN_POINT ( 'NONE',  ( 1597.000262687000031, -1350.000000000000000, 1106.290926197000090 ) ) ;
#1199 = ADVANCED_FACE ( 'NONE', ( #1290 ), #791, .F. ) ;
#1200 = VECTOR ( 'NONE', #1145, 1000.000000000000000 ) ;
#1201 = ORIENTED_EDGE ( 'NONE', *, *, #212, .F. ) ;
#1202 = DIRECTION ( 'NONE',  ( 0.000000000000000000, 0.000000000000000000, -1.000000000000000000 ) ) ;
#1203 = ORIENTED_EDGE ( 'NONE', *, *, #1021, .F. ) ;
#1204 = CARTESIAN_POINT ( 'NONE',  ( 1577.000000000000000, -1372.000000000000000, 1081.290926197000090 ) ) ;
#1205 = AXIS2_PLACEMENT_3D ( 'NONE', #549, #1226, #559 ) ;
#1206 = LINE ( 'NONE', #537, #1523 ) ;
#1207 = EDGE_CURVE ( 'NONE', #231, #209, #454, .T. ) ;
#1208 = CARTESIAN_POINT ( 'NONE',  ( 1621.000000000000000, -1353.000000000000000, -250.0000000000000000 ) ) ;
#1209 = VERTEX_POINT ( 'NONE', #502 ) ;
#1210 = ORIENTED_EDGE ( 'NONE', *, *, #580, .F. ) ;
#1211 = LINE ( 'NONE', #1691, #22 ) ;
#1212 = FACE_BOUND ( 'NONE', #1712, .T. ) ;
#1213 = DIRECTION ( 'NONE',  ( 0.000000000000000000, 0.000000000000000000, 1.000000000000000000 ) ) ;
#1214 = EDGE_CURVE ( 'NONE', #131, #1595, #905, .T. ) ;
#1215 = VERTEX_POINT ( 'NONE', #1689 ) ;
#1216 = ORIENTED_EDGE ( 'NONE', *, *, #951, .T. ) ;
#1217 = DIRECTION ( 'NONE',  ( 0.000000000000000000, 0.000000000000000000, -1.000000000000000000 ) ) ;
#1218 = CARTESIAN_POINT ( 'NONE',  ( 1580.480431564852779, -1351.371572875253605, 1249.000000000000000 ) ) ;
#1219 = DIRECTION ( 'NONE',  ( 1.000000000000000000, 0.000000000000000000, 0.000000000000000000 ) ) ;
#1220 = CARTESIAN_POINT ( 'NONE',  ( 1651.000000000000000, -1370.179597152929773, 1248.258144685285743 ) ) ;
#1221 = ORIENTED_EDGE ( 'NONE', *, *, #525, .F. ) ;
#1222 = ORIENTED_EDGE ( 'NONE', *, *, #533, .T. ) ;
#1223 = ADVANCED_FACE ( 'NONE', ( #494 ), #1666, .T. ) ;
#1224 = DIRECTION ( 'NONE',  ( 0.000000000000000000, 1.000000000000000000, 0.000000000000000000 ) ) ;
#1225 = CARTESIAN_POINT ( 'NONE',  ( 1602.000262687000031, -1397.000000000000000, 1056.290926196999862 ) ) ;
#1226 = DIRECTION ( 'NONE',  ( -1.000000000000000000, 0.000000000000000000, 0.000000000000000000 ) ) ;
#1227 = CARTESIAN_POINT ( 'NONE',  ( 1592.000000001070930, -1347.000000000000000, 1041.999999997818122 ) ) ;
#1228 = ORIENTED_EDGE ( 'NONE', *, *, #7, .T. ) ;
#1229 = EDGE_LOOP ( 'NONE', ( #194, #1093, #1237, #916 ) ) ;
#1230 = DIRECTION ( 'NONE',  ( 0.000000000000000000, 0.000000000000000000, -1.000000000000000000 ) ) ;
#1231 = ADVANCED_FACE ( 'NONE', ( #932 ), #1415, .F. ) ;
#1232 = CARTESIAN_POINT ( 'NONE',  ( 1583.000000000000000, -1350.000000000000227, 1249.000000000000000 ) ) ;
#1233 = CARTESIAN_POINT ( 'NONE',  ( 1577.007199905621519, -1352.691322373634875, 1248.508677626364943 ) ) ;
#1234 = DIRECTION ( 'NONE',  ( 0.000000000000000000, 0.000000000000000000, 1.000000000000000000 ) ) ;
#1235 =( LENGTH_UNIT ( ) NAMED_UNIT ( * ) SI_UNIT ( .MILLI., .METRE. ) );
#1236 = DIRECTION ( 'NONE',  ( 0.000000000000000000, 1.000000000000000000, 0.000000000000000000 ) ) ;
#1237 = ORIENTED_EDGE ( 'NONE', *, *, #401, .F. ) ;
#1238 = PRESENTATION_STYLE_ASSIGNMENT (( #300 ) ) ;
#1239 = FACE_OUTER_BOUND ( 'NONE', #1563, .T. ) ;
#1240 =( NAMED_UNIT ( * ) SI_UNIT ( $, .STERADIAN. ) SOLID_ANGLE_UNIT ( ) );
#1241 = DIRECTION ( 'NONE',  ( 0.000000000000000000, -1.000000000000000000, 0.000000000000000000 ) ) ;
#1242 = DIRECTION ( 'NONE',  ( 0.000000000000000000, 0.000000000000000000, 1.000000000000000000 ) ) ;
#1243 = VERTEX_POINT ( 'NONE', #96 ) ;
#1244 = VERTEX_POINT ( 'NONE', #1284 ) ;
#1245 = SURFACE_STYLE_FILL_AREA ( #1622 ) ;
#1246 = CARTESIAN_POINT ( 'NONE',  ( 1580.059568751706138, -1352.351759825286308, 1248.763266979759010 ) ) ;
#1247 =( NAMED_UNIT ( * ) PLANE_ANGLE_UNIT ( ) SI_UNIT ( $, .RADIAN. ) );
#1248 = DIRECTION ( 'NONE',  ( 0.000000000000000000, 0.000000000000000000, 1.000000000000000000 ) ) ;
#1249 = DIRECTION ( 'NONE',  ( 1.000000000000000000, 0.000000000000000000, 0.000000000000000000 ) ) ;
#1250 = EDGE_CURVE ( 'NONE', #702, #1366, #1599, .T. ) ;
#1251 = ORIENTED_EDGE ( 'NONE', *, *, #1561, .F. ) ;
#1252 = ORIENTED_EDGE ( 'NONE', *, *, #1702, .F. ) ;
#1253 = UNCERTAINTY_MEASURE_WITH_UNIT (LENGTH_MEASURE( 1.000000000000000082E-05 ), #1181, 'distance_accuracy_value', 'NONE');
#1254 = DIRECTION ( 'NONE',  ( 0.000000000000000000, 0.000000000000000000, -1.000000000000000000 ) ) ;
#1255 = AXIS2_PLACEMENT_3D ( 'NONE', #1017, #619, #1149 ) ;
#1256 = DIRECTION ( 'NONE',  ( 0.000000000000000000, 0.000000000000000000, -1.000000000000000000 ) ) ;
#1257 = DIRECTION ( 'NONE',  ( 1.000000000000000000, 0.000000000000000000, 0.000000000000000000 ) ) ;
#1258 = ORIENTED_EDGE ( 'NONE', *, *, #930, .T. ) ;
#1259 = EDGE_LOOP ( 'NONE', ( #1076, #1474, #503, #400, #200, #933 ) ) ;
#1260 = EDGE_CURVE ( 'NONE', #720, #1384, #1365, .T. ) ;
#1261 = SURFACE_SIDE_STYLE ('',( #1245 ) ) ;
#1262 = ORIENTED_EDGE ( 'NONE', *, *, #1571, .F. ) ;
#1263 = VECTOR ( 'NONE', #585, 1000.000000000000000 ) ;
#1264 = VECTOR ( 'NONE', #100, 1000.000000000000000 ) ;
#1265 = FILL_AREA_STYLE_COLOUR ( '', #1602 ) ;
#1266 = FILL_AREA_STYLE ('',( #356 ) ) ;
#1267 = EDGE_LOOP ( 'NONE', ( #176, #1193, #528, #1696 ) ) ;
#1268 = AXIS2_PLACEMENT_3D ( 'NONE', #891, #910, #101 ) ;
#1269 = EDGE_LOOP ( 'NONE', ( #610, #1298, #279, #106 ) ) ;
#1270 = FACE_OUTER_BOUND ( 'NONE', #894, .T. ) ;
#1271 = EDGE_CURVE ( 'NONE', #599, #881, #1041, .T. ) ;
#1272 = FILL_AREA_STYLE_COLOUR ( '', #819 ) ;
#1273 = CARTESIAN_POINT ( 'NONE',  ( 1580.000000000000000, -1363.500000000000000, 1159.000000000000000 ) ) ;
#1274 = FACE_OUTER_BOUND ( 'NONE', #1130, .T. ) ;
#1275 = AXIS2_PLACEMENT_3D ( 'NONE', #789, #822, #113 ) ;
#1276 = EDGE_LOOP ( 'NONE', ( #786, #582, #1139, #365 ) ) ;
#1277 = DIRECTION ( 'NONE',  ( 1.000000000000000000, 0.000000000000000000, 0.000000000000000000 ) ) ;
#1278 = SURFACE_SIDE_STYLE ('',( #604 ) ) ;
#1279 = EDGE_CURVE ( 'NONE', #1195, #1492, #800, .T. ) ;
#1280 = VECTOR ( 'NONE', #1340, 1000.000000000000000 ) ;
#1281 = SURFACE_STYLE_FILL_AREA ( #1266 ) ;
#1282 =( NAMED_UNIT ( * ) SI_UNIT ( $, .STERADIAN. ) SOLID_ANGLE_UNIT ( ) );
#1283 = ORIENTED_EDGE ( 'NONE', *, *, #514, .F. ) ;
#1284 = CARTESIAN_POINT ( 'NONE',  ( 1611.999999899897148, -1397.000000000000227, 1041.999999759605998 ) ) ;
#1285 = EDGE_LOOP ( 'NONE', ( #1160, #1034, #775, #1443 ) ) ;
#1286 =( NAMED_UNIT ( * ) SI_UNIT ( $, .STERADIAN. ) SOLID_ANGLE_UNIT ( ) );
#1287 = DIRECTION ( 'NONE',  ( 0.000000000000000000, -1.000000000000000000, 0.000000000000000000 ) ) ;
#1288 = CARTESIAN_POINT ( 'NONE',  ( 1579.999999999999773, -1352.928519450006661, 1248.271480549992930 ) ) ;
#1289 = ORIENTED_EDGE ( 'NONE', *, *, #566, .F. ) ;
#1290 = FACE_OUTER_BOUND ( 'NONE', #1538, .T. ) ;
#1291 = ORIENTED_EDGE ( 'NONE', *, *, #28, .T. ) ;
#1292 = CARTESIAN_POINT ( 'NONE',  ( 1580.000000000000000, -1391.000000000000000, 1249.000000000000000 ) ) ;
#1293 = CARTESIAN_POINT ( 'NONE',  ( 1602.000262687000031, -1347.000000000000000, 1106.290926197000090 ) ) ;
#1294 = ORIENTED_EDGE ( 'NONE', *, *, #401, .T. ) ;
#1295 = EDGE_CURVE ( 'NONE', #102, #1458, #236, .T. ) ;
#1296 = ORIENTED_EDGE ( 'NONE', *, *, #51, .T. ) ;
#1297 = DIRECTION ( 'NONE',  ( 0.000000000000000000, 0.7071067811924730551, 0.7071067811806219794 ) ) ;
#1298 = ORIENTED_EDGE ( 'NONE', *, *, #514, .T. ) ;
#1299 = DIRECTION ( 'NONE',  ( 1.000000000000000000, 0.000000000000000000, 0.000000000000000000 ) ) ;
#1300 = AXIS2_PLACEMENT_3D ( 'NONE', #330, #622, #364 ) ;
#1301 = LINE ( 'NONE', #1309, #689 ) ;
#1302 = CARTESIAN_POINT ( 'NONE',  ( 1651.000000000000000, -1371.734290676067985, 1247.000000000000000 ) ) ;
#1303 = ORIENTED_EDGE ( 'NONE', *, *, #960, .T. ) ;
#1304 = EDGE_CURVE ( 'NONE', #1006, #385, #647, .T. ) ;
#1305 = CARTESIAN_POINT ( 'NONE',  ( 1621.000000000000000, -1391.000000000000000, 1356.000000000000000 ) ) ;
#1306 = EDGE_LOOP ( 'NONE', ( #438, #1262, #618, #125 ) ) ;
#1307 = ADVANCED_FACE ( 'NONE', ( #1314 ), #244, .F. ) ;
#1308 = CARTESIAN_POINT ( 'NONE',  ( 1620.999999999999773, -1394.000000000000000, 1042.000000000000000 ) ) ;
#1309 = CARTESIAN_POINT ( 'NONE',  ( 1583.000000000000000, -1394.000000000000000, 1042.000000000000000 ) ) ;
#1310 = SURFACE_STYLE_FILL_AREA ( #1073 ) ;
#1311 = AXIS2_PLACEMENT_3D ( 'NONE', #464, #1018, #489 ) ;
#1312 = DIRECTION ( 'NONE',  ( 0.000000000000000000, 0.000000000000000000, -1.000000000000000000 ) ) ;
#1313 = ORIENTED_EDGE ( 'NONE', *, *, #1401, .T. ) ;
#1314 = FACE_OUTER_BOUND ( 'NONE', #1070, .T. ) ;
#1315 = EDGE_LOOP ( 'NONE', ( #298, #913, #1289, #1516, #534, #809 ) ) ;
#1316 = DIRECTION ( 'NONE',  ( 0.000000000000000000, 0.7566666666653762974, 0.6538008531330532502 ) ) ;
#1317 = EDGE_CURVE ( 'NONE', #343, #627, #1075, .T. ) ;
#1318 = CYLINDRICAL_SURFACE ( 'NONE', #992, 6.000000000000005329 ) ;
#1319 = SURFACE_SIDE_STYLE ('',( #1310 ) ) ;
#1320 = LINE ( 'NONE', #1334, #1488 ) ;
#1321 = COLOUR_RGB ( '',0.6274509803921568540, 0.6274509803921568540, 0.6431372549019607199 ) ;
#1322 = ORIENTED_EDGE ( 'NONE', *, *, #171, .F. ) ;
#1323 = VERTEX_POINT ( 'NONE', #435 ) ;
#1324 = CARTESIAN_POINT ( 'NONE',  ( 1627.000000000000000, -1372.000000000000000, 1081.290926197000090 ) ) ;
#1325 = FILL_AREA_STYLE ('',( #404 ) ) ;
#1326 = EDGE_CURVE ( 'NONE', #493, #1384, #1353, .T. ) ;
#1327 = DIRECTION ( 'NONE',  ( -1.000000000000000000, 0.000000000000000000, 0.000000000000000000 ) ) ;
#1328 = ORIENTED_EDGE ( 'NONE', *, *, #328, .T. ) ;
#1329 = ORIENTED_EDGE ( 'NONE', *, *, #1664, .T. ) ;
#1330 = UNCERTAINTY_MEASURE_WITH_UNIT (LENGTH_MEASURE( 1.000000000000000082E-05 ), #55, 'distance_accuracy_value', 'NONE');
#1331 = SURFACE_SIDE_STYLE ('',( #441 ) ) ;
#1332 = DIRECTION ( 'NONE',  ( 0.000000000000000000, 1.000000000000000000, 0.000000000000000000 ) ) ;
#1333 =( NAMED_UNIT ( * ) SI_UNIT ( $, .STERADIAN. ) SOLID_ANGLE_UNIT ( ) );
#1334 = CARTESIAN_POINT ( 'NONE',  ( 1597.000262686999804, -1350.000000000000000, 1056.290926196999862 ) ) ;
#1335 = EDGE_CURVE ( 'NONE', #1426, #141, #311, .T. ) ;
#1336 = AXIS2_PLACEMENT_3D ( 'NONE', #346, #753, #1671 ) ;
#1337 = ORIENTED_EDGE ( 'NONE', *, *, #1658, .F. ) ;
#1338 = VERTEX_POINT ( 'NONE', #1601 ) ;
#1339 = PRESENTATION_LAYER_ASSIGNMENT (  '', '', ( #149 ) ) ;
#1340 = DIRECTION ( 'NONE',  ( 0.000000000000000000, -1.000000000000000000, 0.000000000000000000 ) ) ;
#1341 = VECTOR ( 'NONE', #1101, 1000.000000000000000 ) ;
#1342 = FACE_BOUND ( 'NONE', #1424, .T. ) ;
#1343 = AXIS2_PLACEMENT_3D ( 'NONE', #818, #27, #686 ) ;
#1344 = LINE ( 'NONE', #314, #163 ) ;
#1345 = VERTEX_POINT ( 'NONE', #1637 ) ;
#1346 = ADVANCED_FACE ( 'NONE', ( #41 ), #1110, .F. ) ;
#1347 = COLOUR_RGB ( '',0.6274509803921568540, 0.6274509803921568540, 0.6431372549019607199 ) ;
#1348 = AXIS2_PLACEMENT_3D ( 'NONE', #481, #1544, #754 ) ;
#1349 = SURFACE_STYLE_USAGE ( .BOTH. , #1331 ) ;
#1350 = CARTESIAN_POINT ( 'NONE',  ( 1583.000000000000000, -1394.000000000000000, 1042.000000000000000 ) ) ;
#1351 =( NAMED_UNIT ( * ) PLANE_ANGLE_UNIT ( ) SI_UNIT ( $, .RADIAN. ) );
#1352 = FACE_OUTER_BOUND ( 'NONE', #635, .T. ) ;
#1353 = LINE ( 'NONE', #1128, #746 ) ;
#1354 = VECTOR ( 'NONE', #1454, 1000.000000000000000 ) ;
#1355 = ORIENTED_EDGE ( 'NONE', *, *, #1207, .T. ) ;
#1356 = VERTEX_POINT ( 'NONE', #1380 ) ;
#1357 = EDGE_CURVE ( 'NONE', #773, #35, #1135, .T. ) ;
#1358 = CIRCLE ( 'NONE', #1572, 6.000000000000005329 ) ;
#1359 =( NAMED_UNIT ( * ) PLANE_ANGLE_UNIT ( ) SI_UNIT ( $, .RADIAN. ) );
#1360 =( LENGTH_UNIT ( ) NAMED_UNIT ( * ) SI_UNIT ( .MILLI., .METRE. ) );
#1361 = AXIS2_PLACEMENT_3D ( 'NONE', #1635, #1670, #1396 ) ;
#1362 = DIRECTION ( 'NONE',  ( 0.000000000000000000, 0.000000000000000000, -1.000000000000000000 ) ) ;
#1363 = DIRECTION ( 'NONE',  ( 0.000000000000000000, 0.000000000000000000, -1.000000000000000000 ) ) ;
#1364 = VERTEX_POINT ( 'NONE', #842 ) ;
#1365 = CIRCLE ( 'NONE', #1446, 6.000000000000005329 ) ;
#1366 = VERTEX_POINT ( 'NONE', #739 ) ;
#1367 = DIRECTION ( 'NONE',  ( 0.000000000000000000, 0.000000000000000000, 1.000000000000000000 ) ) ;
#1368 = CARTESIAN_POINT ( 'NONE',  ( 1651.000000000000000, -1351.371572875253605, 1247.000000000000000 ) ) ;
#1369 = EDGE_CURVE ( 'NONE', #224, #1040, #157, .T. ) ;
#1370 = DIRECTION ( 'NONE',  ( 0.000000000000000000, 1.000000000000000000, 0.000000000000000000 ) ) ;
#1371 = CARTESIAN_POINT ( 'NONE',  ( 1577.000000000000000, -1391.000000000000000, 1249.000000000000000 ) ) ;
#1372 = EDGE_LOOP ( 'NONE', ( #1467, #676 ) ) ;
#1373 = EDGE_LOOP ( 'NONE', ( #731, #965, #1296, #1061, #1137, #997 ) ) ;
#1374 = AXIS2_PLACEMENT_3D ( 'NONE', #827, #1468, #1485 ) ;
#1375 = CARTESIAN_POINT ( 'NONE',  ( 1601.999999999999773, -1397.000000000000000, 1249.000000000000000 ) ) ;
#1376 = AXIS2_PLACEMENT_3D ( 'NONE', #1302, #1219, #258 ) ;
#1377 = LINE ( 'NONE', #444, #389 ) ;
#1378 = ADVANCED_FACE ( 'NONE', ( #989 ), #507, .T. ) ;
#1379 = LINE ( 'NONE', #1115, #1704 ) ;
#1380 = CARTESIAN_POINT ( 'NONE',  ( 1627.000000000000000, -1377.000000000000000, 1081.290926197000090 ) ) ;
#1381 = ORIENTED_EDGE ( 'NONE', *, *, #693, .F. ) ;
#1382 = ORIENTED_EDGE ( 'NONE', *, *, #793, .T. ) ;
#1383 = CARTESIAN_POINT ( 'NONE',  ( 1602.000262687000031, -1347.000000000000000, 1106.290926197000090 ) ) ;
#1384 = VERTEX_POINT ( 'NONE', #1371 ) ;
#1385 = DIRECTION ( 'NONE',  ( 1.000000000000000000, 0.000000000000000000, 0.000000000000000000 ) ) ;
#1386 = CIRCLE ( 'NONE', #1255, 2.999999999999891642 ) ;
#1387 = DIRECTION ( 'NONE',  ( 0.000000000000000000, 0.000000000000000000, 1.000000000000000000 ) ) ;
#1388 = EDGE_CURVE ( 'NONE', #1215, #881, #1505, .T. ) ;
#1389 = FACE_OUTER_BOUND ( 'NONE', #1267, .T. ) ;
#1390 = ORIENTED_EDGE ( 'NONE', *, *, #221, .F. ) ;
#1391 = EDGE_CURVE ( 'NONE', #1604, #741, #1000, .T. ) ;
#1392 = VECTOR ( 'NONE', #368, 1000.000000000000000 ) ;
#1393 = DIRECTION ( 'NONE',  ( -0.000000000000000000, 1.000000000000000000, -0.000000000000000000 ) ) ;
#1394 = VECTOR ( 'NONE', #1287, 1000.000000000000000 ) ;
#1395 = CARTESIAN_POINT ( 'NONE',  ( 1602.000262687000031, -1347.000000000000000, 1056.290926196999862 ) ) ;
#1396 = DIRECTION ( 'NONE',  ( 1.000000000000000000, 0.000000000000000000, 0.000000000000000000 ) ) ;
#1397 = CARTESIAN_POINT ( 'NONE',  ( 1602.000262687000031, -1347.000000000000000, 1056.290926196999862 ) ) ;
#1398 = PRESENTATION_STYLE_ASSIGNMENT (( #884 ) ) ;
#1399 =( NAMED_UNIT ( * ) PLANE_ANGLE_UNIT ( ) SI_UNIT ( $, .RADIAN. ) );
#1400 = ORIENTED_EDGE ( 'NONE', *, *, #492, .F. ) ;
#1401 = EDGE_CURVE ( 'NONE', #179, #104, #1428, .T. ) ;
#1402 = CARTESIAN_POINT ( 'NONE',  ( 1577.000000000000000, -1371.734290676067985, 1249.000000000000000 ) ) ;
#1403 =( GEOMETRIC_REPRESENTATION_CONTEXT ( 3 ) GLOBAL_UNCERTAINTY_ASSIGNED_CONTEXT ( ( #408 ) ) GLOBAL_UNIT_ASSIGNED_CONTEXT ( ( #285, #1351, #986 ) ) REPRESENTATION_CONTEXT ( 'NONE', 'WORKASPACE' ) );
#1404 = DIRECTION ( 'NONE',  ( 0.000000000000000000, 0.000000000000000000, 1.000000000000000000 ) ) ;
#1405 = DIRECTION ( 'NONE',  ( 0.000000000000000000, 1.000000000000000000, 0.000000000000000000 ) ) ;
#1406 = DIRECTION ( 'NONE',  ( 1.000000000000000000, 0.000000000000000000, 0.000000000000000000 ) ) ;
#1407 = SURFACE_STYLE_FILL_AREA ( #94 ) ;
#1408 = VECTOR ( 'NONE', #978, 1000.000000000000000 ) ;
#1409 = MECHANICAL_DESIGN_GEOMETRIC_PRESENTATION_REPRESENTATION (  '', ( #1037 ), #1461 ) ;
#1410 = ORIENTED_EDGE ( 'NONE', *, *, #288, .T. ) ;
#1411 = CARTESIAN_POINT ( 'NONE',  ( 1624.000000000000000, -1391.000000000000000, 1249.000000000000000 ) ) ;
#1412 = DIRECTION ( 'NONE',  ( 0.000000000000000000, -1.000000000000000000, 0.000000000000000000 ) ) ;
#1413 = DIRECTION ( 'NONE',  ( -1.000000000000000000, 0.000000000000000000, 0.000000000000000000 ) ) ;
#1414 = ORIENTED_EDGE ( 'NONE', *, *, #1317, .T. ) ;
#1415 = CYLINDRICAL_SURFACE ( 'NONE', #31, 2.999999999999891642 ) ;
#1416 = ORIENTED_EDGE ( 'NONE', *, *, #782, .F. ) ;
#1417 = LINE ( 'NONE', #638, #587 ) ;
#1418 = FILL_AREA_STYLE_COLOUR ( '', #1686 ) ;
#1419 = LINE ( 'NONE', #596, #772 ) ;
#1420 = EDGE_CURVE ( 'NONE', #45, #418, #1140, .T. ) ;
#1421 = DIRECTION ( 'NONE',  ( 0.000000000000000000, -1.000000000000000000, 0.000000000000000000 ) ) ;
#1422 = ORIENTED_EDGE ( 'NONE', *, *, #908, .T. ) ;
#1423 = AXIS2_PLACEMENT_3D ( 'NONE', #918, #1429, #257 ) ;
#1424 = EDGE_LOOP ( 'NONE', ( #1475, #1499 ) ) ;
#1425 = DIRECTION ( 'NONE',  ( 1.000000000000000000, 0.000000000000000000, 0.000000000000000000 ) ) ;
#1426 = VERTEX_POINT ( 'NONE', #1027 ) ;
#1427 = CARTESIAN_POINT ( 'NONE',  ( 1612.000000000000000, -1394.000000000000000, 1042.000000000000000 ) ) ;
#1428 = CIRCLE ( 'NONE', #752, 2.000000000000001776 ) ;
#1429 = DIRECTION ( 'NONE',  ( 0.000000000000000000, 1.000000000000000000, 0.000000000000000000 ) ) ;
#1430 = EDGE_CURVE ( 'NONE', #1612, #1587, #373, .T. ) ;
#1431 = VERTEX_POINT ( 'NONE', #215 ) ;
#1432 = CARTESIAN_POINT ( 'NONE',  ( 1602.000262687000031, -1394.000000000000000, 1056.290926196999862 ) ) ;
#1433 = ORIENTED_EDGE ( 'NONE', *, *, #920, .F. ) ;
#1434 = VECTOR ( 'NONE', #214, 1000.000000000000000 ) ;
#1435 = CARTESIAN_POINT ( 'NONE',  ( 1602.000262687000031, -1397.000000000000000, 1106.290926197000090 ) ) ;
#1436 = AXIS2_PLACEMENT_3D ( 'NONE', #885, #207, #1413 ) ;
#1437 = CARTESIAN_POINT ( 'NONE',  ( 1627.000000000000000, -1353.000000000000000, 1042.000000000000000 ) ) ;
#1438 = CARTESIAN_POINT ( 'NONE',  ( 1621.000000000000000, -1391.000000000000000, 1249.000000000000000 ) ) ;
#1439 = DIRECTION ( 'NONE',  ( 1.000000000000000000, 0.000000000000000000, 0.000000000000000000 ) ) ;
#1440 = EDGE_CURVE ( 'NONE', #632, #89, #603, .T. ) ;
#1441 = ORIENTED_EDGE ( 'NONE', *, *, #505, .F. ) ;
#1442 = DIRECTION ( 'NONE',  ( 0.000000000000000000, 1.000000000000000000, 0.000000000000000000 ) ) ;
#1443 = ORIENTED_EDGE ( 'NONE', *, *, #768, .T. ) ;
#1444 = EDGE_CURVE ( 'NONE', #1587, #1612, #836, .T. ) ;
#1445 = LINE ( 'NONE', #1189, #1182 ) ;
#1446 = AXIS2_PLACEMENT_3D ( 'NONE', #254, #915, #1168 ) ;
#1447 = DIRECTION ( 'NONE',  ( 0.000000000000000000, 0.000000000000000000, -1.000000000000000000 ) ) ;
#1448 = AXIS2_PLACEMENT_3D ( 'NONE', #1397, #1163, #74 ) ;
#1449 = CARTESIAN_POINT ( 'NONE',  ( 1580.000000000000000, -1371.734290676067985, 1249.000000000000000 ) ) ;
#1450 = ORIENTED_EDGE ( 'NONE', *, *, #320, .F. ) ;
#1451 = ORIENTED_EDGE ( 'NONE', *, *, #920, .T. ) ;
#1452 = EDGE_CURVE ( 'NONE', #581, #931, #222, .T. ) ;
#1453 = VECTOR ( 'NONE', #887, 1000.000000000000000 ) ;
#1454 = DIRECTION ( 'NONE',  ( -1.000000000000000000, 0.000000000000000000, 0.000000000000000000 ) ) ;
#1455 = CARTESIAN_POINT ( 'NONE',  ( 1577.000000000000000, -1391.000000000000000, 1042.000000000000000 ) ) ;
#1456 = FILL_AREA_STYLE_COLOUR ( '', #1087 ) ;
#1457 = CARTESIAN_POINT ( 'NONE',  ( 1624.000000000000000, -1353.000000000000000, 1249.000000000000000 ) ) ;
#1458 = VERTEX_POINT ( 'NONE', #1647 ) ;
#1459 = VERTEX_POINT ( 'NONE', #748 ) ;
#1460 = AXIS2_PLACEMENT_3D ( 'NONE', #49, #156, #446 ) ;
#1461 =( GEOMETRIC_REPRESENTATION_CONTEXT ( 3 ) GLOBAL_UNCERTAINTY_ASSIGNED_CONTEXT ( ( #26 ) ) GLOBAL_UNIT_ASSIGNED_CONTEXT ( ( #358, #1399, #1282 ) ) REPRESENTATION_CONTEXT ( 'NONE', 'WORKASPACE' ) );
#1462 = CARTESIAN_POINT ( 'NONE',  ( 1580.223519831012027, -1351.855600671764478, 1248.944586913849889 ) ) ;
#1463 = CARTESIAN_POINT ( 'NONE',  ( 2742.000000000000000, -1350.000000000000000, -250.0000000000000000 ) ) ;
#1464 = EDGE_CURVE ( 'NONE', #493, #816, #338, .T. ) ;
#1465 = CARTESIAN_POINT ( 'NONE',  ( 1651.000000000000000, -1371.734290676067985, 1249.000000000000000 ) ) ;
#1466 = ORIENTED_EDGE ( 'NONE', *, *, #1326, .T. ) ;
#1467 = ORIENTED_EDGE ( 'NONE', *, *, #1444, .F. ) ;
#1468 = DIRECTION ( 'NONE',  ( 0.000000000000000000, -1.000000000000000000, 0.000000000000000000 ) ) ;
#1469 = CARTESIAN_POINT ( 'NONE',  ( 1580.000000000000000, -1353.000000000000000, 1042.000000000000000 ) ) ;
#1470 = ADVANCED_FACE ( 'NONE', ( #1657 ), #631, .F. ) ;
#1471 = DIRECTION ( 'NONE',  ( 1.000000000000000000, 0.000000000000000000, 0.000000000000000000 ) ) ;
#1472 = CARTESIAN_POINT ( 'NONE',  ( 1577.000000000000000, -1363.500000000000000, 1159.000000000000000 ) ) ;
#1473 = APPLICATION_CONTEXT ( 'automotive_design' ) ;
#1474 = ORIENTED_EDGE ( 'NONE', *, *, #1078, .T. ) ;
#1475 = ORIENTED_EDGE ( 'NONE', *, *, #821, .F. ) ;
#1476 = FACE_OUTER_BOUND ( 'NONE', #939, .T. ) ;
#1477 = CIRCLE ( 'NONE', #345, 4.999999999999893419 ) ;
#1478 = PRESENTATION_STYLE_ASSIGNMENT (( #275 ) ) ;
#1479 = DIRECTION ( 'NONE',  ( 0.000000000000000000, 0.000000000000000000, -1.000000000000000000 ) ) ;
#1480 = AXIS2_PLACEMENT_3D ( 'NONE', #206, #763, #1518 ) ;
#1481 = DIRECTION ( 'NONE',  ( -0.9910712498212257415, 0.1333333333333922011, 0.000000000000000000 ) ) ;
#1482 = AXIS2_PLACEMENT_3D ( 'NONE', #1588, #757, #1641 ) ;
#1483 = DIRECTION ( 'NONE',  ( -1.000000000000000000, 0.000000000000000000, 0.000000000000000000 ) ) ;
#1484 = ORIENTED_EDGE ( 'NONE', *, *, #7, .F. ) ;
#1485 = DIRECTION ( 'NONE',  ( 1.000000000000000000, 0.000000000000000000, 0.000000000000000000 ) ) ;
#1486 = AXIS2_PLACEMENT_3D ( 'NONE', #260, #1312, #815 ) ;
#1487 = CARTESIAN_POINT ( 'NONE',  ( 1627.000000000000000, -1391.000000000000000, 1249.000000000000000 ) ) ;
#1488 = VECTOR ( 'NONE', #1074, 1000.000000000000000 ) ;
#1489 = DIRECTION ( 'NONE',  ( 0.000000000000000000, 0.000000000000000000, -1.000000000000000000 ) ) ;
#1490 = CARTESIAN_POINT ( 'NONE',  ( 1602.000262687000031, -1347.000000000000000, 1056.290926196999862 ) ) ;
#1491 = DIRECTION ( 'NONE',  ( -1.000000000000000000, 0.000000000000000000, 0.000000000000000000 ) ) ;
#1492 = VERTEX_POINT ( 'NONE', #1154 ) ;
#1493 = ADVANCED_FACE ( 'NONE', ( #1672 ), #1513, .T. ) ;
#1494 = SURFACE_STYLE_FILL_AREA ( #983 ) ;
#1495 = DIRECTION ( 'NONE',  ( -1.000000000000000000, 0.000000000000000000, 0.000000000000000000 ) ) ;
#1496 = FACE_OUTER_BOUND ( 'NONE', #1276, .T. ) ;
#1497 = DIRECTION ( 'NONE',  ( 1.000000000000000000, 0.000000000000000000, 0.000000000000000000 ) ) ;
#1498 = COLOUR_RGB ( '',0.6274509803921568540, 0.6274509803921568540, 0.6431372549019607199 ) ;
#1499 = ORIENTED_EDGE ( 'NONE', *, *, #1655, .F. ) ;
#1500 = CARTESIAN_POINT ( 'NONE',  ( 1607.000262686999804, -1394.000000000000000, 1106.290926197000090 ) ) ;
#1501 = ADVANCED_FACE ( 'NONE', ( #1274 ), #67, .T. ) ;
#1502 =( NAMED_UNIT ( * ) PLANE_ANGLE_UNIT ( ) SI_UNIT ( $, .RADIAN. ) );
#1503 = FACE_OUTER_BOUND ( 'NONE', #1688, .T. ) ;
#1504 = CARTESIAN_POINT ( 'NONE',  ( 1597.000262687000031, -1347.000000000000000, 1106.290926197000090 ) ) ;
#1505 = LINE ( 'NONE', #560, #1341 ) ;
#1506 = ORIENTED_EDGE ( 'NONE', *, *, #51, .F. ) ;
#1507 = ORIENTED_EDGE ( 'NONE', *, *, #1357, .T. ) ;
#1508 = LINE ( 'NONE', #325, #832 ) ;
#1509 = FILL_AREA_STYLE ('',( #899 ) ) ;
#1510 = PRODUCT_RELATED_PRODUCT_CATEGORY ( 'part', '', ( #250 ) ) ;
#1511 = CARTESIAN_POINT ( 'NONE',  ( 1582.799999999999955, -1352.785786437626712, 1248.414213562373334 ) ) ;
#1512 = ADVANCED_FACE ( 'NONE', ( #1525 ), #347, .F. ) ;
#1513 = CYLINDRICAL_SURFACE ( 'NONE', #1348, 6.000000000000005329 ) ;
#1514 = ORIENTED_EDGE ( 'NONE', *, *, #877, .T. ) ;
#1515 = AXIS2_PLACEMENT_3D ( 'NONE', #395, #917, #787 ) ;
#1516 = ORIENTED_EDGE ( 'NONE', *, *, #646, .T. ) ;
#1517 = DIRECTION ( 'NONE',  ( 0.000000000000000000, 0.000000000000000000, -1.000000000000000000 ) ) ;
#1518 = DIRECTION ( 'NONE',  ( 0.000000000000000000, 0.000000000000000000, -1.000000000000000000 ) ) ;
#1519 = EDGE_CURVE ( 'NONE', #627, #702, #198, .T. ) ;
#1520 = EDGE_LOOP ( 'NONE', ( #1507, #1337, #948, #1711, #133, #925, #1222, #217, #97, #1556, #501, #1228 ) ) ;
#1521 = FILL_AREA_STYLE_COLOUR ( '', #725 ) ;
#1522 = PLANE ( 'NONE',  #136 ) ;
#1523 = VECTOR ( 'NONE', #129, 1000.000000000000000 ) ;
#1524 = PLANE ( 'NONE',  #1336 ) ;
#1525 = FACE_OUTER_BOUND ( 'NONE', #1603, .T. ) ;
#1526 = CARTESIAN_POINT ( 'NONE',  ( 1598.666666633032946, -1394.000000000000227, 1026.000000080069185 ) ) ;
#1527 = PRODUCT_DEFINITION ( 'Î´Öª', '', #281, #825 ) ;
#1528 = ORIENTED_EDGE ( 'NONE', *, *, #162, .T. ) ;
#1529 =( LENGTH_UNIT ( ) NAMED_UNIT ( * ) SI_UNIT ( .MILLI., .METRE. ) );
#1530 = ADVANCED_FACE ( 'NONE', ( #671, #121, #919 ), #1569, .F. ) ;
#1531 = AXIS2_PLACEMENT_3D ( 'NONE', #840, #310, #575 ) ;
#1532 =( NAMED_UNIT ( * ) PLANE_ANGLE_UNIT ( ) SI_UNIT ( $, .RADIAN. ) );
#1533 = CARTESIAN_POINT ( 'NONE',  ( 1627.000000000000000, -1367.000000000000000, 1081.290926197000090 ) ) ;
#1534 = CARTESIAN_POINT ( 'NONE',  ( 1602.000262687000031, -1397.000000000000000, 1056.290926196999862 ) ) ;
#1535 = DIRECTION ( 'NONE',  ( 0.000000000000000000, 0.000000000000000000, -1.000000000000000000 ) ) ;
#1536 =( GEOMETRIC_REPRESENTATION_CONTEXT ( 3 ) GLOBAL_UNCERTAINTY_ASSIGNED_CONTEXT ( ( #1651 ) ) GLOBAL_UNIT_ASSIGNED_CONTEXT ( ( #1553, #797, #405 ) ) REPRESENTATION_CONTEXT ( 'NONE', 'WORKASPACE' ) );
#1537 = CARTESIAN_POINT ( 'NONE',  ( 1582.799999999999955, -1353.500000000000000, 1239.214718625999922 ) ) ;
#1538 = EDGE_LOOP ( 'NONE', ( #34, #879, #43, #1258 ) ) ;
#1539 = ADVANCED_FACE ( 'NONE', ( #651 ), #1708, .T. ) ;
#1540 = DIRECTION ( 'NONE',  ( -1.000000000000000000, 0.000000000000000000, 0.000000000000000000 ) ) ;
#1541 = APPLICATION_PROTOCOL_DEFINITION ( 'draft international standard', 'automotive_design', 1998, #1473 ) ;
#1542 = MECHANICAL_DESIGN_GEOMETRIC_PRESENTATION_REPRESENTATION (  '', ( #54 ), #1151 ) ;
#1543 = CARTESIAN_POINT ( 'NONE',  ( 1597.000262686999804, -1394.000000000000000, 1056.290926196999862 ) ) ;
#1544 = DIRECTION ( 'NONE',  ( 0.000000000000000000, 0.000000000000000000, -1.000000000000000000 ) ) ;
#1545 = VERTEX_POINT ( 'NONE', #944 ) ;
#1546 = EDGE_LOOP ( 'NONE', ( #1450, #1638, #645, #59, #1667, #383, #335, #428, #1158, #376, #1630, #261, #637, #203, #1673, #510, #723, #142 ) ) ;
#1547 = CARTESIAN_POINT ( 'NONE',  ( 1580.000000000000000, -1357.742640688949905, 1243.457359311129949 ) ) ;
#1548 = ORIENTED_EDGE ( 'NONE', *, *, #1295, .F. ) ;
#1549 = CARTESIAN_POINT ( 'NONE',  ( 1577.000000000000000, -1393.500000000000000, 1229.385974405999832 ) ) ;
#1550 = EDGE_CURVE ( 'NONE', #1364, #1705, #98, .T. ) ;
#1551 = DIRECTION ( 'NONE',  ( 1.000000000000000000, 0.000000000000000000, 0.000000000000000000 ) ) ;
#1552 = COLOUR_RGB ( '',0.6274509803921568540, 0.6274509803921568540, 0.6431372549019607199 ) ;
#1553 =( LENGTH_UNIT ( ) NAMED_UNIT ( * ) SI_UNIT ( .MILLI., .METRE. ) );
#1554 = ORIENTED_EDGE ( 'NONE', *, *, #1279, .F. ) ;
#1555 = CARTESIAN_POINT ( 'NONE',  ( 1583.000000000000000, -1353.000000000000000, 1249.000000000000000 ) ) ;
#1556 = ORIENTED_EDGE ( 'NONE', *, *, #1066, .F. ) ;
#1557 = AXIS2_PLACEMENT_3D ( 'NONE', #1534, #92, #1662 ) ;
#1558 = CARTESIAN_POINT ( 'NONE',  ( 1577.000000000000000, -1377.000000000000000, 1081.290926197000090 ) ) ;
#1559 = PRESENTATION_LAYER_ASSIGNMENT (  '', '', ( #154 ) ) ;
#1560 =( NAMED_UNIT ( * ) SI_UNIT ( $, .STERADIAN. ) SOLID_ANGLE_UNIT ( ) );
#1561 = EDGE_CURVE ( 'NONE', #1167, #996, #662, .T. ) ;
#1562 = CARTESIAN_POINT ( 'NONE',  ( 1577.000000000000000, -1359.500000000000000, 1239.214718625999922 ) ) ;
#1563 = EDGE_LOOP ( 'NONE', ( #53, #1303, #1390, #262 ) ) ;
#1564 = CARTESIAN_POINT ( 'NONE',  ( 1580.000000000000000, -1363.500000000000000, 1229.385974405999832 ) ) ;
#1565 = VERTEX_POINT ( 'NONE', #1191 ) ;
#1566 = LINE ( 'NONE', #1071, #1120 ) ;
#1567 = COLOUR_RGB ( '',0.6274509803921568540, 0.6274509803921568540, 0.6431372549019607199 ) ;
#1568 = CARTESIAN_POINT ( 'NONE',  ( 1651.000000000000000, -1351.371572875253605, 1249.000000000000000 ) ) ;
#1569 = PLANE ( 'NONE',  #1035 ) ;
#1570 = SURFACE_STYLE_FILL_AREA ( #673 ) ;
#1571 = EDGE_CURVE ( 'NONE', #418, #391, #1694, .T. ) ;
#1572 = AXIS2_PLACEMENT_3D ( 'NONE', #303, #412, #968 ) ;
#1573 = ORIENTED_EDGE ( 'NONE', *, *, #221, .T. ) ;
#1574 = ORIENTED_EDGE ( 'NONE', *, *, #897, .F. ) ;
#1575 = DIRECTION ( 'NONE',  ( 0.000000000000000000, 0.000000000000000000, -1.000000000000000000 ) ) ;
#1576 = AXIS2_PLACEMENT_3D ( 'NONE', #1305, #124, #167 ) ;
#1577 = LINE ( 'NONE', #396, #1104 ) ;
#1578 = DIRECTION ( 'NONE',  ( 0.000000000000000000, 0.000000000000000000, -1.000000000000000000 ) ) ;
#1579 = CARTESIAN_POINT ( 'NONE',  ( 1580.000000000000000, -1377.000000000000000, 1081.290926197000090 ) ) ;
#1580 = ORIENTED_EDGE ( 'NONE', *, *, #1214, .F. ) ;
#1581 = ORIENTED_EDGE ( 'NONE', *, *, #452, .F. ) ;
#1582 = MECHANICAL_DESIGN_GEOMETRIC_PRESENTATION_REPRESENTATION (  '', ( #1085 ), #429 ) ;
#1583 = CARTESIAN_POINT ( 'NONE',  ( 1577.003825173521363, -1352.785786437626712, 1248.414213562373334 ) ) ;
#1584 = SURFACE_STYLE_FILL_AREA ( #813 ) ;
#1585 = CYLINDRICAL_SURFACE ( 'NONE', #1275, 4.999999999999893419 ) ;
#1586 = EDGE_LOOP ( 'NONE', ( #719, #790, #1451, #974 ) ) ;
#1587 = VERTEX_POINT ( 'NONE', #1198 ) ;
#1588 = CARTESIAN_POINT ( 'NONE',  ( 1602.000262687000031, -1394.000000000000000, 1106.290926197000090 ) ) ;
#1589 = AXIS2_PLACEMENT_3D ( 'NONE', #831, #841, #849 ) ;
#1590 = ADVANCED_FACE ( 'NONE', ( #380 ), #524, .F. ) ;
#1591 = CIRCLE ( 'NONE', #874, 4.999999999999893419 ) ;
#1592 = CARTESIAN_POINT ( 'NONE',  ( 1651.000000000000000, -1482.000000000000000, 1042.000000000000000 ) ) ;
#1593 = DIRECTION ( 'NONE',  ( 0.000000000000000000, 0.000000000000000000, 1.000000000000000000 ) ) ;
#1594 = ORIENTED_EDGE ( 'NONE', *, *, #461, .F. ) ;
#1595 = VERTEX_POINT ( 'NONE', #2 ) ;
#1596 = UNCERTAINTY_MEASURE_WITH_UNIT (LENGTH_MEASURE( 1.000000000000000082E-05 ), #85, 'distance_accuracy_value', 'NONE');
#1597 = SURFACE_SIDE_STYLE ('',( #1494 ) ) ;
#1598 = PLANE ( 'NONE',  #1531 ) ;
#1599 = CIRCLE ( 'NONE', #420, 2.999999999999891642 ) ;
#1600 = CARTESIAN_POINT ( 'NONE',  ( 1607.000262686999804, -1347.000000000000000, 1056.290926196999862 ) ) ;
#1601 = CARTESIAN_POINT ( 'NONE',  ( 1592.000000000069122, -1394.000000000000000, 1042.000000000028649 ) ) ;
#1602 = COLOUR_RGB ( '',0.6274509803921568540, 0.6274509803921568540, 0.6431372549019607199 ) ;
#1603 = EDGE_LOOP ( 'NONE', ( #781, #551, #1136, #87, #1685, #1422, #468, #732, #1690, #1329, #1201, #1015 ) ) ;
#1604 = VERTEX_POINT ( 'NONE', #372 ) ;
#1605 = VECTOR ( 'NONE', #584, 1000.000000000000000 ) ;
#1606 = CYLINDRICAL_SURFACE ( 'NONE', #590, 4.999999999999893419 ) ;
#1607 = CARTESIAN_POINT ( 'NONE',  ( 1598.666666667820664, -1347.000000000000000, 1025.999999999950205 ) ) ;
#1608 = CARTESIAN_POINT ( 'NONE',  ( 1580.000000000000000, -1371.734290676067985, 1247.000000000000000 ) ) ;
#1609 = ADVANCED_FACE ( 'NONE', ( #1065 ), #267, .F. ) ;
#1610 = AXIS2_PLACEMENT_3D ( 'NONE', #138, #688, #11 ) ;
#1611 = ORIENTED_EDGE ( 'NONE', *, *, #693, .T. ) ;
#1612 = VERTEX_POINT ( 'NONE', #806 ) ;
#1613 = FACE_OUTER_BOUND ( 'NONE', #519, .T. ) ;
#1614 = CIRCLE ( 'NONE', #1007, 2.999999999999891642 ) ;
#1615 = AXIS2_PLACEMENT_3D ( 'NONE', #1208, #1213, #390 ) ;
#1616 = FACE_OUTER_BOUND ( 'NONE', #552, .T. ) ;
#1617 = CARTESIAN_POINT ( 'NONE',  ( 1592.000000000000000, -1482.000000000000000, 1042.000000000000000 ) ) ;
#1618 = ORIENTED_EDGE ( 'NONE', *, *, #1444, .T. ) ;
#1619 = EDGE_CURVE ( 'NONE', #1492, #1006, #130, .T. ) ;
#1620 = MANIFOLD_SOLID_BREP ( 'Ô²½Ç1', #474 ) ;
#1621 = AXIS2_PLACEMENT_3D ( 'NONE', #1395, #80, #220 ) ;
#1622 = FILL_AREA_STYLE ('',( #1521 ) ) ;
#1623 = EDGE_LOOP ( 'NONE', ( #407, #14, #1574, #508 ) ) ;
#1624 = DIRECTION ( 'NONE',  ( 1.000000000000000000, 0.000000000000000000, 0.000000000000000000 ) ) ;
#1625 = CARTESIAN_POINT ( 'NONE',  ( 1577.045553028635595, -1352.251933758854875, 1248.800602253638999 ) ) ;
#1626 = DIRECTION ( 'NONE',  ( 0.000000000000000000, -1.000000000000000000, 0.000000000000000000 ) ) ;
#1627 = DIRECTION ( 'NONE',  ( -1.000000000000000000, 0.000000000000000000, 0.000000000000000000 ) ) ;
#1628 = ORIENTED_EDGE ( 'NONE', *, *, #580, .T. ) ;
#1629 = VECTOR ( 'NONE', #924, 1000.000000000000000 ) ;
#1630 = ORIENTED_EDGE ( 'NONE', *, *, #139, .T. ) ;
#1631 = CYLINDRICAL_SURFACE ( 'NONE', #233, 6.000000000000005329 ) ;
#1632 = VECTOR ( 'NONE', #1054, 1000.000000000000000 ) ;
#1633 = ADVANCED_FACE ( 'NONE', ( #1098 ), #146, .T. ) ;
#1634 = DIRECTION ( 'NONE',  ( 0.000000000000000000, -1.000000000000000000, 0.000000000000000000 ) ) ;
#1635 = CARTESIAN_POINT ( 'NONE',  ( 0.000000000000000000, 0.000000000000000000, 0.000000000000000000 ) ) ;
#1636 = LINE ( 'NONE', #767, #423 ) ;
#1637 = CARTESIAN_POINT ( 'NONE',  ( 1583.000000000000000, -1347.000000000000227, 1249.000000000000000 ) ) ;
#1638 = ORIENTED_EDGE ( 'NONE', *, *, #505, .T. ) ;
#1639 = EDGE_LOOP ( 'NONE', ( #1677, #1618, #1594, #1355 ) ) ;
#1640 = VECTOR ( 'NONE', #397, 1000.000000000000000 ) ;
#1641 = DIRECTION ( 'NONE',  ( 0.000000000000000000, 0.000000000000000000, -1.000000000000000000 ) ) ;
#1642 = ORIENTED_EDGE ( 'NONE', *, *, #1117, .F. ) ;
#1643 = CYLINDRICAL_SURFACE ( 'NONE', #901, 4.999999999999893419 ) ;
#1644 = ADVANCED_FACE ( 'NONE', ( #557, #1503 ), #1598, .T. ) ;
#1645 =( GEOMETRIC_REPRESENTATION_CONTEXT ( 3 ) GLOBAL_UNCERTAINTY_ASSIGNED_CONTEXT ( ( #1014 ) ) GLOBAL_UNIT_ASSIGNED_CONTEXT ( ( #1045, #820, #1333 ) ) REPRESENTATION_CONTEXT ( 'NONE', 'WORKASPACE' ) );
#1646 = CIRCLE ( 'NONE', #161, 2.000000000000001776 ) ;
#1647 = CARTESIAN_POINT ( 'NONE',  ( 1624.000000000000000, -1391.000000000000000, 1249.000000000000000 ) ) ;
#1648 = VECTOR ( 'NONE', #539, 1000.000000000000000 ) ;
#1649 = FILL_AREA_STYLE ('',( #878 ) ) ;
#1650 = VECTOR ( 'NONE', #1497, 1000.000000000000000 ) ;
#1651 = UNCERTAINTY_MEASURE_WITH_UNIT (LENGTH_MEASURE( 1.000000000000000082E-05 ), #1553, 'distance_accuracy_value', 'NONE');
#1652 = ORIENTED_EDGE ( 'NONE', *, *, #39, .T. ) ;
#1653 = CYLINDRICAL_SURFACE ( 'NONE', #317, 4.999999999999893419 ) ;
#1654 = CIRCLE ( 'NONE', #851, 4.999999999999893419 ) ;
#1655 = EDGE_CURVE ( 'NONE', #1356, #391, #1654, .T. ) ;
#1656 = DIRECTION ( 'NONE',  ( 0.000000000000000000, 0.000000000000000000, -1.000000000000000000 ) ) ;
#1657 = FACE_OUTER_BOUND ( 'NONE', #1285, .T. ) ;
#1658 = EDGE_CURVE ( 'NONE', #1215, #35, #249, .T. ) ;
#1659 = ORIENTED_EDGE ( 'NONE', *, *, #1440, .T. ) ;
#1660 = DIRECTION ( 'NONE',  ( 0.000000000000000000, 1.000000000000000000, 0.000000000000000000 ) ) ;
#1661 = VERTEX_POINT ( 'NONE', #319 ) ;
#1662 = DIRECTION ( 'NONE',  ( 0.000000000000000000, 0.000000000000000000, -1.000000000000000000 ) ) ;
#1663 = CIRCLE ( 'NONE', #945, 4.999999999999893419 ) ;
#1664 = EDGE_CURVE ( 'NONE', #102, #677, #1377, .T. ) ;
#1665 = EDGE_LOOP ( 'NONE', ( #1382, #1084, #700, #712, #1118, #495 ) ) ;
#1666 = CYLINDRICAL_SURFACE ( 'NONE', #173, 6.000000000000005329 ) ;
#1667 = ORIENTED_EDGE ( 'NONE', *, *, #1317, .F. ) ;
#1668 = CIRCLE ( 'NONE', #294, 4.999999999999893419 ) ;
#1669 = PRESENTATION_STYLE_ASSIGNMENT (( #1161 ) ) ;
#1670 = DIRECTION ( 'NONE',  ( 0.000000000000000000, 0.000000000000000000, 1.000000000000000000 ) ) ;
#1671 = DIRECTION ( 'NONE',  ( 0.000000000000000000, 0.000000000000000000, -1.000000000000000000 ) ) ;
#1672 = FACE_OUTER_BOUND ( 'NONE', #193, .T. ) ;
#1673 = ORIENTED_EDGE ( 'NONE', *, *, #1550, .F. ) ;
#1674 = CARTESIAN_POINT ( 'NONE',  ( 1597.000262687000031, -1350.000000000000000, 1056.290926196999862 ) ) ;
#1675 = VECTOR ( 'NONE', #304, 1000.000000000000000 ) ;
#1676 = STYLED_ITEM ( 'NONE', ( #1155 ), #72 ) ;
#1677 = ORIENTED_EDGE ( 'NONE', *, *, #768, .F. ) ;
#1678 = EDGE_CURVE ( 'NONE', #1323, #1040, #1358, .T. ) ;
#1679 = DIRECTION ( 'NONE',  ( 1.000000000000000000, 0.000000000000000000, 0.000000000000000000 ) ) ;
#1680 = VECTOR ( 'NONE', #126, 1000.000000000000000 ) ;
#1681 = EDGE_LOOP ( 'NONE', ( #6, #665, #1077, #1210, #95, #765 ) ) ;
#1682 = DIRECTION ( 'NONE',  ( 0.000000000000000000, 1.000000000000000000, 0.000000000000000000 ) ) ;
#1683 = PRESENTATION_LAYER_ASSIGNMENT (  '', '', ( #448 ) ) ;
#1684 = SURFACE_SIDE_STYLE ('',( #1281 ) ) ;
#1685 = ORIENTED_EDGE ( 'NONE', *, *, #1678, .F. ) ;
#1686 = COLOUR_RGB ( '',1.000000000000000000, 1.000000000000000000, 1.000000000000000000 ) ;
#1687 = SURFACE_STYLE_USAGE ( .BOTH. , #681 ) ;
#1688 = EDGE_LOOP ( 'NONE', ( #226, #1313, #406, #1050, #641, #359, #598, #5, #392, #562, #15 ) ) ;
#1689 = CARTESIAN_POINT ( 'NONE',  ( 1580.000000000000000, -1353.000000000000000, 1042.000000000000000 ) ) ;
#1690 = ORIENTED_EDGE ( 'NONE', *, *, #726, .F. ) ;
#1691 = CARTESIAN_POINT ( 'NONE',  ( 1616.500000000015007, -1397.000000000000000, 1042.000000000000000 ) ) ;
#1692 = EDGE_CURVE ( 'NONE', #1169, #1103, #466, .T. ) ;
#1693 = LINE ( 'NONE', #515, #1632 ) ;
#1694 = LINE ( 'NONE', #516, #892 ) ;
#1695 = LINE ( 'NONE', #1058, #1408 ) ;
#1696 = ORIENTED_EDGE ( 'NONE', *, *, #544, .F. ) ;
#1697 = DIRECTION ( 'NONE',  ( -0.000000000000000000, 1.000000000000000000, -0.000000000000000000 ) ) ;
#1698 = ORIENTED_EDGE ( 'NONE', *, *, #1550, .T. ) ;
#1699 = CARTESIAN_POINT ( 'NONE',  ( 1598.666666666470746, -1350.000000000000000, 1025.999999999949978 ) ) ;
#1700 = VECTOR ( 'NONE', #1183, 1000.000000000000000 ) ;
#1701 = CARTESIAN_POINT ( 'NONE',  ( 1577.000000000000000, -1353.000000000000000, 1248.199999999970032 ) ) ;
#1702 = EDGE_CURVE ( 'NONE', #1009, #131, #1089, .T. ) ;
#1703 = ORIENTED_EDGE ( 'NONE', *, *, #127, .F. ) ;
#1704 = VECTOR ( 'NONE', #1489, 1000.000000000000000 ) ;
#1705 = VERTEX_POINT ( 'NONE', #567 ) ;
#1706 = CARTESIAN_POINT ( 'NONE',  ( 1605.333333333774362, -1350.000000000000000, 1026.000000000239652 ) ) ;
#1707 = DIRECTION ( 'NONE',  ( 0.000000000000000000, 0.000000000000000000, 1.000000000000000000 ) ) ;
#1708 = CYLINDRICAL_SURFACE ( 'NONE', #1376, 2.000000000000001776 ) ;
#1709 = CYLINDRICAL_SURFACE ( 'NONE', #1486, 2.999999999999891642 ) ;
#1710 = STYLED_ITEM ( 'NONE', ( #326 ), #151 ) ;
#1711 = ORIENTED_EDGE ( 'NONE', *, *, #982, .F. ) ;
#1712 = EDGE_LOOP ( 'NONE', ( #1046, #1123 ) ) ;
#1713 = DIRECTION ( 'NONE',  ( 0.000000000000000000, -1.000000000000000000, 0.000000000000000000 ) ) ;
ENDSEC;
END-ISO-10303-21;
